tree
version=v4
num_class=1
num_tree_per_iteration=1
label_index=0
max_feature_idx=15
objective=binary sigmoid:1
feature_names=atrPctZ atrPct rvol uniqueBuyers10m buySellRatio10m vol10m absorption dispFromBaseline dormancyHours tokenAgeMin tradesInMinute hourUtc dayOfWeek priorEpisodes prior2xEpisodes chainId
feature_infos=[-2.33541:7113.1700000000001] [0:2.8510200000000001] [1.92e-07:1486.5] [0:63] [0:3499.8099999999999] [3.1e-07:7368.2600000000002] [0:36.877699999999997] [-0.99085699999999999:239.56999999999999] [6:63.5167] [372:3885] [1:265] [0:23] [0:6] [0:4] [0:2] [0:1]
tree_sizes=2994 2972 2976 2884 2972 3197 3172 3185 2468 2898 3092 3085 3409 3407 3310 3211 3420 3393 3444 2893 3425 3423 3424 3102 3425 3427 3432 3427 3399 3427 3425 3421 3413 3220 3406 3110 3425 3411 3411 3403 3417 3430 3412 3414 3422 3423 3406 3312 3422 3422 3408 3406 3405 3429 3432

Tree=0
num_leaves=28
num_cat=0
split_feature=1 1 4 7 8 4 8 7 1 12 3 12 1 7 12 1 7 2 7 1 2 4 9 4 4 9 9
split_gain=273.018 86.4181 34.3542 18.1074 15.9001 9.57991 12.8737 8.62875 6.92352 6.2912 4.8693 9.73877 4.71559 3.58036 3.04466 5.17697 2.93216 2.38192 1.74567 1.5063 1.4408 2.07157 0.789159 0.933475 0.573183 1.24882 0.00578404
threshold=0.0088221450000000017 0.028418900000000004 11.933850000000001 0.033911000000000004 21.025000000000002 0.26947400000000005 17.141650000000002 -0.11709949999999998 0.006669790000000001 3.5000000000000004 3.5000000000000004 5.5000000000000009 0.0036621050000000001 0.028446650000000004 1.5000000000000002 0.0051561400000000009 0.035349600000000002 4.9491850000000008 0.012185250000000002 0.0052797850000000012 2.8700450000000006 0.10267750000000002 1211.5000000000002 1.0000000180025095e-35 1.2337600000000004 917.50000000000011 970.50000000000011
decision_type=2 2 2 2 2 2 2 2 2 2 2 2 2 2 2 2 2 2 2 2 2 2 2 2 2 2 2
left_child=3 2 4 12 7 -3 -7 -2 14 -4 13 -12 22 -9 -5 17 -6 -16 19 -14 -21 -22 23 26 -25 -26 -1
right_child=1 5 9 8 16 6 -8 10 -10 -11 11 -13 18 -15 15 -17 -18 -19 -20 20 21 -23 -24 24 25 -27 -28
leaf_value=-3.2304252233766877 -3.2097787532469222 -3.112695450287581 -2.9904950406920467 -3.2491564060297846 -3.2576093594868172 -2.8275618211425817 -3.0812330596348314 -3.0478320606909168 -3.1473078928717664 -3.1381530522986818 -3.1265093672426869 -3.2391210275217395 -3.2552350661315121 -3.1610002809493589 -3.14512997359807 -3.2526355654485952 -3.2004948195816518 -3.2116225099755575 -3.1997151535653203 -3.2456563064023478 -3.1865219673096501 -3.2388060886269852 -3.2644016995958287 -3.2637264784881568 -3.2572666294164248 -3.2187704197851241 -3.22179166399044
leaf_weight=3.0024194419384029 4.15149354934693 2.2240144014358512 2.9653525352478018 4.2997611761093122 3.8178913891315451 2.5205496549606323 2.4834827482700348 2.4093489348888415 3.5584230422973624 2.8541518151760101 4.299761176109314 2.4834827482700348 6.7461770176887539 2.7429510951042175 2.2610813081264496 2.2981482148170471 3.4472223222255707 2.5576165616512299 2.6688172817230216 3.4842892289161664 3.2989546954631805 2.4464158415794373 74.467415541410446 10.119265526533129 3.669623762369155 4.0773597359657288 2.2610813081264496
leaf_count=81 112 60 80 116 103 68 67 65 96 77 116 67 182 74 61 62 93 69 72 94 89 66 2009 273 99 110 61
internal_value=-3.2165 -3.09723 -3.14073 -3.25024 -3.17182 -2.95217 -2.90998 -3.14539 -3.19942 -3.04082 -3.12523 -3.16536 -3.25687 -3.08928 -3.21992 -3.2004 -3.23186 -3.17354 -3.23267 -3.23883 -3.22422 -3.20881 -3.26128 -3.24967 -3.25505 -3.23959 -3.22817
internal_weight=167.617 36.3997 29.1717 131.217 23.3522 7.22805 5.00403 16.087 14.975 5.8195 11.9355 6.78324 116.242 5.1523 11.4166 7.11685 7.26511 4.8187 18.6447 15.9758 9.22966 5.74537 97.5972 23.1297 17.8662 7.74698 5.2635
internal_count=4522 982 787 3540 630 195 135 434 404 157 322 183 3136 139 308 192 196 130 503 431 249 155 2633 624 482 209 142
is_linear=0
shrinkage=1


Tree=1
num_leaves=27
num_cat=0
split_feature=1 1 4 2 8 7 8 2 6 5 2 9 1 1 6 1 4 7 9 9 9 6 8 11 7 9
split_gain=203.331 64.5165 42.306 14.3585 12.4724 6.90758 5.19433 5.15259 6.00487 6.61734 10.7159 5.7779 4.4591 4.28208 4.01757 4.01618 2.43469 2.37092 3.67052 5.29406 0.799488 1.75654 0.781137 0.776378 0.395032 0.100868
threshold=0.006669790000000001 0.028418900000000004 9.3900050000000004 14.632400000000002 21.025000000000002 0.033911000000000004 9.7416650000000029 0.29176200000000002 0.033446850000000007 5.2836450000000008 11.908500000000002 1560.5000000000002 0.015411500000000002 0.0030192850000000005 0.023474300000000003 0.0036621050000000001 1.0162200000000003 -0.037632299999999994 1362.5000000000002 2264.5000000000005 1191.5000000000002 0.010661900000000002 9.9083350000000028 11.500000000000002 0.006104860000000001 2603.5000000000005
decision_type=2 2 2 2 2 2 2 2 2 2 2 2 2 2 2 2 2 2 2 2 2 2 2 2 2 2
left_child=5 2 4 -3 7 15 -4 -2 9 23 -11 -12 -10 -7 -15 20 -6 22 -19 -20 21 24 -17 -9 -1 -8
right_child=1 3 6 -5 16 13 25 8 12 10 11 -13 -14 14 -16 17 -18 18 19 -21 -22 -23 -24 -25 -26 -27
leaf_value=-0.042161477667231786 -0.014136488132481093 0.23925615900892439 0.054296552796907809 0.07279985394692888 -0.043870883101317558 0.047954732557970357 0.19213093021505992 -0.025994257858771852 0.13323873003700012 0.12725934846867976 0.051769632325792847 -0.037206794585741117 0.030778283396382479 -0.037479641764995124 0.026950710234537573 -0.0048246091632211134 0.0073082042371952621 -0.035702781345249554 0.074170594578065061 -0.019945403832388894 -0.047043064311970889 -0.0015200301897252977 -0.042450160535938558 0.007772296454243992 -0.015068117070238777 0.084411555369155622
leaf_weight=14.535170584917074 3.0042107813060346 6.2050357833504659 2.7746818065643293 3.008975937962532 5.4193860292434675 2.5205530002713195 3.9193296320736408 2.909555137157442 2.5182631388306609 2.3568769693374634 2.8707625307142735 2.4992649704217911 2.6445430815219879 6.0338745936751348 2.8246002942323685 2.2234125360846519 3.247785210609436 2.1938431486487371 2.1866856440901756 2.1842925772070885 71.285060331225395 3.9965494312345973 4.4634258784353733 2.37465825304389 3.1191421039402476 2.6734008528292179
leaf_count=404 77 136 67 66 149 67 95 75 65 61 74 65 68 165 76 61 87 60 60 60 2010 111 123 61 86 63
internal_value=-0.000801887 0.0844003 0.0536131 0.197347 0.0225559 -0.0363133 0.140844 0.0426693 0.052307 0.0301181 0.0569945 0.011019 0.0942658 0.000668532 -0.0162856 -0.0402455 -0.0259208 -0.0132376 0.00777511 0.0321815 -0.0439146 -0.0319921 -0.0321946 -0.0119979 -0.038439 0.16532
internal_weight=165.993 48.4267 39.2127 9.21401 29.8453 117.567 9.36741 21.1781 18.1739 13.0111 7.7269 5.37003 5.16281 11.379 8.85847 106.188 8.66717 13.2517 6.56482 4.37098 92.9359 21.6509 6.68684 5.28421 17.6543 6.59273
internal_count=4492 1209 1007 202 782 3283 225 546 469 336 200 139 133 308 241 2975 236 364 180 120 2611 601 184 136 490 158
is_linear=0
shrinkage=0.05


Tree=2
num_leaves=27
num_cat=0
split_feature=7 7 9 12 6 6 0 5 8 0 3 0 11 7 10 7 5 8 8 7 0 9 0 7 7 8
split_gain=159.491 53.1622 26.2924 26.1933 22.3241 12.9088 12.7428 10.9774 10.6836 8.64567 9.98088 7.84023 7.11883 5.88975 3.07451 4.21687 1.50819 1.41802 1.303 0.927311 0.887027 4.67695 0.770832 0.18962 0.579191 0.1257
threshold=0.096820850000000014 -0.28403849999999992 1544.5000000000002 5.5000000000000009 0.16360600000000003 0.0065148350000000009 4.8992900000000015 0.99898000000000009 12.566650000000001 3.6853600000000006 3.5000000000000004 0.26661750000000006 10.500000000000002 0.18810600000000002 2.5000000000000004 0.021032250000000006 4.3602150000000011 8.7250000000000032 8.1416650000000015 0.03706845000000001 0.18333800000000003 1211.5000000000002 7.0651100000000007 -0.035596349999999992 -0.056854099999999991 34.641650000000006
decision_type=2 2 2 2 2 2 2 2 2 2 2 2 2 2 2 2 2 2 2 2 2 2 2 2 2 2
left_child=1 -1 3 -2 5 20 -4 11 9 10 12 -7 18 -8 -10 22 -11 -14 -9 25 21 -3 -16 24 -22 -13
right_child=2 4 6 -5 -6 7 13 8 14 16 -12 19 17 -15 15 -17 -18 -19 -20 -21 23 -23 -24 -25 -26 -27
leaf_value=0.16598319659285612 0.2237960924186207 0.020427491648200402 0.11864694155514122 0.061928811313018875 0.093538861640130463 0.040541484553687862 -0.038351773433773412 0.0083457579659961447 -0.041288802265567373 0.0093518387914049168 0.12497143017046969 -0.049463293399293257 0.021751593807020572 0.042308118909888857 -0.038284832527227038 0.043062583040082876 -0.038630482107789937 0.085823014664587097 -0.037037181473049123 -0.011484133634296755 -0.037643433740322807 -0.045804187882838944 -0.0035956322621702634 -0.047758838597726783 -0.0030814986188904773 -0.019282313775491791
leaf_weight=2.6665629968047133 6.9673842824995535 3.1738514788448793 3.6895437985658628 5.1339673474431038 2.7867679707705966 2.2643564157187965 2.7542570121586323 2.3476683199405688 8.4946467354893702 2.288146559149026 2.6809301935136309 20.36613383144141 2.4134253636002541 4.8244558162987232 2.7903411500155908 2.6992277428507805 2.8634155876934528 2.2787966392934322 2.4783346727490425 2.7443346716463557 2.6253735348582268 7.5978177264332771 3.1711375676095486 60.384963966906071 2.111144855618476 2.1249603927135459
leaf_count=51 149 90 85 113 68 63 67 64 229 60 68 582 63 107 76 70 74 61 68 71 72 223 86 1750 60 61
internal_value=-0.0025401 -0.0224992 0.115791 0.165093 -0.027218 -0.0303142 0.0537028 -0.0130832 0.0057296 0.032493 0.0541524 -0.0360618 0.0242203 0.0119411 -0.0216374 -8.40675e-05 -0.0192627 0.0624789 -0.017317 -0.0442187 -0.0440389 -0.0262116 -0.0229995 -0.0465466 -0.0254612 -0.047554
internal_weight=166.722 143.352 23.3696 12.1014 140.686 137.899 11.2683 62.0059 34.5061 17.3507 12.1992 27.4998 9.51822 7.57871 17.1554 8.66071 5.15156 4.69222 4.826 25.2354 75.8932 10.7717 5.96148 65.1215 4.73652 22.4911
internal_count=4531 4010 521 262 3959 3891 259 1696 919 458 324 777 256 174 461 232 134 124 132 714 2195 313 162 1882 132 643
is_linear=0
shrinkage=0.05


Tree=3
num_leaves=26
num_cat=0
split_feature=1 1 4 0 12 1 13 7 1 0 3 0 6 6 4 1 6 7 2 1 1 4 1 1 6
split_gain=173.983 33.8508 31.6445 12.066 11.7795 10.2202 7.77436 5.92561 5.41823 5.13026 4.85443 4.23482 4.296 4.11022 8.19779 3.80497 3.9561 2.92049 2.83344 2.45532 2.38326 0.877459 0.853082 0.707266 0.660275
threshold=0.006669790000000001 0.035238500000000013 6.8747500000000015 5.9903050000000011 4.5000000000000009 0.012166400000000003 1.0000000180025095e-35 0.033911000000000004 0.0036621050000000001 2.8832750000000007 4.5000000000000009 0.18333800000000003 0.00057910450000000005 0.021374100000000004 0.82480000000000009 0.0030192850000000005 0.023474300000000003 -0.043461899999999991 2.1387150000000008 0.0088221450000000017 0.015868300000000005 0.79339350000000008 0.022115800000000001 0.0054954150000000009 0.0030376300000000004
decision_type=2 2 2 2 2 2 2 2 2 2 2 2 2 2 2 2 2 2 2 2 2 2 2 2 2
left_child=7 2 3 5 6 9 -4 8 11 19 -3 12 -1 14 -5 -9 -17 23 -19 -2 -7 24 -22 -10 -14
right_child=1 10 4 13 -6 20 -8 15 17 -11 -12 -13 21 -15 -16 16 -18 18 -20 -21 22 -23 -24 -25 -26
leaf_value=-0.043734340926780545 0.0023729020154209576 0.077783294818881688 0.17906512174069136 -0.030510846653966861 0.035181946618036135 0.11910322846752262 0.056502891672617107 0.042313579782900679 -0.04083998662629662 -0.024349966748149435 0.19248411713811256 -0.047178757989555675 -0.018985720951544341 -0.038135915069094688 0.069053612144728438 -0.037663208120396641 0.025906051938140013 -0.015859572081300701 0.042903296832928373 0.064054581720708867 0.021551195313582419 0.029564239112047148 0.068862138218159286 -0.0042298324210761889 0.013792867631937695
leaf_weight=5.4290992021560651 2.7047833763062972 3.5993408970534784 5.9037410542368871 3.7443976700305921 4.1542434617876998 3.3869563713669759 3.1455909200012684 2.728457558900117 3.7090563364326954 4.4773620069026947 5.31481659039855 75.764935083687305 2.1026913784444332 6.2318973504006863 2.728104081004858 6.1470871828496438 2.8718933947384357 3.2115466333925706 3.2375496290624142 3.3133222311735153 3.0910853631794453 2.7075809463858604 2.7207278944551945 2.1847195103764534 2.0744507648050785
leaf_count=163 68 62 109 102 88 79 66 70 108 116 89 2307 63 155 68 173 74 90 90 76 73 79 57 61 60
internal_value=0.00100725 0.0735013 0.0538016 0.0256142 0.116294 0.049221 0.146324 -0.0345644 -0.0384584 0.013197 0.158688 -0.0427682 -0.0141253 -0.0119021 0.0150798 -0.000871734 -0.0168557 -0.00680342 0.0154397 0.0406205 0.084999 0.011809 0.050557 -0.0298514 -0.00318735
internal_weight=166.685 54.5164 45.6022 32.3986 13.2036 19.6942 9.04933 112.169 100.422 10.4955 8.91416 88.0788 12.3138 12.7044 6.4725 11.7474 9.01898 12.3429 6.4491 6.01811 9.19877 6.88472 5.81181 5.89378 4.17714
internal_count=4546 1208 1057 794 263 469 175 3338 3021 260 151 2672 365 325 170 317 247 349 180 144 209 202 130 169 123
is_linear=0
shrinkage=0.05


Tree=4
num_leaves=27
num_cat=0
split_feature=1 0 3 1 12 7 7 6 1 11 0 1 9 6 7 11 5 9 9 9 6 7 9 9 1 1
split_gain=145.959 34.1667 18.5788 14.737 16.1374 14.4698 10.9228 10.8152 13.9256 9.67952 5.49297 12.1715 4.42618 3.68863 3.29195 4.06693 3.0466 2.30075 5.40656 1.51848 2.55953 0.120459 0.538596 0.182269 0.15394 0.392748
threshold=0.0074489850000000008 3.6853600000000006 4.5000000000000009 0.024580600000000005 1.5000000000000002 0.090811750000000011 0.10169850000000001 0.039688050000000009 0.028418900000000004 12.500000000000002 0.18333800000000003 0.00043998150000000005 2149.5000000000005 0.013577150000000001 -0.10277599999999999 13.500000000000002 1.726005 2630.5000000000005 2132.5000000000005 1497.5000000000002 0.028901700000000006 0.03706845000000001 1854.0000000000002 3781.5000000000005 0.0044509350000000005 0.0053605600000000012
decision_type=2 2 2 2 2 2 2 2 2 2 2 2 2 2 2 2 2 2 2 2 2 2 2 2 2 2
left_child=5 3 14 4 6 10 -2 12 -9 -6 11 -1 -4 21 -3 -16 -13 18 19 20 -15 23 -23 24 -12 -26
right_child=1 2 7 -5 9 -7 -8 8 -10 -11 13 16 -14 17 15 -17 -18 -19 -20 -21 -22 22 -24 -25 25 -27
leaf_value=-0.045631036456759165 0.04888430959937453 -0.036121218195718646 0.049794338916297171 0.18237220006454979 -0.017709236119835849 0.072427685259059668 0.18848022541435516 0.030466057664806957 0.16002541866942099 0.078933127323739555 -0.04860766371736535 0.07184519907244917 -0.018598864808540613 0.017811195765781537 0.037440074465847718 -0.020105540017696318 0.0024593550668088552 -0.044075192962224244 0.047356204112099932 -0.042476912609513848 -0.03748848392137058 -0.0040835300419482931 -0.037692326983454372 -0.016852154458801626 -0.0076503207567378412 -0.037774060719612867
leaf_weight=7.4583087991923076 3.4640801176428822 5.2614120207726947 4.385862689465287 5.5722423009574404 4.8080310784280282 2.2234106101095668 3.3568974174559116 4.4467880167067033 4.1560731269419193 3.9617302194237709 64.43473351188004 3.0539645422250032 3.4904249384999275 4.0477602574974316 5.1345100030302984 5.2408008798956871 2.7147143390029669 5.69176829047501 2.5450653433799735 4.5075723491609097 2.6034925989806652 2.1740658879280081 2.6430718936026096 1.9192214831709851 2.4337320588529101 2.663374200463295
leaf_count=229 79 127 93 84 106 53 60 100 61 87 2041 84 80 116 113 118 78 170 73 130 75 61 74 61 70 74
internal_value=-0.00134529 0.0659657 0.03182 0.11401 0.0800568 -0.0339211 0.132901 0.0672638 0.103203 0.0295595 -0.036732 -0.00601446 0.0208047 -0.040873 -0.00733125 0.00916035 0.04438 -0.0199154 -0.0075658 -0.0229568 -0.00590528 -0.0458759 -0.0258335 -0.046852 -0.0474293 -0.0270046
internal_weight=164.393 53.2789 32.1159 21.163 15.5907 111.114 6.82098 16.4791 8.60286 8.76976 108.891 13.227 7.87629 95.6639 15.6367 10.3753 5.76868 19.3957 13.7039 11.1588 6.65125 76.2682 4.81714 71.4511 69.5318 5.09711
internal_count=4497 1108 692 416 332 3389 139 334 161 193 3336 391 173 2945 358 231 162 564 394 321 191 2381 135 2246 2185 144
is_linear=0
shrinkage=0.05


Tree=5
num_leaves=29
num_cat=0
split_feature=1 1 7 7 12 10 3 3 1 7 3 15 7 5 2 1 4 1 6 5 1 9 9 4 9 9 4 4
split_gain=141.731 16.1544 18.062 15.4935 12.5029 9.84931 8.49124 7.50995 5.54685 5.31208 4.92871 4.90736 4.80523 4.34193 2.90996 1.47207 1.3685 0.895561 2.55433 1.33107 0.821701 0.81171 0.774003 0.650906 0.102161 0.0632247 0.0178484 0.0279377
threshold=0.0088221450000000017 0.032541250000000008 -0.11709949999999998 0.086384800000000012 5.5000000000000009 2.5000000000000004 5.5000000000000009 3.5000000000000004 0.0036621050000000001 0.14474050000000002 8.5000000000000018 1.0000000180025095e-35 0.033911000000000004 2.5317650000000005 11.269200000000003 0.01503955 0.92001900000000014 0.0043913700000000012 0.010333100000000001 5.3353300000000017 0.0062860200000000007 1211.5000000000002 1145.5000000000002 4.6054700000000013 917.50000000000011 3781.5000000000005 1.0000000180025095e-35 1.3651900000000003
decision_type=2 2 2 2 2 2 2 2 2 2 2 2 2 2 2 2 2 2 2 2 2 2 2 2 2 2 2 2
left_child=3 2 15 8 5 -4 9 -6 12 -7 -8 17 21 -13 -3 -2 -15 18 -10 -19 -21 22 23 26 -25 -23 -1 -28
right_child=1 14 4 -5 7 6 10 -9 11 -11 -12 13 -14 16 -16 -17 -18 19 -20 20 -22 25 -24 24 -26 -27 27 -29
leaf_value=-0.022232621087798818 -0.039907665915048796 0.13818030817356425 0.1297806466308804 0.051063939059590648 0.058107599896270769 -0.029529149137920391 0.11923937379289429 -0.02610324235884437 -0.035649947905069743 0.05079886979621473 0.031817458790223158 0.05643979193212826 0.013384934705935079 0.012803080818189597 0.060564871724135751 0.0028966993268044329 -0.035134935690911466 -0.042121388593551648 0.027798745690370382 -0.023430338120484433 0.012038444643166932 -0.046505489315089646 -0.000139233269449627 -0.017667457865488106 -0.0020183435165908033 -0.019099977186982572 -0.04586755401182048 -0.018364940971931316
leaf_weight=4.1379168517887654 3.2496129088103762 8.3468861766159517 8.0356248449534196 4.8082981519401065 3.9919201247394103 3.4351198077201825 4.2331444285809994 4.757925383746624 2.2070845123380485 2.8790735863149166 3.7472546175122261 3.1679981108754864 3.6139587778598061 2.1218464225530624 4.2726783603429785 3.5702300127595663 2.0856392420828342 9.3539450205862504 2.1587558090686798 2.5871448349207631 2.148339930921793 58.096632681787014 1.9415383283048857 1.9884811080992211 2.0498053971678019 2.1232860293239346 7.9210487902164441 2.0472349133342505
leaf_count=126 83 107 156 104 87 74 77 106 66 55 74 87 95 62 65 90 58 260 60 77 55 1927 61 63 62 69 256 63
internal_value=0.00107015 0.0700335 0.0513419 -0.0296849 0.0671304 0.0863163 0.0549952 0.0143354 -0.0336517 0.00903548 0.0863038 -0.0127464 -0.0398606 0.0199148 0.118278 -0.0199945 -0.0131435 -0.0261519 -0.00494293 -0.0319607 -0.00804586 -0.0423919 -0.0302922 -0.0333429 -0.0117013 -0.045867 -0.0383537 -0.0424085
internal_weight=165.078 50.5195 37.8999 114.559 31.0801 22.3302 14.2946 8.74985 109.751 6.31419 7.9804 25.8308 83.9199 7.37548 12.6196 6.81984 4.20749 18.4553 4.36584 14.0894 4.73548 80.3059 20.086 18.1445 4.03829 60.2199 14.1062 9.96828
internal_count=4525 974 802 3551 629 436 280 193 3447 129 151 725 2722 207 172 173 120 518 126 392 132 2627 631 570 125 1996 445 319
is_linear=0
shrinkage=0.05


Tree=6
num_leaves=29
num_cat=0
split_feature=1 1 7 0 11 5 10 9 1 0 1 7 1 12 10 2 0 1 1 5 6 10 6 9 6 9 7 9
split_gain=135.484 17.0235 13.8264 8.56505 8.46807 13.2478 12.841 11.3149 10.6996 8.11667 6.81412 4.59482 4.65266 3.86718 3.79795 3.38427 3.07823 7.82941 3.10276 2.68891 1.96405 1.73743 1.41032 1.97038 2.51398 0.18152 0.111772 0.0466399
threshold=0.006669790000000001 0.028418900000000004 -0.093741799999999986 2.9522050000000006 18.500000000000004 7.2531450000000008 2.5000000000000004 1523.5000000000002 0.0088221450000000017 13.386050000000003 0.0135776 0.033911000000000004 0.0030192850000000005 1.5000000000000002 7.5000000000000009 6.5371550000000012 0.18333800000000003 0.00043998150000000005 0.0036621050000000001 1.1444700000000003 0.023474300000000003 5.5000000000000009 0.020111200000000003 2630.5000000000005 0.0077668000000000008 3781.5000000000005 -0.035596349999999992 506.00000000000006
decision_type=2 2 2 2 2 2 2 2 2 2 2 2 2 2 2 2 2 2 2 2 2 2 2 2 2 2 2 2
left_child=11 2 3 -2 5 6 8 -7 -4 14 -10 16 -13 -8 -3 -6 17 -1 25 -19 -14 -15 23 24 -20 26 -18 -28
right_child=1 9 4 -5 15 7 13 -9 10 -11 -12 12 20 21 -16 -17 18 19 22 -21 -22 -23 -24 -25 -26 -27 27 -29
leaf_value=-0.04517935159715409 0.051525412193422743 0.15347011351758844 0.0036452218572429226 -0.039314335058257349 0.034630108704677594 0.1714061501952093 0.037793045216831862 0.038109728149109866 0.14349530229384838 0.037827781663042147 0.038029540941341367 0.043939131807517261 -0.037066674829021783 -0.033607422693635487 0.068689941023699339 -0.029076283214982703 -0.0187249612380662 -0.0076657063314176186 -0.016818323981500086 0.05738476660161277 0.0083149368874004589 0.011307158737115791 -0.03986496825257152 -0.035983619173107682 0.039082567341956226 -0.016475701723257841 -0.02091230999434196 -0.048221118360018307
leaf_weight=7.0297533050179464 2.8681080453097803 6.2093512117862719 3.4964978918433252 6.9995944164693356 3.028536867350339 3.9083091132342807 4.5308513194322568 3.4328965600579977 4.6050264425575715 5.011638391762971 3.419649250805378 2.6616821847856036 5.8893421441316587 4.3433752506971359 5.0831647776067257 3.3236520923674107 2.089202156290404 2.4283515736460686 3.3376395348459464 2.678888650611043 3.1678476221859455 2.9475987646728754 3.327970700338482 2.2782921530306339 2.866702351719141 1.8925802297890175 2.3122286517173114 59.73663417622447
leaf_count=234 64 75 82 189 61 71 88 74 84 71 65 65 173 90 60 69 69 66 99 79 80 64 98 69 81 63 78 2065
internal_value=0.00102303 0.0579891 0.0411593 -0.0105996 0.0548657 0.0654301 0.0436614 0.121116 0.0789673 0.101229 0.107746 -0.0346032 -0.00470313 0.00577818 0.124 0.00187603 -0.038403 -0.0135455 -0.0420578 0.0302643 -0.0219455 -0.0162756 -0.0165746 -0.00419672 0.0108502 -0.0463006 -0.0469142 -0.0475513
internal_weight=164.905 63.2083 46.9041 9.8677 37.0364 30.6842 23.343 7.34121 11.5212 16.3042 8.02468 101.697 11.7189 11.8218 11.2925 6.35219 89.9782 12.137 77.8412 5.10724 9.05719 7.29097 11.8106 8.48263 6.20434 66.0306 64.1381 62.0489
internal_count=4526 1207 1001 253 748 618 473 145 231 206 149 3319 318 242 135 130 3001 379 2622 145 253 154 347 249 180 2275 2212 2143
is_linear=0
shrinkage=0.05


Tree=7
num_leaves=29
num_cat=0
split_feature=1 0 4 1 1 7 8 11 1 0 1 9 7 8 0 15 10 12 2 9 8 8 8 0 8 8 9 9
split_gain=112.684 19.8505 17.7391 11.8006 6.28931 6.1532 5.34362 5.8308 5.29303 4.7956 9.98237 7.63749 4.41575 4.0069 8.02639 3.9641 4.06611 3.90696 3.25421 2.86366 1.47868 2.48048 1.81422 1.0268 0.610299 0.2218 0.17331 0.0411633
threshold=0.006669790000000001 5.0046200000000001 4.8084050000000014 0.070327700000000007 0.0088221450000000017 -0.10277599999999999 8.4083350000000028 10.500000000000002 0.0036621050000000001 0.18333800000000003 0.00043998150000000005 1603.5000000000002 0.03706845000000001 26.425000000000001 14.442950000000002 1.0000000180025095e-35 2.5000000000000004 1.5000000000000002 4.9491850000000008 1280.5000000000002 10.658350000000002 13.591650000000001 25.341650000000005 2.0841500000000006 24.933350000000001 10.725000000000001 3781.5000000000005 494.00000000000006
decision_type=2 2 2 2 2 2 2 2 2 2 2 2 2 2 2 2 2 2 2 2 2 2 2 2 2 2 2 2
left_child=8 2 4 5 -2 24 -6 -8 9 10 -1 -12 26 14 17 20 -17 -7 -15 -19 -10 -22 -23 -9 -3 -4 27 -11
right_child=1 3 25 -5 6 13 7 23 15 12 11 -13 -14 18 -16 16 -18 19 -20 -21 21 22 -24 -25 -26 -27 -28 -29
leaf_value=-0.044833835360331413 -0.0047024092780773644 -0.041828716031530912 0.080427446792950233 0.098506187789576122 0.094390138449192307 -0.029660137533628519 -0.0043573836840915458 0.031399767593172111 -0.043228091255437695 -0.02035762649159862 0.08840742260467116 -0.02107469696600732 0.013616165277637458 0.022726008536235395 0.087434447042523525 -0.016621713796823964 0.053486491223198887 0.00033700964443467033 -0.040509943994462443 0.056083599727833604 0.029386782364349537 -0.041448241010545929 0.0088269131310522338 0.07851632468558023 -0.0071028258399327268 0.15036603748377711 -0.016515433578333967 -0.04734413490593245
leaf_weight=6.6615150813013297 4.3085138425231007 3.9411066975444617 4.9699702598154527 3.2591871172189704 7.094680059701207 3.3406434115022448 5.1713607404381028 4.3156150802969915 5.0014517270028618 2.2547834180295458 2.5740173533558846 2.3080137073993683 2.8322322387248269 2.9976525716483584 3.9869129061698905 3.2981228586286297 3.2857287805527449 4.6362554281949979 3.2601583246141672 3.6029086373746395 2.0982195269316417 4.0112022925168276 2.3282908070832491 4.3179559223353863 2.3449471555650234 5.8531248904764652 1.8970651254057873 59.825482901185751
leaf_count=229 110 100 77 39 114 61 95 68 146 77 68 67 72 62 70 92 92 84 67 72 60 122 70 76 58 85 64 2152
internal_value=0.0015241 0.0509058 0.0758086 0.0208442 0.0494755 0.00876534 0.0603491 0.0376607 -0.0324809 -0.0382959 -0.00775226 0.0418655 -0.0433811 0.0212755 0.0342452 -0.00898659 0.0208056 0.0104376 -0.0112607 0.0281462 -0.0240119 -0.00924803 -0.0242969 0.0606686 -0.0316274 0.127769 -0.0460751 -0.0467022
internal_weight=165.777 67.401 36.0312 31.3698 25.2081 28.1106 20.8996 13.8049 98.3761 78.3531 11.5435 4.88203 66.8096 21.8245 15.5667 20.023 6.58385 11.5798 6.25781 8.23916 13.4392 8.43771 6.33949 8.63357 6.28605 10.8231 63.9773 62.0803
internal_count=4549 1238 625 613 463 574 353 239 3311 2729 364 135 2365 416 287 582 184 217 129 156 398 252 192 144 158 162 2293 2229
is_linear=0
shrinkage=0.05


Tree=8
num_leaves=22
num_cat=0
split_feature=1 4 1 0 0 0 0 7 7 15 11 0 1 5 12 5 4 1 7 1 7
split_gain=102.619 23.6761 19.3835 12.0796 10.6163 6.88921 10.8898 6.36852 4.87149 4.67801 4.17855 4.14011 7.43394 3.81048 3.6385 4.14255 2.53976 1.92365 1.56609 1.02417 0.0114382
threshold=0.006669790000000001 8.0593750000000011 0.023044300000000004 11.450850000000001 2.9914650000000003 5.0046200000000001 12.860800000000003 0.033911000000000004 0.27338450000000009 1.0000000180025095e-35 15.500000000000002 -0.11911949999999999 0.00041118550000000006 4.3602150000000011 1.5000000000000002 5.1077900000000005 2.0444900000000001 0.0036621050000000001 0.012185250000000002 0.0054954150000000009 -0.035596349999999992
decision_type=2 2 2 2 2 2 2 2 2 2 2 2 2 2 2 2 2 2 2 2 2
left_child=7 2 4 8 10 -3 -7 11 -4 16 13 12 -1 -2 -9 -16 -6 20 19 -19 -13
right_child=1 5 3 -5 9 6 -8 14 -10 -11 -12 17 -14 -15 15 -17 -18 18 -20 -21 -22
leaf_value=-0.039795152626321856 0.018234240507276893 0.11932812866088389 0.11900215698988731 0.0041715144870271195 -0.047765435864522046 -0.002320256039835641 0.10327796921895578 -0.032283946012047003 0.045573461995048546 0.016367210198195987 -0.009246543018948809 -0.02018665917733424 0.061159249842802979 0.084415179744410693 0.046289604832434605 -0.023696173205406512 0.0059323627116055853 -0.038695537245459356 0.013507632240477442 -0.0037815347142301555 -0.046099850203315973
leaf_weight=3.411033494397997 5.3607220761477965 10.208533823490145 6.7687692455947417 5.9039773661643258 10.650354301556947 4.8902656547725183 3.7916742414236069 4.2007372155785543 5.9648962803184986 4.8457958400249472 3.6229125894606105 2.2387679088860741 2.1098502520471811 3.7453045677393675 4.6038085129112005 2.6108612436801195 2.4622864648699752 6.7892732024192792 2.0856085158884516 3.1972983833402395 64.833996638655663
leaf_count=124 108 136 89 90 273 78 59 123 71 113 68 78 57 71 115 75 55 209 59 93 2405
internal_value=-0.00140574 0.0451194 0.0259168 0.0647081 0.0010587 0.0914358 0.0497016 -0.0345621 0.0904285 -0.0232227 0.034512 -0.0392369 0.00224791 0.0511139 0.000477968 0.0211615 -0.0379762 -0.0421227 -0.0210832 -0.0288791 -0.0455442
internal_weight=164.297 68.2155 49.325 18.6376 30.6874 18.8905 8.68194 96.0812 12.7337 17.9584 12.7289 84.6658 5.52088 9.10603 11.4154 7.21467 13.1126 79.1449 12.0722 9.98657 67.0728
internal_count=4549 1211 938 250 688 273 137 3338 160 441 247 3025 181 179 313 190 328 2844 361 302 2483
is_linear=0
shrinkage=0.05


Tree=9
num_leaves=26
num_cat=0
split_feature=1 0 1 7 15 4 1 1 1 15 8 5 7 3 0 2 6 0 9 1 9 7 9 7 2
split_gain=98.6797 15.0812 11.0829 8.31065 8.71595 7.8334 7.06165 6.30652 4.10923 5.339 3.92466 2.75834 2.71619 2.45036 2.80813 2.44092 2.34888 2.3196 4.24952 1.91563 0.212748 0.242373 0.224699 0.141864 0.0996556
threshold=0.006669790000000001 3.6853600000000006 0.047517500000000011 -0.10277599999999999 1.0000000180025095e-35 6.8747500000000015 0.0088221450000000017 0.010592250000000003 0.0036621050000000001 1.0000000180025095e-35 12.475000000000001 2.5317650000000005 0.033911000000000004 7.5000000000000009 9.1262750000000015 5.1092850000000007 0.049383900000000008 0.18333800000000003 1211.5000000000002 0.0043913700000000012 3781.5000000000005 -0.037632299999999994 494.00000000000006 -0.0026802349999999996 13.040750000000001
decision_type=2 2 2 2 2 2 2 2 2 2 2 2 2 2 2 2 2 2 2 2 2 2 2 2 2
left_child=8 5 3 -3 7 6 -2 -5 12 19 16 -11 17 14 -9 -6 -8 18 -1 -10 21 -19 -23 -20 -21
right_child=1 2 -4 4 15 -7 10 13 9 11 -12 -13 -14 -15 -16 -17 -18 20 23 24 -22 22 -24 -25 -26
leaf_value=0.02119156491011067 -0.0099813848928842971 -0.038154653465148423 0.079680980144871766 -0.036871457761563808 0.025668105775952427 0.1097275751102663 0.099422347676483391 -0.015707969481938137 -0.00025746571228503262 0.052075116650750722 0.028454039196547938 -0.0073173684000573565 0.0024277311440523384 0.049075603537577436 0.033355997147347188 0.092699745849219473 0.039952179584861032 -0.014870109514917627 -0.013324737967952711 -0.045478671387377906 -0.015050821884583607 -0.015960632138868069 -0.04758729851613136 -0.043484455714909769 -0.016124692360862617
leaf_weight=3.8127828147262317 3.7695808969438138 6.197594989091157 6.0391383133828631 5.5647248923778596 3.4758315235376349 8.6973794735968095 6.8389930464327353 5.6874438002705556 3.8826362174004343 2.8558757901191703 7.5053270291537038 3.5324294939637184 3.6131050419062367 4.3651788644492617 4.2196872681379318 3.4612218774855137 4.8080542013049126 1.7710707448422898 1.6491127349436281 7.2169216535985452 1.7857158053666342 1.8586071655154217 52.687392808496952 5.4304897841066122 1.8600074946880338
leaf_count=111 90 165 66 132 66 104 109 100 117 72 115 104 90 71 75 58 62 63 52 221 64 68 2080 197 60
internal_value=0.000220878 0.0443236 0.0226192 0.0101299 0.022278 0.0695872 0.0504064 0.00433412 -0.0337661 -0.0124553 0.0621975 0.0226885 -0.0391985 0.0217623 0.00633179 0.0665789 0.0799725 -0.0413819 -0.0179051 -0.0301634 -0.0454056 -0.0460887 -0.0468164 -0.0389778 -0.0416607
internal_weight=162.586 70.6302 39.0108 32.9717 26.7741 31.6193 22.922 19.837 91.9561 19.3479 19.1524 6.38831 72.6083 14.2723 9.90713 6.93705 11.647 68.9952 10.8924 12.9596 58.1028 56.3171 54.546 7.0796 9.07693
internal_count=4512 1213 733 667 502 480 376 378 3299 574 286 176 2725 246 175 124 171 2635 360 398 2275 2211 2148 249 281
is_linear=0
shrinkage=0.05


Tree=10
num_leaves=28
num_cat=0
split_feature=1 1 4 0 12 0 12 7 7 0 1 9 2 10 5 1 6 9 9 2 2 9 0 6 9 7 2
split_gain=99.0108 14.7667 14.4296 10.4246 9.97505 9.76464 5.70862 5.54747 5.51988 4.96614 8.27611 4.62364 6.47026 4.76327 4.8682 3.04808 2.6642 2.01534 4.98862 1.81726 3.83464 1.50216 0.952946 0.841971 0.374208 0.155724 0.0389015
threshold=0.006669790000000001 0.028418900000000004 9.3900050000000004 1.6475750000000002 1.0000000180025095e-35 4.9449450000000015 4.5000000000000009 0.27338450000000009 0.090811750000000011 -0.068901299999999985 0.00043998150000000005 2012.5000000000002 3.2955050000000008 5.5000000000000009 5.2051250000000007 0.0026059900000000003 0.067483350000000011 2668.5000000000005 2433.5000000000005 2.1387150000000008 3.9142050000000004 1630.5000000000002 0.05907260000000001 0.021686300000000002 3781.5000000000005 0.13815900000000003 14.848450000000001
decision_type=2 2 2 2 2 2 2 2 2 2 2 2 2 2 2 2 2 2 2 2 2 2 2 2 2 2 2
left_child=8 2 3 4 -2 -3 25 -7 9 10 -1 12 -5 14 -14 22 -13 18 19 -17 -21 26 -11 24 -24 -4 -22
right_child=1 5 6 11 -6 7 -8 -9 -10 15 -12 16 13 -15 -16 17 -18 -19 -20 20 21 -23 23 -25 -26 -27 -28
leaf_value=-0.040387175469025816 0.10522290132254786 0.12086704791776531 0.055762434174326608 -0.028338316010069271 0.0021535908027355308 0.073426942435839707 0.019528308899715335 0.0037096224352921887 0.040989150578658443 -0.010387915739449515 0.056667051347127878 -0.041006710008581353 0.04187052133507331 0.066494857375963584 -0.03863757598394113 -0.04374646352922152 0.010433281177334351 -0.044652043399307041 0.047417531412749375 0.037726216807834036 -0.041919575362373528 0.0015907773854412777 -0.048257310240431887 -0.014090916970020462 -0.012762390168900876 0.10276947977925129 -0.015048213106741513
leaf_weight=3.6750935688614836 4.0426039602607471 8.5380015745759028 5.3812600858509558 5.2801662031561163 4.4719417802989483 6.0007818043231946 5.1855158209800711 5.0048760175704956 1.7016545683145512 2.6758453957736483 3.1550184898078442 8.0399982854723913 2.7286518141627294 4.8827137611806393 2.7838483713567257 5.4678108934313157 3.008578671142458 6.4533115979284039 2.0409626457840195 2.366291992366313 4.2679797913879138 3.7204079553484917 48.626659804955125 3.0520539712160817 1.6220324207097281 5.9651747420430183 1.7792603000998495
leaf_count=142 61 74 75 118 82 69 81 59 40 91 82 203 61 103 67 175 68 223 63 68 135 118 1980 115 59 69 60
internal_value=0.00216239 0.0458861 0.0308707 0.0120487 0.0570055 0.0822225 0.0680149 0.0446724 -0.0323775 -0.0342221 0.00595634 -0.00381458 0.0133804 0.0351983 0.00152351 -0.0375972 -0.027296 -0.0221325 -0.0129293 -0.0220996 -0.009757 -0.0236955 -0.0442918 -0.0457712 -0.0473829 0.0867977 -0.0372705
internal_weight=161.918 71.3141 51.7705 35.2385 8.51455 19.5437 16.532 11.0057 90.6044 88.9027 6.83011 26.724 15.6754 10.3952 5.5125 82.0726 11.0486 26.096 19.6427 17.6018 12.1339 9.76765 55.9766 53.3007 50.2487 11.3464 6.04724
internal_count=4541 1190 988 763 143 202 225 128 3351 3311 224 620 349 231 128 3087 271 842 619 556 381 313 2245 2154 2039 144 195
is_linear=0
shrinkage=0.05


Tree=11
num_leaves=28
num_cat=0
split_feature=1 6 4 5 0 7 1 0 7 9 12 0 7 7 5 1 6 0 1 9 1 10 2 13 2 9 2
split_gain=80.4402 10.3501 9.80728 8.82267 6.54643 5.45222 4.04697 6.1298 8.77553 5.28711 4.73354 4.68989 5.98268 3.95418 3.71488 3.31755 3.16307 3.09486 6.4159 3.79928 3.32363 4.51953 3.25768 0.233132 0.257155 0.16945 0.00158461
threshold=0.006669790000000001 0.0061921450000000005 0.26947400000000005 11.764300000000002 2.9914650000000003 0.033911000000000004 0.047517500000000011 5.0046200000000001 0.024025250000000001 1505.5000000000002 2.5000000000000004 3.1575400000000005 0.16415100000000002 -0.056854099999999991 2.3675650000000004 0.0030192850000000005 0.023474300000000003 0.18333800000000003 0.00043998150000000005 1603.5000000000002 0.0036621050000000001 3.5000000000000004 2.6757650000000006 2.5000000000000004 33.255450000000003 506.00000000000006 12.709200000000001
decision_type=2 2 2 2 2 2 2 2 2 2 2 2 2 2 2 2 2 2 2 2 2 2 2 2 2 2 2
left_child=5 -2 4 6 13 17 7 8 -4 -9 -11 12 -10 -3 -6 -7 26 18 -1 -20 23 -22 -23 24 25 -19 -17
right_child=1 2 3 -5 14 15 -8 9 11 10 -12 -13 -14 -15 -16 16 -18 20 19 -21 21 22 -24 -25 -26 -27 -28
leaf_value=-0.043912486892334811 -0.022935988331673637 0.068188801874209143 -0.0078943296735652837 0.10625838961264966 0.015488501540898173 0.040004038949570803 0.08292562944520257 0.043884859951442548 0.075773221069773203 0.020375013860808339 -0.043754266779178055 0.10231175268002471 0.0069312173555935554 0.00036493954973145599 -0.043529079939491969 -0.040619030869979589 0.020894749076159166 -0.017819974251706554 0.054135725293343512 -0.020080179823260463 -0.038144882003781022 -0.018993655342320323 0.054031481836285034 -0.014929890712236826 -0.014998369102470802 -0.048148309946557027 -0.015274142540042352
leaf_weight=5.9098610207438451 5.68871403671801 4.3615041859447956 4.4868465457111624 6.7331150397658339 4.100781047716735 2.8136233277618876 5.7803919166326514 6.6714884676039246 5.9218623191118258 5.1425238382071239 4.5072071738541126 6.3274236414581528 6.2088595069944859 3.6045554429292705 4.9698976371437311 3.6385648772120458 3.1268715690821409 2.021192204207181 3.249865610152483 2.207472724840045 6.5010620933026058 2.104999415576458 2.32410061173141 1.7871678005903948 1.7941261399537314 48.027177635580301 1.7959654927253721
leaf_count=234 114 76 80 87 81 66 50 106 83 99 86 84 71 51 134 112 76 78 79 66 208 66 71 75 77 2052 60
internal_value=0.000768581 0.038655 0.0440021 0.0546735 0.0103353 -0.031636 0.044823 0.0372937 0.0534903 0.0127504 -0.0108744 0.0680507 0.0437492 0.0409628 -0.0179591 0.000619821 -0.0151536 -0.0364137 -0.0111396 0.025655 -0.0406259 -0.0138721 0.0222193 -0.0457248 -0.0464838 -0.0472966 -0.0359187
internal_weight=161.807 74.5052 68.8165 51.7797 17.0367 87.3021 45.0466 39.2662 22.945 16.3212 9.64973 18.4581 12.1307 7.96606 9.07068 11.375 8.5614 75.927 11.3672 5.45734 64.5598 10.9302 4.4291 53.6297 51.8425 50.0484 5.43453
internal_count=4522 1202 1088 746 342 3320 659 609 318 291 185 238 154 127 215 314 248 3006 379 145 2627 345 137 2282 2207 2130 172
is_linear=0
shrinkage=0.05


Tree=12
num_leaves=31
num_cat=0
split_feature=1 0 1 4 0 7 3 7 7 3 2 6 1 0 11 6 7 2 5 8 11 12 11 2 0 2 7 2 5 2
split_gain=81.6891 10.9458 10.8579 12.1559 5.91989 5.74769 4.66631 5.92274 4.25514 9.81877 4.26824 3.30065 3.03514 4.21679 1.92513 2.04239 1.82637 1.56708 1.36087 4.20268 0.660847 1.98712 2.0508 1.99446 1.25855 0.361795 0.434756 0.447143 0.212249 0.783717
threshold=0.006669790000000001 0.015577150000000003 0.047517500000000011 3.7542350000000004 5.9903050000000011 0.090811750000000011 6.5000000000000009 0.13815900000000003 0.24382500000000004 1.5000000000000002 4.466800000000001 0.040386800000000007 0.0021465500000000001 0.98387550000000012 19.500000000000004 0.013577150000000001 -0.020819649999999999 2.6757650000000006 4.636635000000001 14.108350000000002 9.5000000000000018 1.5000000000000002 20.500000000000004 2.1387150000000008 5.2934050000000008 33.255450000000003 0.015466700000000002 5.361460000000001 5.3353300000000017 13.214800000000002
decision_type=2 2 2 2 2 2 2 2 2 2 2 2 2 2 2 2 2 2 2 2 2 2 2 2 2 2 2 2 2 2
left_child=5 -2 3 4 8 12 7 -5 9 10 -3 -9 16 17 15 -6 -1 -14 19 -11 28 -22 23 -23 -25 26 -18 -28 -15 -30
right_child=1 2 -4 6 14 -7 -8 11 -10 18 -12 -13 13 20 -16 -17 25 -19 -20 -21 21 22 -24 24 -26 -27 27 -29 29 -31
leaf_value=0.0079771913934425006 0.10889672875494288 0.0098116281825148376 0.076874496297069467 -0.0050304257345579403 0.0035306391938080871 0.044452497722706125 0.083804503365972338 0.079774609335603597 0.064967243706338107 0.031305225692971804 0.08384490647563185 0.019854183941949582 -0.0097421467768253472 -0.045023502553663226 0.014800076658129355 -0.040830006008826851 -0.044820739525522395 0.03734650460801086 -0.031886148523215876 -0.039051050176134694 -0.042581862407568873 -0.022223477719947912 -0.036797974622952687 0.043878488472022553 -0.0031110469880894025 -0.0091350157311068103 -0.0001263092342126433 -0.031779923677190965 0.0050640396010766158 -0.034820455328660224
leaf_weight=1.5523405447602261 4.4555158130824557 3.7997294869273963 11.278456173837183 6.2036580797284904 3.5007462538778764 1.6025041602551926 7.2565612383186808 5.3005191758275014 3.5615120232105246 3.7525410167872888 3.764761233702302 4.9984727427363396 2.5991924498230246 6.7999412044882792 2.7249827161431304 7.6049060076475143 45.814296789467335 2.9444615431129932 5.9347475487738848 2.8356225714087486 4.7857334502041331 2.4528767671436054 2.4817148242145777 2.6744693145155907 2.1246023420244455 1.4060070775449265 1.9488516207784408 1.6350070238113401 1.6771146152168515 2.0863349009305239
leaf_count=65 48 71 100 97 87 36 85 64 39 70 75 59 79 234 61 179 1974 92 102 65 177 84 85 82 73 62 75 72 60 75
internal_value=0.00218414 0.0391919 0.0334862 0.0243885 0.00625 -0.0315574 0.0515936 0.0334509 0.0211293 0.0106446 0.0521449 0.055024 -0.033537 -0.0200009 -0.0189013 -0.02771 -0.0409319 0.0171537 -0.0164261 -0.000132538 -0.0285554 -0.0193121 -0.00496994 0.00906143 0.0261265 -0.0425515 -0.0433025 -0.0183498 -0.0384914 -0.0197148
internal_weight=161.558 76.9727 72.5172 61.2388 37.4795 84.5854 23.7592 16.5026 23.6489 20.0874 7.56449 10.299 82.9829 30.6264 13.8306 11.1057 52.3565 5.54365 12.5229 6.58816 25.0828 14.5194 9.73366 7.25195 4.79907 50.8042 49.3982 3.58386 10.5634 3.76345
internal_count=4527 1202 1154 1054 749 3325 305 220 422 383 146 123 3289 1041 327 266 2248 171 237 135 870 501 324 239 155 2183 2121 147 369 135
is_linear=0
shrinkage=0.05


Tree=13
num_leaves=31
num_cat=0
split_feature=1 0 7 3 10 12 0 1 6 5 5 10 6 1 1 1 6 5 2 5 7 0 7 1 5 5 2 7 2 9
split_gain=57.467 10.4549 8.96438 8.41114 8.84527 6.63308 6.61928 10.1268 4.58916 7.53659 4.48924 4.44136 3.64618 3.22608 5.83992 2.83455 2.30605 2.23476 2.19608 6.01082 2.18557 1.45369 1.37695 1.31512 0.947249 0.707586 0.377689 0.308091 0.336443 0.220143
threshold=0.0088221450000000017 3.7215250000000006 0.033911000000000004 4.5000000000000009 15.500000000000002 1.5000000000000002 0.18333800000000003 0.00043998150000000005 0.14253400000000002 7.4714000000000009 3.7607600000000003 2.5000000000000004 0.021686300000000002 0.028418900000000004 0.015868300000000005 0.0036621050000000001 0.036699550000000004 1.726005 2.1387150000000008 2.7154500000000001 -0.037632299999999994 5.3773800000000014 0.13815900000000003 0.016236350000000004 5.8038350000000003 6.039035000000001 0.0008696165000000002 -0.037632299999999994 33.255450000000003 494.00000000000006
decision_type=2 2 2 2 2 2 2 2 2 2 2 2 2 2 2 2 2 2 2 2 2 2 2 2 2 2 2 2 2 2
left_child=2 13 6 10 8 25 7 -1 9 23 -3 12 -7 14 16 26 24 -9 -17 -20 -21 -13 -12 -5 -2 -4 -8 -28 29 -29
right_child=1 3 5 4 -6 11 15 17 -10 -11 22 21 -14 -15 -16 18 -18 -19 19 20 -22 -23 -24 -25 -26 -27 27 28 -30 -31
leaf_value=-0.042924190626351583 0.015333755116855858 0.021946690359555474 -0.04209363674461436 0.019195214621877357 -0.025063495441832225 -0.038442657978689891 -0.010122351859792532 0.068585721749329462 0.089012045269951101 0.076882815677016186 -0.044769548362225652 0.073765926686901864 0.032277296915045071 0.08037878853341994 0.0026446475828955218 -0.042719644754372919 0.082311019637337696 0.0059704795787556553 0.054214674244292653 -0.037656193355587737 0.01565691103281977 0.017326824162832717 -0.0067401773629554287 -0.016835982595171804 0.051144824108202182 -0.005306716143174392 -0.012454374113325202 -0.016187568319632566 -0.012552849449700114 -0.047710722914103262
leaf_weight=5.1697298884391767 4.7833725903183275 5.6174430549144736 4.0199826285243061 3.8338422998786026 4.1800132635980836 2.7603384274989349 1.4654258675873268 3.1571236569434404 4.8616866767406455 4.3232943322509518 5.6913691535592061 3.3625005148351192 2.5515882484614849 9.7182773128151876 6.9047825001180163 4.7693132236599913 5.9172297883778802 2.4838010128587484 2.3102602921426287 6.1950789708644134 1.9883137755095956 2.6096279956400394 4.3321865759789944 4.3196930009871721 4.2150004729628563 2.2035641837865114 1.6045330446213473 1.8853791523724783 1.6193570364266623 43.227675694972277
leaf_count=223 69 97 103 67 64 73 67 80 59 62 144 73 51 71 97 157 76 69 62 193 58 62 63 63 55 58 62 77 72 2011
internal_value=0.000308305 0.0347404 -0.0251215 0.0160942 0.0357228 0.00681427 -0.0324832 0.00347895 0.050945 0.0306077 -0.0114343 0.0288525 -0.00474051 0.0555399 0.0414397 -0.0384205 0.0581043 0.0460658 -0.0179026 -0.00388796 -0.0244084 0.0551262 -0.0304357 0.000352255 0.0355459 -0.0316063 -0.0442325 -0.0450405 -0.045875 -0.0467729
internal_weight=162.082 68.6982 93.3836 37.1595 21.5185 17.5076 75.876 10.8107 17.3385 12.4768 15.641 11.2841 5.31193 31.5387 21.8204 65.0653 14.9156 5.64092 15.263 10.4937 8.18339 5.97213 10.0236 8.15354 8.99837 6.22355 49.8024 48.3369 46.7324 45.1131
internal_count=4538 987 3551 619 315 420 3131 372 251 192 304 259 124 368 297 2759 200 149 470 313 251 135 207 130 124 161 2289 2222 2160 2088
is_linear=0
shrinkage=0.05


Tree=14
num_leaves=30
num_cat=0
split_feature=1 6 1 4 6 6 4 0 13 11 3 0 0 1 11 6 2 0 5 2 1 0 5 10 0 2 2 5 2
split_gain=62.731 8.52128 7.49524 7.02687 6.25923 5.59392 5.14348 5.42255 4.74577 5.31433 4.26092 4.13798 3.20232 4.75333 2.60406 2.41096 3.50219 3.38399 4.10564 3.18205 2.05455 1.82029 1.64985 0.852736 0.427689 1.0794 0.433336 0.0213494 0.0154938
threshold=0.0062860200000000007 0.0061921450000000005 0.028418900000000004 9.3900050000000004 0.07514040000000001 0.065560350000000017 2.5388800000000002 7.9616350000000002 1.0000000180025095e-35 11.500000000000002 6.5000000000000009 4.9449450000000015 -0.11911949999999999 0.00043998150000000005 15.500000000000002 0.006615750000000001 1.9859850000000001 3.8321600000000005 1.9422650000000001 8.9577500000000025 0.0005391040000000001 5.0046200000000001 7.8885750000000003 7.5000000000000009 0.13728400000000004 4.466800000000001 0.0037437150000000003 5.0494950000000012 33.255450000000003
decision_type=2 2 2 2 2 2 2 2 2 2 2 2 2 2 2 2 2 2 2 2 2 2 2 2 2 2 2 2 2
left_child=5 23 3 4 6 12 7 8 9 -3 21 -4 13 -1 -6 24 20 18 -18 -20 -17 -5 -9 -2 25 -14 -26 -19 -28
right_child=1 2 11 10 14 -7 -8 22 -10 -11 -12 -13 15 -15 -16 16 17 27 19 -21 -22 -23 -24 -25 26 -27 28 -29 -30
leaf_value=-0.037559933390937723 -0.0032316382092782703 0.019933071727804424 0.079699659919264074 0.042347307535941729 -0.044474460320037913 0.032163251253716045 -0.02436601000305158 -0.036888083613088894 0.0029367773331284135 0.088109780963974871 0.084264318868356045 0.032773760702444296 -0.035930567842934268 0.042127938441034116 0.0093749422884562925 0.011722269655664114 0.062740725986622364 -0.038723726625651045 -0.031146683312438694 0.035072410685654483 -0.044623341966268978 0.0043367708765831422 0.014957427340005878 -0.039661992298713977 -0.010516388636623832 0.010368521854166703 -0.048388096048885193 -0.01351150668394616 -0.021783592457918076
leaf_weight=2.7604586146771899 3.0789174959063521 5.8719520792365163 11.493922725319864 8.6709898021072167 5.224025769159196 2.5804705228656521 4.2372380755841723 2.4558982308953992 5.2999525908380738 6.4130967296659946 5.0722774844616643 11.319971583783625 2.3147915638983245 2.728297820314765 3.0453796964138746 1.4032474234700227 2.0711108930408937 2.9942594338208437 3.9342831317335367 1.8980086669325826 14.007199101150034 5.0407707560807458 2.0018943194299936 2.8667420651763678 1.4910022746771563 1.4480942673981188 35.474512288346887 1.6700845919549463 2.4294144175946704
leaf_count=125 67 115 81 97 107 71 74 74 114 112 54 116 90 65 59 65 70 105 129 60 585 77 53 59 71 54 1649 59 99
internal_value=0.000121944 0.0305678 0.0350824 0.0240549 0.0101147 -0.0314217 0.0219375 0.0315095 0.0435107 0.0594763 0.0478878 0.0587696 -0.0339498 0.00243851 -0.0257713 -0.0367523 -0.0238666 -0.00369348 0.0157959 -0.00761771 -0.0390909 0.0296183 -0.0151308 -0.0239782 -0.0443761 -0.019677 -0.0461898 -0.0336755 -0.0472867
internal_weight=161.298 82.093 76.1474 53.3335 34.5494 79.2052 26.28 22.0428 17.585 12.285 18.784 22.8139 76.6248 5.48876 8.26941 71.136 27.9782 12.5677 7.9034 5.83229 15.4104 13.7118 4.45779 5.94566 43.1578 3.76289 39.3949 4.66434 37.9039
internal_count=4556 1259 1133 936 708 3297 542 468 341 227 228 197 3226 190 166 3036 1073 423 259 189 650 174 127 126 1963 144 1819 164 1748
is_linear=0
shrinkage=0.05


Tree=15
num_leaves=29
num_cat=0
split_feature=1 4 13 1 5 6 0 7 7 5 3 0 1 4 4 11 0 7 1 3 5 7 1 2 2 0 2 2
split_gain=51.4597 8.73839 5.83597 5.33978 6.50694 6.1615 5.82619 4.54866 4.26461 3.72269 3.7011 3.67336 8.58976 3.17431 5.21843 3.69277 2.61032 2.54672 2.5461 2.1383 1.53902 1.26394 1.2316 0.456197 0.670637 0.682472 0.440345 0.0984561
threshold=0.0062860200000000007 6.8747500000000015 1.0000000180025095e-35 0.028418900000000004 0.84303850000000013 0.071744250000000023 0.94061000000000006 0.021032250000000006 -0.11709949999999998 1.5553000000000001 6.5000000000000009 0.18333800000000003 0.00057440700000000019 0.00078493050000000015 1.1654100000000003 11.500000000000002 1.2196950000000002 0.14474050000000002 0.010137200000000001 3.5000000000000004 9.6344500000000028 -0.028748849999999996 0.0054954150000000009 11.621250000000002 15.989650000000003 6.3941750000000006 0.0008696165000000002 33.255450000000003
decision_type=2 2 2 2 2 2 2 2 2 2 2 2 2 2 2 2 2 2 2 2 2 2 2 2 2 2 2 2
left_child=7 3 10 5 -5 6 -2 11 -8 19 17 12 -1 -10 18 -16 -11 -3 -15 -9 -18 -7 23 26 25 -25 -13 -26
right_child=1 2 -4 4 -6 21 8 9 13 16 -12 22 -14 14 15 -17 20 -19 -20 -21 -22 -23 -24 24 27 -27 -28 -29
leaf_value=-0.043794892678099183 0.055830175398111984 0.013086863117658826 0.0066655844170174523 0.069427856364281018 0.011205985349864896 -0.0041937934713633948 -0.034614950412559554 0.0559717305940471 0.052121318483332263 0.018186959501206516 0.093078034816853852 -0.0093031874213479315 0.040622412584851497 0.0068476077856872569 -0.0061832519091331367 0.06065778287553493 -0.044285157657231809 0.058599715601384786 -0.043550559788640059 -0.0053246653327346819 0.0063504420789796852 -0.044462982615851097 -0.0015844450398433932 -0.01996100952041463 -0.04074423014437456 0.01626197090205294 -0.046062912871196217 -0.012644024545442901
leaf_weight=5.8361173365265113 5.8033723197877434 5.6122713610529962 6.3598473370075217 7.5658880025148418 11.999978113919495 3.1671077273786068 4.8153412155807045 2.2499403897672883 3.3041248526424196 2.5879751816391927 6.6408844105899325 1.4177694395184506 4.4095576088875532 4.107579689472912 3.3098898138850918 3.8425039816647768 5.9928272515535355 8.4620450325310212 4.6005074921995401 2.2485070675611496 1.6188019942492244 5.2203960176557285 2.0261623896658412 2.2461454570293413 3.923381706699729 1.239628169685602 38.843884080648422 1.6249365154653785
leaf_count=252 79 76 86 58 112 70 138 58 72 75 60 66 114 109 62 69 207 82 95 64 61 105 66 109 186 54 1878 72
internal_value=0.000253122 0.0269034 0.0499113 0.015448 0.0360009 0.00426274 0.0149766 -0.0293481 0.0032504 -0.00402508 0.06227 -0.0352326 -0.00708163 0.0140093 0.00344924 0.0327617 -0.0203394 0.0425231 -0.0215213 0.0299371 -0.0340293 -0.0313239 -0.0406097 -0.0421503 -0.0261274 -0.00632568 -0.0450253 -0.0357022
internal_weight=161.077 84.8117 27.075 57.7367 19.5659 38.1708 29.7833 76.2656 23.9799 14.6981 20.7152 61.5676 10.2457 19.1646 15.8605 7.15239 10.1996 14.0743 8.70809 4.49845 7.61163 8.3875 51.3219 49.2957 9.03409 3.48577 40.2617 5.54832
internal_count=4535 1273 304 969 170 799 624 3262 545 465 218 2797 366 407 335 131 343 158 204 122 268 175 2431 2365 421 163 1944 258
is_linear=0
shrinkage=0.05


Tree=16
num_leaves=31
num_cat=0
split_feature=1 1 7 5 8 7 7 1 4 4 13 7 4 11 5 3 9 1 3 9 1 1 10 1 8 8 12 9 7 7
split_gain=55.1707 4.72599 7.71728 6.63717 6.29686 7.84031 5.35227 4.8284 4.26926 3.99396 3.90025 3.46093 4.55673 3.60355 3.11115 2.79384 2.66873 1.72482 1.30985 0.812614 2.37652 4.92761 0.961552 0.786263 0.741195 0.753436 0.582323 0.512076 0.171439 0.734586
threshold=0.0062860200000000007 0.047517500000000011 -0.093741799999999986 1.32162 12.475000000000001 0.27338450000000009 0.11798650000000001 0.010592250000000003 30.521150000000002 30.521150000000002 1.0000000180025095e-35 0.021032250000000006 1.0089900000000003 16.500000000000004 4.7665100000000011 1.0000000180025095e-35 1748.5000000000002 0.0052797850000000012 6.5000000000000009 1211.5000000000002 0.0015518550000000002 0.0021779550000000001 13.500000000000002 0.0050473900000000014 10.975000000000001 14.008350000000002 4.5000000000000009 3787.5000000000005 -0.028748849999999996 -0.04135334999999999
decision_type=2 2 2 2 2 2 2 2 2 2 2 2 2 2 2 2 2 2 2 2 2 2 2 2 2 2 2 2 2 2
left_child=11 2 15 7 8 6 14 -4 10 -8 26 17 -13 23 -6 -2 -9 19 -17 20 24 -22 27 -14 -1 -26 -5 28 29 -21
right_child=1 -3 3 4 5 -7 9 16 -10 -11 -12 12 13 -15 -16 18 -18 -19 -20 22 21 -23 -24 -25 25 -27 -28 -29 -30 -31
leaf_value=-0.045051055245871288 0.020589401980957184 0.05561138142599599 -0.035818235213180311 0.10231951806396776 0.035965218349016136 -0.026541916634263776 0.020352545864112049 -0.0059688710082358189 0.018960500662001875 0.085513132028282257 0.022667013865277485 0.049802108103776721 -0.039823238794495591 0.023815161424213915 -0.019244804066998866 -0.038198085416167094 0.047228994276587818 0.0035860875921355467 0.0024491876835115063 -0.036691762065511016 0.053906560000572382 -0.029545567147841723 -0.0065114658558327711 -0.0040373504683165187 0.012359603488405424 -0.028672510129282416 0.054279563316095604 -0.0051981475513269695 -0.045234503921747382 0.0014188068186049355
leaf_weight=7.1235629059374315 3.7509496156126252 13.726175665855406 4.9477921444922677 6.2409906387329155 3.5102530010044628 5.909557554870843 5.0446310043334943 4.1576135456562024 6.2848689854145041 5.3189497776329517 4.2470330093055955 1.9634923692792643 7.4811903033405525 2.9877251200377932 4.9175381790846586 5.9156734142452461 3.9041216652840376 2.6472436673939219 2.6170180160552263 2.4999591410160065 1.8616476226598013 3.6382805872708559 2.3842770978808394 2.1709325294941664 1.376771876588464 1.2812877669930456 5.896905031055212 1.1989185009151686 33.427370289340622 1.8669552467763342
leaf_count=310 74 104 108 72 71 71 76 64 66 53 71 58 252 96 96 145 57 87 57 99 81 148 112 64 62 64 87 52 1693 78
internal_value=0.00220118 0.0291781 0.0234977 0.0307659 0.039293 0.0205562 0.0359605 -0.000871394 0.0579775 0.0583774 0.070992 -0.0292997 -0.00692122 -0.0187379 0.00512637 -0.0118557 0.0221626 -0.0346039 -0.0267822 -0.0364195 -0.0236334 0.00264941 -0.0404725 -0.032909 -0.0372865 -0.00985066 0.0848885 -0.0423344 -0.0433481 -0.0231701
internal_weight=160.3 86.3901 72.6639 60.3803 47.3707 24.7009 18.7914 13.0095 22.6698 10.3636 16.3849 73.9096 14.6033 12.6398 8.42779 12.2836 8.06174 59.3063 8.53269 56.659 15.2816 5.49993 41.3775 9.65212 9.78162 2.65806 12.1379 38.9932 37.7943 4.36691
internal_count=4528 1272 1168 892 663 367 296 229 296 129 230 3256 470 412 167 276 121 2786 202 2699 665 229 2034 316 436 126 159 1922 1870 177
is_linear=0
shrinkage=0.05


Tree=17
num_leaves=31
num_cat=0
split_feature=1 0 7 0 3 9 0 2 9 11 1 7 7 3 7 0 5 5 7 15 11 3 9 12 9 9 2 0 2 0
split_gain=48.9549 9.11817 7.7065 4.27063 5.46964 9.75279 7.6724 4.76734 7.93088 4.47199 4.29149 3.58052 3.48505 4.86976 3.28758 5.55446 2.80924 2.78094 2.48889 4.49361 3.6055 2.19252 2.16512 1.70666 1.51584 6.53722 1.1573 1.05907 0.579118 0.334917
threshold=0.0062860200000000007 -0.036723699999999991 -0.41440749999999998 5.3773800000000014 5.5000000000000009 2199.0000000000005 9.3288000000000029 4.466800000000001 1723.5000000000002 5.5000000000000009 0.01503955 0.13815900000000003 0.19891000000000003 1.5000000000000002 0.006104860000000001 0.98387550000000012 0.036316250000000008 0.99898000000000009 -0.019508999999999995 1.0000000180025095e-35 11.500000000000002 3.5000000000000004 1661.5000000000002 3.5000000000000004 1653.5000000000002 1341.5000000000002 12.051450000000001 2.7446800000000002 30.574300000000004 8.6375250000000019
decision_type=2 2 2 2 2 2 2 2 2 2 2 2 2 2 2 2 2 2 2 2 2 2 2 2 2 2 2 2 2 2
left_child=14 -2 -3 7 10 6 -6 8 21 -9 11 23 13 -11 18 17 -17 -16 19 29 -21 -4 -19 -5 25 -18 -15 -10 -20 -1
right_child=1 2 3 4 5 -7 -8 9 27 12 -12 -13 -14 26 15 16 24 22 28 20 -22 -23 -24 -25 -26 -27 -28 -29 -30 -31
leaf_value=-0.043756997633329964 0.088085997628362944 0.076060173255384153 0.0055105326132440947 0.0083840470246445541 -0.0011007962275931408 -0.025940754602366785 0.082240604444985307 0.073226113763164458 0.019265395694808705 0.048883499095558204 -0.046851631150469336 0.044837989351219604 0.055697741372478821 -0.027398869002517069 -0.018660297795110466 0.023349883752668662 -0.042857307766551868 0.067474059338245657 -0.045475940374397776 -0.013559408975151061 0.063256913845727833 -0.032778896930286884 0.00047768050389401242 -0.038956832995877509 -0.046579351207606812 0.047836949792914543 0.0066355526880231986 0.059691222901568863 -0.0052789200957547369 -0.0084726113340308409
leaf_weight=5.7440893407911044 4.4656235799193373 4.8943588174879542 6.5019407756626624 3.1431352812796849 4.5683157052844781 6.2213062681257716 5.8828673418611288 6.7040728051215437 4.3931423574686033 3.8874219283461597 6.509041102603077 2.5678025335073471 5.1666073948144904 4.6067677233368141 2.0578141417354372 1.6869309153407837 4.9489746596664217 2.3590876627713442 34.960926111787558 2.9947746060788631 1.6265645232051609 7.073207488283515 1.9037181250751016 2.9135314747691154 9.6749516278505308 2.0298124272376299 3.9300678186118603 4.2375549860298634 1.2070562746375788 1.3669918384402988
leaf_count=236 41 35 96 83 64 114 74 88 61 64 120 38 47 68 69 65 193 64 1804 117 62 84 67 77 412 76 59 65 59 60
internal_value=-7.47378e-05 0.0249436 0.0205487 0.0161638 0.00192145 0.0210834 0.0488964 0.0256598 0.00832747 0.0405462 -0.0191874 0.00438991 0.0248227 0.00879072 -0.0302293 -0.0145563 -0.0281538 0.0233558 -0.0378357 -0.0159572 0.0199208 -0.01532 0.0433302 -0.0166825 -0.0343979 -0.0137891 -0.0126777 0.043251 -0.0443125 -0.038855
internal_weight=160.228 87.6668 83.2011 78.3068 31.806 16.6725 10.4512 46.5008 22.2058 24.2949 15.1335 8.62447 17.5909 12.4243 72.5617 24.6613 18.3407 6.32062 47.9004 11.7324 4.62134 13.5751 4.26281 6.05667 16.6537 6.97879 8.53684 8.6307 36.168 7.11108
internal_count=4562 1278 1237 1202 570 252 138 632 306 326 318 198 238 191 3284 946 746 200 2338 475 179 180 131 160 681 269 127 126 1863 296
is_linear=0
shrinkage=0.05


Tree=18
num_leaves=31
num_cat=0
split_feature=1 0 3 6 15 4 7 1 4 0 1 1 3 9 7 8 7 6 5 8 0 4 1 1 13 7 5 9 6 1
split_gain=37.4439 7.52379 6.46615 6.44173 5.84757 4.71534 4.17259 4.27969 4.91438 4.01157 7.18323 3.84186 5.81824 3.7771 3.73711 3.24745 2.55611 2.33271 2.21702 1.84631 1.44057 1.08464 1.05668 0.737906 0.488121 0.563258 0.617867 1.6548 0.378662 0.338206
threshold=0.0074489850000000008 4.4096550000000008 4.5000000000000009 0.013577150000000001 1.0000000180025095e-35 0.80839400000000006 0.27338450000000009 0.023044300000000004 2.4795100000000008 0.18333800000000003 0.0011053550000000004 0.029931300000000004 3.5000000000000004 1065.5000000000002 0.14474050000000002 7.9750000000000005 0.047379650000000002 0.038487400000000005 0.99898000000000009 11.875000000000002 15.900200000000002 0.30151750000000005 0.0052797850000000012 0.00043998150000000005 2.5000000000000004 0.03706845000000001 0.019536600000000005 2799.5000000000005 7.3274950000000016e-05 0.0044509350000000005
decision_type=2 2 2 2 2 2 2 2 2 2 2 2 2 2 2 2 2 2 2 2 2 2 2 2 2 2 2 2 2 2
left_child=3 11 20 9 18 -6 7 8 -4 10 23 12 15 -14 -15 -2 -7 -17 -5 -20 21 -3 24 -1 25 26 27 -11 -28 -30
right_child=1 2 6 4 5 16 -8 -9 -10 22 -12 -13 13 14 -16 17 -18 -19 19 -21 -22 -23 -24 -25 -26 -27 28 -29 29 -31
leaf_value=-0.041628936111518189 0.0079868431289616387 -0.0063067431745125347 -0.023437763608282501 -0.038559279090406566 0.070116935732438365 -0.035251706309840203 -0.0073938777535011505 0.065781996109705837 0.046305768772051142 -0.036091396544513918 0.052101356690907978 0.062049918248241798 0.037283521819751225 -0.038229316964758397 0.014987936632745214 0.03201026235952336 0.028910760735764048 0.082006247288937684 -0.023638491868680649 0.026242324150169902 0.0036571820184548077 -0.039495356998926229 -0.011498643135582132 -0.0049114348326084328 -0.0056677762790933546 -0.015790506626320013 -0.012658223737159774 0.022246659959311008 -0.049463058056054519 -0.014532961799261532
leaf_weight=4.4399734921753389 4.6276476643979576 4.3807762339711172 4.2726291734725255 6.8196931630373019 3.1100151874124995 2.1453637965023518 7.2235273756086817 6.2963563036173573 3.9381374083459377 2.4304014928638931 2.8538757096976042 10.591910816729067 4.9111088551580933 5.4113744758069497 5.9763209223747253 7.0391474775969964 2.0785913839936256 5.5387407168745995 2.5830530691891909 2.8567221499979496 5.076240671798586 6.3054157458245754 3.9731932301074258 2.2237017229199409 1.2270166724920262 3.2231655474752179 1.6365514006465662 1.0620881319046018 32.600770551711321 1.748421873897313
leaf_count=232 65 106 110 279 102 81 80 65 51 135 73 65 57 88 60 97 42 69 73 88 93 114 118 61 64 107 91 58 1778 66
internal_value=-0.000929283 0.0225408 0.00581942 -0.0257644 -0.000908236 0.0319544 0.0230636 0.0377281 0.011409 -0.0340854 -0.0039459 0.0363139 0.0266154 0.00461565 -0.0113453 0.0460574 -0.00418744 0.0584445 -0.0214949 0.00256397 -0.0179117 -0.0275937 -0.0398707 -0.0316158 -0.0421238 -0.0430177 -0.0447956 -0.0173475 -0.0469184 -0.0481465
internal_weight=158.602 81.5893 37.4931 77.0126 19.5934 7.33397 21.7307 14.5071 8.21077 57.4192 9.51755 44.0963 33.5043 16.2988 11.3877 17.2055 4.22396 12.5779 12.2595 5.43978 15.7624 10.6862 47.9016 6.66368 43.9284 42.7014 39.4782 3.49249 35.9857 34.3492
internal_count=4568 1120 619 3448 665 225 306 226 161 2783 366 501 436 205 148 231 123 166 440 161 313 220 2417 293 2299 2235 2128 193 1935 1844
is_linear=0
shrinkage=0.05


Tree=19
num_leaves=26
num_cat=0
split_feature=1 7 0 1 0 11 3 0 13 7 12 11 6 12 1 1 1 11 9 2 7 2 9 7 7
split_gain=41.2738 6.85452 7.74154 8.90992 5.20185 7.3579 6.48435 4.65964 4.84296 3.88293 3.7323 3.7319 4.96268 3.55308 2.91336 2.73012 2.34752 2.32081 2.10955 1.8937 3.354 1.77115 1.55828 0.906104 0.601764
threshold=0.0075885600000000011 0.033911000000000004 0.18333800000000003 0.00043998150000000005 3.7215250000000006 20.500000000000004 4.5000000000000009 3.2344900000000005 1.0000000180025095e-35 -0.10277599999999999 3.5000000000000004 9.5000000000000018 0.039688050000000009 1.0000000180025095e-35 0.0049680400000000008 0.0036621050000000001 0.024580600000000005 13.500000000000002 1497.5000000000002 2.1387150000000008 -0.043461899999999991 7.0194600000000014 1603.5000000000002 -0.078083099999999975 -0.039200299999999993
decision_type=2 2 2 2 2 2 2 2 2 2 2 2 2 2 2 2 2 2 2 2 2 2 2 2 2
left_child=1 2 3 -1 7 6 9 8 13 -6 18 -8 -13 -2 -12 24 21 -11 -3 -17 23 -15 -5 -21 -4
right_child=4 10 15 22 5 -7 11 -9 -10 17 14 12 -14 16 -16 19 -18 -19 -20 20 -22 -23 -24 -25 -26
leaf_value=-0.041381945272462778 0.059852606511587775 0.01557877095149245 -0.0060967343498288919 0.063498734024719061 -0.042677601845708277 -0.038003296919975948 0.01015645622258016 0.078101165848565579 -0.0084069048907437355 0.028436129036720621 0.061665124170432434 0.013356580977989014 0.076203784717820647 -0.011443124125925828 -0.0026298377732888994 -0.041120223352423824 0.042536553994819454 -0.015327855063058055 -0.034098122685978796 0.0025275391389259468 0.032956702212595786 0.026649167964956449 0.0085275939847865422 -0.038893822060730776 -0.047102617703849138
leaf_weight=4.3159790020436031 11.100377269089224 2.6918434295803291 1.243440620601169 3.3297031410038471 3.7970907073467979 5.2270738724619141 8.7736318502575177 5.6541620753705493 6.4026043098419896 6.3170743007212842 2.9678825978189707 5.6209591664373857 7.9345574826002121 5.8946584593504685 3.028018556535244 3.9580098595470172 7.1463684290647498 4.3361801654100418 4.6438365466892719 1.7842319272458551 3.1503089293837547 4.5491733960807323 2.3383044898509979 3.063606683164835 38.683558911085136
leaf_count=234 98 65 55 74 95 87 116 64 80 109 78 88 86 81 72 147 48 82 135 50 100 57 68 110 2241
internal_value=0.00146106 -0.0251764 -0.0320926 0.00759404 0.0256782 0.0128689 0.0209133 0.0382589 0.0298535 -0.00507764 0.00691878 0.0372301 0.0528515 0.0383873 0.0334606 -0.0397288 0.0223506 0.0108362 -0.016187 -0.0168342 -0.0015816 0.00602809 0.0455006 -0.0258235 -0.0460057
internal_weight=157.953 75.1987 61.8671 9.98399 82.7539 42.0066 36.7795 40.7473 35.0932 14.4503 13.3316 22.3291 13.5555 28.6906 5.9959 51.8832 17.5902 10.6533 7.33568 11.9562 7.99815 10.4438 5.66801 4.84784 39.927
internal_count=4520 3429 3079 376 1091 663 576 428 364 286 350 290 174 284 150 2703 186 191 200 407 260 138 142 160 2296
is_linear=0
shrinkage=0.05


Tree=20
num_leaves=31
num_cat=0
split_feature=1 6 0 6 3 6 2 7 5 2 2 7 9 5 5 6 0 0 1 1 2 3 2 2 6 9 7 9 2 8
split_gain=34.7879 8.87723 5.35125 5.35004 5.18307 6.76339 4.98812 5.67051 5.52724 4.61783 10.672 4.28783 4.23347 4.11159 3.74848 3.38543 2.53699 2.44331 7.68149 2.18056 1.65962 1.1455 0.634401 0.753296 1.41068 0.606382 0.455457 0.858649 0.443309 0.0312729
threshold=0.0062860200000000007 0.0068507150000000011 3.6853600000000006 0.07514040000000001 6.5000000000000009 0.036699550000000004 0.10577600000000002 0.27338450000000009 6.8441050000000017 6.1642100000000015 3.2098850000000003 0.021032250000000006 1512.5000000000002 4.3602150000000011 1.5553000000000001 0.16360600000000003 1.2196950000000002 0.18333800000000003 0.0011053550000000004 0.0052797850000000012 18.825600000000005 3.5000000000000004 0.00066264150000000012 11.621250000000002 0.0045242150000000007 494.00000000000006 -0.0011624849999999998 2234.5000000000005 5.446905000000001 16.258350000000004
decision_type=2 2 2 2 2 2 2 2 2 2 2 2 2 2 2 2 2 2 2 2 2 2 2 2 2 2 2 2 2 2
left_child=11 29 3 4 5 13 -4 8 9 10 15 17 -10 -3 -13 -8 -16 18 28 22 -18 -11 -19 25 26 -24 -25 -28 -1 -2
right_child=1 2 6 -5 -6 -7 7 -9 12 21 -12 14 -14 -15 16 -17 20 19 -20 -21 -22 -23 23 24 -26 -27 27 -29 -30 -31
leaf_value=-0.043098318110308245 -0.033965075365097019 -0.021697342070345148 0.061777458123711784 0.0094008644863331353 0.081708187439553978 0.068560979058366653 -0.042186441199663777 -0.025980635984170049 0.082669773010123918 -0.042368647139810756 0.080190680733301781 0.033622888731921034 0.014753058967023256 0.030879223162492388 0.019737158414682321 0.016023588010741885 -0.043602481988524643 -0.00025441844475511139 0.048685972250901655 0.005872445989571015 0.0096555991806878787 -0.0049829257915679111 -0.0050769204919386083 -0.040415620735578334 0.017518506847791881 -0.046119758467213945 0.014476165935567487 -0.029208049449772223 -0.0048983080674753201 -0.014890935715135781
leaf_weight=5.1948111113160831 4.2483673561364403 5.1384824272245231 3.6829198170453301 12.056706409901379 8.5049494896084052 7.6758356150239697 3.7623670063912922 9.0260021369904262 3.6999754607677442 3.8264991734176865 3.8171964026987544 4.2552669066935769 5.5526139289140701 8.7119097709655744 2.50402066670358 4.4363442324101925 5.4892982374876738 0.99108590558171172 2.9796391893178225 2.5053902324289075 1.4789887480437753 4.0869342777878046 1.1979400310665393 3.8363524386659265 1.1978600937873123 30.486863274127245 1.3071180814877146 1.3445816496387122 1.1832446772605179 2.9680585246533155
leaf_count=236 82 78 58 118 75 83 81 106 51 83 59 116 107 105 70 53 210 54 72 87 60 66 61 216 49 1799 75 78 56 63
internal_value=0.00156736 0.0214789 0.0260959 0.038547 0.0495683 0.0338064 0.0129792 0.00681984 0.0174897 0.00203813 0.0209357 -0.0258747 0.0473263 0.0112258 -0.000893339 -0.012371 -0.0181291 -0.032301 -0.00810292 -0.0372782 -0.0325055 -0.0257858 -0.0400339 -0.0410042 -0.0221098 -0.0447708 -0.0307886 -0.00960715 -0.037636 -0.0288872
internal_weight=157.148 91.1952 83.9787 42.0879 30.0312 21.5262 41.8909 38.2079 29.1819 19.9293 12.0159 65.9525 9.25259 13.8504 13.7276 8.19871 9.47231 52.2249 9.35769 42.8672 6.96829 7.91343 40.3618 39.3707 7.68591 31.6848 6.48805 2.6517 6.37806 7.21643
internal_count=4507 1268 1123 459 341 266 664 606 500 342 193 3239 158 183 456 134 340 2783 364 2419 270 149 2332 2278 418 1860 369 153 292 145
is_linear=0
shrinkage=0.05


Tree=21
num_leaves=31
num_cat=0
split_feature=1 6 5 10 13 4 6 7 8 1 4 0 1 15 6 5 2 4 0 2 6 2 2 1 1 0 9 2 9 7
split_gain=29.512 6.00772 7.1736 7.08647 5.11348 5.07646 5.03222 4.64252 4.52026 6.04907 4.26276 4.24258 5.84103 4.0224 3.75021 2.71915 2.68977 2.44028 2.41731 8.03565 4.75851 2.81673 4.64848 2.12694 2.51694 2.07829 1.19207 0.97732 0.956485 0.163499
threshold=0.0060891600000000006 0.006401775000000001 11.764300000000002 15.500000000000002 1.0000000180025095e-35 1.0000000180025095e-35 0.013831300000000003 0.35182300000000005 31.200000000000003 0.047517500000000011 0.83423400000000014 0.18333800000000003 0.0011053550000000004 1.0000000180025095e-35 0.036699550000000004 0.87626650000000017 1.9859850000000001 20.475000000000005 0.91247250000000013 4.466800000000001 0.11856900000000002 8.506115000000003 13.688200000000002 0.0026059900000000003 0.0030192850000000005 8.0835200000000018 1929.5000000000002 1.9162150000000002 3781.5000000000005 -0.0097754049999999992
decision_type=2 2 2 2 2 2 2 2 2 2 2 2 2 2 2 2 2 2 2 2 2 2 2 2 2 2 2 2 2 2
left_child=6 26 3 4 5 -3 11 8 9 18 14 12 27 16 -6 -15 29 -12 -7 20 -20 -21 -23 28 -25 -26 -2 -1 -13 -8
right_child=1 2 -4 -5 10 7 13 -9 -10 -11 17 23 -14 15 -16 -17 -18 -19 19 21 -22 22 -24 24 25 -27 -28 -29 -30 -31
leaf_value=-0.04121655342179132 -0.041863365502582864 -0.013379592900948071 0.058769529760750311 -0.034840517923554838 -0.010271398342930515 0.058902152295067678 -0.011731060516006647 -0.005597062373893659 -0.0046368778405416651 0.09392628558704158 -0.045718446830326914 -0.049065201430426711 0.045337969307127551 0.054390849707037586 0.057253469125994473 -0.0085240305036192159 0.017344534996005041 0.0033124670588589168 -0.038404022022416842 0.076844170224212291 0.027719101565269119 -0.0061896014010508673 0.056886854538078069 0.018915950503473885 -0.044507579584555132 0.0058943906025744871 -0.00043453503103008621 0.00040596576701760123 0.0010821054386096355 -0.042106703073632151
leaf_weight=4.0871135499328357 3.5358486305922261 6.2448426671326152 10.397471802309154 5.4910175856202832 3.6725658513605586 7.5362809151411083 1.5598766757175315 6.5717305708676568 5.0778603330254546 4.7395076602697364 5.0803657211363298 27.837887890636924 3.1115994658321142 3.241868818178772 3.0368505530059338 2.4865737818181515 2.6396256610751152 4.1380493827164173 5.3795831725001353 4.6319637261331073 3.8202618435025215 5.170713756233452 5.2232298459857702 2.5722477845847598 6.5324090262874943 2.5140792280435562 2.8475982993841171 1.9245151719078419 0.93918123655021091 4.4924933286383739
leaf_count=198 68 99 116 62 82 77 76 62 93 28 84 1775 72 114 50 72 88 52 94 56 55 76 68 114 276 98 64 90 49 193
internal_value=4.34967e-05 0.0180126 0.0215275 0.0157214 0.0201025 0.0272876 -0.0258556 0.0327267 0.0387731 0.0447746 -0.00459807 -0.0332919 -0.00218058 0.00018326 0.0237541 0.0298731 -0.0204471 -0.0255387 0.0347972 0.0252607 -0.0109206 0.0467124 0.0277187 -0.0400959 -0.0195712 -0.031308 -0.0259442 -0.0297343 -0.0474472 -0.0370515
internal_weight=156.535 92.5957 86.2123 75.8148 70.3238 54.396 63.9395 48.1511 41.5794 36.5015 15.9278 49.519 9.12323 14.4204 6.70942 5.72844 8.692 9.21842 31.762 24.2258 9.19985 15.0259 10.3939 40.3958 11.6187 9.04649 6.38345 6.01163 28.7771 6.05237
internal_count=4501 1286 1154 1038 976 708 3215 609 547 454 268 2672 360 543 132 186 357 136 426 349 149 200 144 2312 488 374 132 288 1824 269
is_linear=0
shrinkage=0.05


Tree=22
num_leaves=31
num_cat=0
split_feature=1 14 13 3 0 1 2 5 10 6 9 0 6 6 2 5 5 6 6 3 10 8 7 9 3 2 2 7 2 9
split_gain=35.018 12.7598 9.38504 7.77275 7.78579 6.04953 5.50696 6.30597 4.21171 4.01298 3.64875 4.86631 3.44039 3.42051 3.77715 2.94235 2.79518 2.75922 2.5198 2.10689 2.06155 1.79348 1.73619 1.39231 0.737296 0.709946 0.667121 0.77013 0.662218 0.589004
threshold=0.0036621050000000001 1.0000000180025095e-35 1.0000000180025095e-35 1.0000000180025095e-35 -0.036723699999999991 0.027694300000000002 2.8700450000000006 3.2367950000000003 9.5000000000000018 0.024391250000000003 1211.5000000000002 0.18333800000000003 0.16360600000000003 0.0061921450000000005 13.688200000000002 3.4476400000000003 5.6912800000000017 0.013831300000000003 0.023474300000000003 5.5000000000000009 16.500000000000004 20.275000000000002 0.10169850000000001 1512.5000000000002 5.5000000000000009 0.00066264150000000012 33.255450000000003 -0.035596349999999992 16.650350000000007 1723.5000000000002
decision_type=2 2 2 2 2 2 2 2 2 2 2 2 2 2 2 2 2 2 2 2 2 2 2 2 2 2 2 2 2 2
left_child=10 2 3 15 -5 6 12 -8 -7 21 11 -1 18 -9 16 -2 22 28 -6 -11 25 24 -15 -16 -4 -12 27 -27 -13 -20
right_child=1 -3 9 4 5 8 7 13 -10 19 20 17 -14 14 23 -17 -18 -19 29 -21 -22 -23 -24 -25 -26 26 -28 -29 -30 -31
leaf_value=0.033469782664560202 -0.045239136488338348 0.096621446943493797 -0.047062465524764341 0.082742922086413359 0.011701010629537524 0.061458533538349271 0.06976088053744578 -0.028941315236060777 0.012948926352108465 0.02731009310269605 -0.0015067944990609615 -0.04448901174558717 0.026618819676865319 -0.0048221805067018278 0.056450435599139794 0.0099938148593271894 -0.023590022570071204 0.019884599924403126 -0.046269626824270937 -0.015564310538434989 0.011048367350776729 0.0049066295110198541 0.036057523312557523 0.014534988210046246 -0.01090119617668214 -0.0023836288196294212 -0.0037654855232024803 -0.047767709224332114 -0.00072945359965420576 -0.012184986205916565
leaf_weight=3.6891337465494862 4.5588737763464433 3.9389880392700425 7.7950423136353511 4.9330861866474143 2.9235709216445676 12.373548589646818 4.992884872481226 3.4113810174167183 7.703338060528039 5.7323255296796543 1.0377984978258599 6.9600539682432991 3.3348847702145568 4.2372144572436827 5.6116163302212936 3.726207759231329 5.4052137266844502 1.8194618411362169 5.9381133932620269 4.1288591772317886 1.4281979203224171 2.527791339904069 4.9499003328382969 4.1239270363003016 2.5485168695449829 1.0748340394347859 1.137952247634529 30.301891592331238 1.0076950686052439 2.6645302921533585
leaf_count=112 80 49 198 45 82 94 80 105 58 103 55 425 55 104 69 81 85 78 124 68 76 70 54 74 55 52 61 1839 54 54
internal_value=0.00198774 0.0178626 0.0139738 0.0218982 0.0271381 0.0219386 0.0117693 0.0230133 0.0443432 -0.0139579 -0.0328983 -0.00984995 -0.0128854 0.0124644 0.019184 -0.0219972 0.00244894 -0.0277677 -0.0255278 0.00957845 -0.0412571 -0.0313805 0.0185807 0.041703 -0.0398992 -0.0437389 -0.0450016 -0.0463347 -0.0396531 -0.0380808
internal_weight=156.017 107.56 103.621 80.8883 72.6032 67.6701 47.5932 32.7321 20.0769 22.7325 48.457 13.4763 14.8611 27.7393 24.3279 8.28508 14.5923 9.78721 11.5262 9.86118 34.9807 12.8714 9.18711 9.73554 10.3436 33.5525 32.5147 31.3767 7.96775 8.60264
internal_count=4539 1787 1738 1244 1083 1038 886 571 152 494 2752 669 315 491 386 161 243 557 260 171 2083 323 158 143 253 2007 1952 1891 479 178
is_linear=0
shrinkage=0.05


Tree=23
num_leaves=28
num_cat=0
split_feature=1 4 7 8 5 5 2 7 5 9 2 5 7 0 13 9 0 5 1 0 7 7 5 7 9 5 11
split_gain=22.0661 5.47119 5.40487 4.96564 11.1726 6.66468 7.88749 7.03787 3.45542 3.40107 4.47502 8.7124 5.08978 4.99827 3.259 2.98501 2.31536 1.81187 3.70676 1.76169 1.74381 1.82218 1.17522 1.06868 0.587889 0.482769 0.332179
threshold=0.0062860200000000007 8.0593750000000011 0.090811750000000011 8.1416650000000015 5.4491200000000006 3.7607600000000003 2.9618650000000004 -0.18084649999999997 0.040182100000000005 1653.5000000000002 1.9162150000000002 1.9422650000000001 0.006104860000000001 1.2196950000000002 1.0000000180025095e-35 1280.5000000000002 2.6182350000000008 0.043692700000000008 0.00058869500000000008 -0.23639949999999996 -0.034107149999999996 -0.051868699999999997 6.6680450000000002 0.13815900000000003 527.00000000000011 2.9378750000000005 12.500000000000002
decision_type=2 2 2 2 2 2 2 2 2 2 2 2 2 2 2 2 2 2 2 2 2 2 2 2 2 2 2
left_child=2 3 9 4 -2 6 7 -5 -9 10 19 -12 25 -14 15 -3 -7 18 -11 -1 21 -19 -15 -18 -21 -13 -10
right_child=1 14 -4 5 -6 16 -8 8 26 17 11 12 13 22 -16 -17 23 20 -20 24 -22 -23 -24 -25 -26 -27 -28
leaf_value=0.010737504200502131 -0.007820691781053761 0.019664586496570408 0.050072516294533201 0.047144427309797017 0.073712603364254448 0.0010406410951847671 0.063549667376614827 0.01458350031529817 -0.019176836017150867 0.037161604172594363 0.073800845668000797 -0.0046560381898480604 0.070715230768938195 -0.034240234541917956 -0.00030461492876170603 0.058135999998589219 -0.042631734648312464 -0.033704714593389522 -0.03804351469078715 -0.0042631713735536121 -0.047087805680910033 0.023711101951707406 0.015015918127254321 -0.013367368363505397 -0.046072399630275075 -0.043836161132678214 -0.045473957459899322
leaf_weight=1.4220665832981474 9.0440166778862459 11.407186482101684 1.4532536696642626 4.5336404982954326 6.5806332286447278 7.656920067965987 5.3327632993459693 4.5880741998553267 4.7796449605375511 1.8480955101549614 2.5932733807712784 1.1728219129145125 1.8586803125217555 2.0056626982986931 6.2898691948503247 10.956525214016436 9.0751787517219764 1.9105776343494656 2.9041576581075788 1.1547507504001266 24.786988090723753 1.6824378687888408 1.280746169388294 6.3654210567474356 8.9707710547372681 6.0682375077158213 4.5481167938560247
leaf_count=51 118 97 31 40 80 87 83 60 87 118 104 62 49 93 80 105 233 80 159 57 1487 71 57 96 484 340 80
internal_value=-0.0016482 0.0138873 -0.024672 0.00540051 0.028887 -0.0028672 0.0154017 -0.00106718 -0.0188817 -0.0272882 -0.0132178 0.00492575 -0.0139305 0.0217222 0.0315937 0.0401942 -0.0215362 -0.0378363 -0.00742111 -0.0352702 -0.0425034 -0.00751067 -0.0160197 -0.0321143 -0.0421161 -0.0388252 -0.0351606
internal_weight=152.271 91.158 61.1125 62.5044 15.6246 46.8798 23.7822 18.4495 13.9158 59.6593 26.527 14.9794 12.3861 5.14509 28.6536 22.3637 23.0975 33.1323 4.75225 11.5476 28.38 3.59302 3.28641 15.4406 10.1255 7.24106 9.32776
internal_count=4489 1246 3243 964 198 766 350 267 227 3212 1297 705 601 199 282 202 416 1915 277 592 1638 151 150 329 541 402 167
is_linear=0
shrinkage=0.05


Tree=24
num_leaves=31
num_cat=0
split_feature=1 6 7 0 1 5 0 0 1 5 1 1 7 0 1 6 9 0 5 6 9 1 13 4 4 2 3 9 6 6
split_gain=24.7687 6.21631 4.72666 4.51899 5.12401 4.00387 5.14758 4.54451 5.98154 4.22976 7.02593 3.94139 3.58142 3.14034 2.88734 3.12352 2.86783 2.42397 1.8104 5.24125 1.7969 0.80178 0.821429 2.04467 2.43254 0.61929 0.578884 0.273751 0.169186 1.85089
threshold=0.0062860200000000007 0.0061921450000000005 0.033911000000000004 0.18333800000000003 0.00043998150000000005 19.187150000000006 -0.036723699999999991 0.67527350000000008 0.028418900000000004 1.4770050000000003 0.010592250000000003 0.013332000000000002 0.32816550000000005 16.638450000000002 0.0030192850000000005 0.023474300000000003 436.00000000000006 3.6853600000000006 3.8186450000000005 0.014017050000000001 1228.5000000000002 0.0052797850000000012 1.5000000000000002 0.055215700000000006 0.00033335950000000004 33.255450000000003 4.5000000000000009 1929.5000000000002 0.013831300000000003 0.016656050000000002
decision_type=2 2 2 2 2 2 2 2 2 2 2 2 2 2 2 2 2 2 2 2 2 2 2 2 2 2 2 2 2 2
left_child=2 27 3 4 -1 6 -3 -8 9 11 18 -9 -10 17 -4 -16 -5 -12 -11 -20 -6 22 25 24 -24 28 -19 -2 -18 -30
right_child=1 5 14 16 20 -7 7 8 12 10 13 -13 -14 -15 15 -17 21 26 19 -21 -22 -23 23 -25 -26 -27 -28 -29 29 -31
leaf_value=-0.039913979139320759 -0.040026011599085719 0.059631025468667664 0.04302349238813493 0.029281703199998184 0.050392859994561549 0.059254699843483596 -0.02216793429156258 -0.040513197419057137 0.055570667260334106 0.059644973432156516 0.0070676451333438767 0.014608884781392356 0.012245496410042134 0.032750692095578349 -0.03328372968720078 0.02562240221255507 -0.048860477653383534 -0.037396281701691 0.052585982659546754 -0.016354822532358367 -0.00096293897160589176 -0.0082765751727676053 -0.025752491850505956 -0.038470054113957187 0.054365912890088824 -0.004738931435174459 -0.010802567903169193 -0.012129054022949859 0.01791975672266365 -0.040782794539949624
leaf_weight=3.6486265165731293 2.9554887618869534 5.5841532237827769 2.6852952875196916 0.87943874765187402 2.8975065611302853 5.2116394843906155 7.3719009347259989 6.725821787491439 12.152210984379055 6.3533724267035714 9.2757574468851143 4.8886975925415754 8.5880063101649267 4.121017074212431 4.5495116375386715 2.8618780542165041 25.361894126981504 5.3072317298501712 5.0943526756018382 4.3610379677265882 2.9600874539464712 2.495106875896453 1.0281036663800467 3.1208562739193439 0.90822953544557083 1.184591813944279 4.6965033877640963 2.7206609807908535 1.1858854852616776 3.9830383826047182
leaf_count=226 60 43 65 46 57 46 76 140 86 88 103 89 64 74 166 67 1747 105 90 83 88 88 69 212 56 66 69 62 60 218
internal_value=0.000920678 0.0166718 -0.0240909 -0.0303301 0.00067084 0.0199572 0.0168695 0.0131362 0.0170284 0.00747453 0.0152783 -0.0179928 0.0390193 -0.00233854 0.0065602 -0.0101954 -0.0375085 -0.011084 0.0399429 0.0222659 0.0280847 -0.0396944 -0.0415506 -0.0176675 0.0175436 -0.0447025 -0.0270275 -0.0304742 -0.0460536 -0.0265932
internal_weight=155.158 95.4079 59.7501 49.6534 9.50622 89.7317 84.5201 78.9359 71.564 50.8238 39.2093 11.6145 20.7402 23.4005 10.0967 7.41139 40.1471 19.2795 15.8088 9.45539 5.85759 39.2677 36.7726 5.05719 1.93633 31.7154 10.0037 5.67615 30.5308 5.16892
internal_count=4509 1278 3231 2933 371 1156 1110 1067 991 841 612 229 150 351 298 233 2562 277 261 173 145 2516 2428 337 125 2091 174 122 2025 278
is_linear=0
shrinkage=0.05


Tree=25
num_leaves=31
num_cat=0
split_feature=14 1 13 4 12 9 9 1 11 9 7 10 6 1 2 11 8 7 11 11 10 1 9 9 10 10 8 4 8 8
split_gain=24.8723 23.4008 6.41532 5.69137 5.02543 5.91731 5.74366 4.7627 4.75375 4.43923 4.35619 3.65219 3.49317 2.83716 3.11732 2.77342 1.85996 1.75521 1.69042 1.64715 1.52772 3.4164 3.15203 3.28713 1.51416 0.826679 0.686938 0.630927 0.187917 0.282101
threshold=1.0000000180025095e-35 0.0042618900000000008 1.0000000180025095e-35 8.9146600000000018e-05 5.5000000000000009 2722.0000000000005 1326.5000000000002 0.023044300000000004 11.500000000000002 1591.5000000000002 0.028446650000000004 3.5000000000000004 0.024391250000000003 0.010137200000000001 5.1092850000000007 12.500000000000002 20.275000000000002 0.21153950000000002 11.500000000000002 11.500000000000002 2.5000000000000004 0.0011053550000000004 1211.5000000000002 917.50000000000011 4.5000000000000009 18.500000000000004 17.591650000000005 14.968350000000003 38.383350000000007 46.275000000000006
decision_type=2 2 2 2 2 2 2 2 2 2 2 2 2 2 2 2 2 2 2 2 2 2 2 2 2 2 2 2 2 2
left_child=1 9 3 19 5 6 8 13 -5 10 20 -10 16 14 -6 -14 -4 18 -8 -3 21 26 23 -23 -7 28 -1 -22 -11 -30
right_child=-2 2 12 4 7 24 17 -9 11 25 -12 -13 15 -15 -16 -17 -18 -19 -20 -21 27 22 -24 -25 -26 -27 -28 -29 29 -31
leaf_value=-0.04133457448810527 0.10653699308572542 -0.042569349370796275 -0.042660153944528517 -0.0070702777402684748 -0.026595032265931365 0.0093840446521323718 0.041753442057120838 0.026060240287566278 0.06311913377186025 -0.048942590031707436 0.033604531291945537 0.012223128106757878 0.030813146447349688 -0.036109167526652962 0.034214370854649893 -0.018656169792947149 0.0036684039202024392 0.026658815625366455 0.093960257801843874 -0.00025600207034954137 -0.044385650612616734 -0.010520369284153924 -0.029885783520236627 0.075947251937017304 -0.030450223703010329 -0.00044951910629771082 0.0033149376518602121 -0.0012050891549828619 0.0029677398561395044 -0.027671204008028433
leaf_weight=4.2490143487229997 4.2280286615714422 3.697445943951605 8.7134179044514912 9.4197981078177708 2.9447872824966925 4.4965671123936763 6.1680986788123864 10.273662285879253 6.3353951135650259 24.454126801341779 3.0828896621242157 7.9561723172664642 4.8279711958020908 7.4744648281484842 3.577551668509841 4.5880362689495087 2.5955713279545298 4.9090514965355387 4.9488480966538191 4.5301756449043751 6.6400176277384153 1.4717809949070217 1.4040661845356224 1.7517000352963803 3.3663261905312538 0.99631230533122916 0.86186213418841351 1.0151490205898879 0.87363511882722322 1.1972862891852853
leaf_count=258 54 79 216 108 80 91 99 79 76 1594 81 84 80 127 78 78 68 48 65 79 406 66 80 76 65 55 61 51 60 83
internal_value=-0.000671767 -0.00440835 0.00928529 0.0156763 0.0202098 0.0294897 0.0371792 0.00156288 0.0201853 -0.0327754 -0.0141547 0.0374374 -0.0149993 -0.0169569 0.0068737 0.00723183 -0.0325929 0.0596603 0.0708304 -0.0218239 -0.0239864 -0.0092808 0.019748 0.0433245 -0.0091816 -0.0456475 -0.0344949 -0.0394603 -0.0472672 -0.0179884
internal_weight=153.049 148.821 100.823 80.0983 71.8707 47.6003 39.7374 24.2705 23.7114 47.9978 20.4765 14.2916 20.725 13.9968 6.52234 9.41601 11.309 16.026 11.1169 8.22762 17.3936 9.73842 4.62755 3.22348 7.86289 27.5214 5.11088 7.65517 26.525 2.07092
internal_count=4525 4471 1600 1158 1000 636 480 364 268 2871 1079 160 442 285 158 158 284 212 164 158 998 541 222 142 156 1792 319 457 1737 143
is_linear=0
shrinkage=0.05


Tree=26
num_leaves=31
num_cat=0
split_feature=1 12 8 8 4 5 15 0 1 1 10 5 7 11 6 4 9 10 7 0 1 4 3 7 1 0 0 1 8 9
split_gain=20.7696 4.41834 5.04768 6.83269 5.78733 4.94192 3.59074 7.10157 12.2253 7.01333 8.2277 3.21809 3.10202 6.40059 5.17382 3.10198 4.93233 2.44097 1.84254 1.66928 0.939045 0.568425 0.885437 2.85691 0.847343 4.06023 1.36634 0.885637 0.627479 0.45581
threshold=0.0088221450000000017 5.5000000000000009 8.4083350000000028 7.3083350000000005 12.461350000000001 0.77939550000000002 1.0000000180025095e-35 0.18333800000000003 0.00057440700000000019 0.0036621050000000001 2.5000000000000004 9.6344500000000028 -0.020216099999999997 14.500000000000002 0.058730300000000006 99.636550000000014 1383.5000000000002 5.5000000000000009 -0.021838149999999997 3.1575400000000005 0.00022266400000000005 0.010815350000000001 4.5000000000000009 0.028446650000000004 0.00043998150000000005 1.6257000000000004 0.15525850000000005 0.0062860200000000007 28.383350000000004 611.50000000000011
decision_type=2 2 2 2 2 2 2 2 2 2 2 2 2 2 2 2 2 2 2 2 2 2 2 2 2 2 2 2 2 2
left_child=6 2 3 -2 5 -4 15 8 -8 18 -11 17 14 -14 -3 21 -17 19 -9 -7 -20 24 29 28 25 -1 -26 -28 -24 -23
right_child=1 12 4 -5 -6 11 7 9 -10 10 -12 -13 13 -15 -16 16 -18 -19 20 -21 -22 22 23 -25 26 -27 27 -29 -30 -31
leaf_value=-0.033606900827482682 0.01455428777954754 -0.013378442511693248 0.031835646389146342 0.084669102095249887 0.041110125271915127 0.016553408951032255 -0.033746017855473064 0.0096833713380951141 0.1146025812613518 -0.032170136098275647 0.055059442614943735 0.016856118845428786 0.011549650187379088 -0.049421553675614925 0.054419220420743875 0.061107134156852851 -0.027105431679667048 -0.047567124571985142 0.003538463203519155 -0.022386819838018435 -0.046880934872475903 -0.0079571940473563869 -0.042899381881454479 0.019426204870181589 0.012163426848594996 0.061938692318802939 -0.043501526970883803 -0.0045859667162629 0.00012203979246026425 -0.046088141288099814
leaf_weight=1.9627320133149617 7.6560647878795844 5.0915641300380248 8.932820228859784 6.2452369723469019 13.57272834703326 3.8403930328786391 1.9297205843031435 1.4883181294426346 1.9990430045872924 4.0200665015727264 5.020812189206481 6.5248282980173817 9.8177116103470343 6.2822924684733144 4.5310006681829691 1.6009068591520179 3.1058384105563164 5.228787947446107 0.8511358704417934 5.5106963850557804 11.604330676607786 1.3059978876262963 5.2365678101778013 2.5021538883447647 1.3580434024333943 0.78174291737377632 5.8839447395876032 2.1812513507902622 0.97430495638400305 17.319313297979534
leaf_count=142 73 97 106 61 107 42 111 83 43 116 117 99 109 77 39 40 142 74 62 115 807 45 320 69 34 59 373 56 59 860
internal_value=-0.000193625 0.0166702 0.0242629 0.0496219 0.0152483 0.00261435 -0.0198857 -0.00520965 0.0496741 -0.0162709 0.0169314 -0.0106346 -0.000578699 -0.0137404 0.0206633 -0.0285065 0.00834862 -0.0232296 -0.037491 -0.00634028 -0.0434286 -0.0329951 -0.037473 -0.0205158 -0.0208524 0.00288174 -0.0273782 -0.0346436 -0.0370696 -0.0439561
internal_weight=154.36 83.2341 57.5116 13.9013 43.6103 30.0375 71.1262 26.9134 3.92876 22.9847 9.04088 21.1047 25.7226 16.1 9.62256 44.2128 4.70675 14.5799 13.9438 9.35109 12.4555 39.5061 27.3383 8.71303 12.1677 2.74447 9.42324 8.0652 6.21087 18.6253
internal_count=4537 999 677 134 543 436 3538 1339 154 1185 233 330 322 186 136 2199 182 231 952 157 869 2017 1353 448 664 201 463 429 379 905
is_linear=0
shrinkage=0.05


Tree=27
num_leaves=31
num_cat=0
split_feature=6 14 13 5 6 5 6 8 7 8 8 12 4 7 0 9 5 8 0 10 10 0 0 4 4 4 8 7 2 8
split_gain=18.3683 8.70063 8.73087 5.62848 8.30484 7.1557 3.90377 3.77496 6.10749 4.95579 4.46712 4.32302 3.53254 2.99987 2.81377 4.81817 2.62217 2.57324 2.44565 2.29393 1.43399 0.906457 1.54874 0.674735 0.864281 1.33583 0.503438 0.364634 0.274441 0.309819
threshold=0.0061921450000000005 1.0000000180025095e-35 1.0000000180025095e-35 1.4770050000000003 0.053527100000000001 0.24533400000000002 0.036699550000000004 12.125000000000002 0.038744850000000004 10.408350000000002 8.4083350000000028 1.0000000180025095e-35 1.4956500000000001 0.027086750000000003 0.18333800000000003 1211.5000000000002 5.9961900000000012 24.533350000000002 4.8992900000000015 2.5000000000000004 11.500000000000002 2.6984800000000004 2.9914650000000003 80.924800000000019 0.055215700000000006 0.0074158300000000009 14.808350000000003 -0.023729949999999996 2.0261650000000002 7.4583350000000008
decision_type=2 2 2 2 2 2 2 2 2 2 2 2 2 2 2 2 2 2 2 2 2 2 2 2 2 2 2 2 2 2
left_child=14 2 3 4 28 13 17 9 19 10 16 -10 -8 -6 15 -1 -5 20 -13 -9 -4 -16 -23 24 25 27 -17 -24 29 -2
right_child=1 -3 6 7 5 -7 12 8 11 -11 -12 18 -14 -15 21 26 -18 -19 -20 -21 -22 22 23 -25 -26 -27 -28 -29 -30 -31
leaf_value=0.043135167959774706 -0.010471544589093129 0.072939381818995674 -0.044828563936031157 0.017275146145237275 0.068947506316540022 -0.01460507168477989 0.035267351040069998 -0.043479238866109507 0.050473430951038505 0.077283375666031107 -0.0071652162287377218 0.030158536233122014 -0.023616302102122889 0.012209668687670691 -0.04729949964005372 -0.039109944260572405 0.060868962009569705 0.015183304591321865 -0.012790252189895313 0.0028248592414893779 0.0024001287476793625 0.018567612116451023 0.00060869528078959364 -0.0020360838835666801 -0.041681442108914848 0.02509039759609985 0.00050915831833903775 -0.034232011809331407 -0.0085741088630562796 -0.045685826857357746
leaf_weight=2.6813627723604432 1.4479245999827997 4.3954208083450785 12.292191965505486 8.2766423569992238 4.8308473788201827 9.1170041076838952 4.5547846369445306 4.3503478551283497 8.917000802233817 5.3114925790578118 7.1826162077486506 4.6332708057016116 3.7750172102823853 4.7497999332845211 12.456097359769048 3.2216655937954783 6.7384977471083394 1.9934838078916062 7.132486330345273 5.1205751644447446 1.7162065794691432 1.1577177643775964 0.95077697560191232 2.0381454564630976 9.3776742098852974 0.98506589233875264 0.9583838079124688 2.0480795372277489 1.3344162860885251 6.997409344650805
leaf_count=87 53 50 475 118 67 108 90 128 91 71 112 53 63 70 902 172 62 68 101 114 55 73 46 105 519 63 57 152 42 348
internal_value=0.00108029 0.010855 0.00775259 0.0152049 -0.00293619 0.0164723 -0.0181893 0.0240614 0.0112693 0.0371961 0.024686 0.026123 0.00891062 0.0446311 -0.0296627 -0.000676186 0.0394183 -0.0319906 0.00516026 -0.0205655 -0.0392681 -0.0362667 -0.0257456 -0.030006 -0.0338336 -0.0107041 -0.0316815 -0.025796 -0.0381287 -0.0413963
internal_weight=150.742 114.867 110.472 86.1403 28.4774 18.6977 24.3317 57.6629 30.1537 27.5092 22.1978 20.6828 8.3298 9.58065 35.875 6.86141 15.0151 16.0019 11.7658 9.47092 14.0084 29.0136 16.5575 15.3997 13.3616 3.98392 4.18005 2.99886 9.77975 8.44533
internal_count=4515 2339 2289 1538 688 245 751 850 487 363 292 245 153 137 2176 316 180 598 154 242 530 1860 958 885 780 261 229 198 443 401
is_linear=0
shrinkage=0.05


Tree=28
num_leaves=31
num_cat=0
split_feature=1 14 13 6 5 10 6 0 0 9 8 9 0 9 4 6 3 12 6 3 5 8 2 10 0 9 8 8 9 5
split_gain=17.4649 7.06115 9.13991 5.18293 4.94522 6.05369 3.67619 3.31265 4.96185 3.50196 7.15676 6.48494 3.18441 3.151 4.66817 3.95664 3.05624 2.86794 1.75768 1.57589 3.44033 4.07008 2.88916 1.4894 1.47116 0.973357 0.923315 3.02946 2.27574 1.29394
threshold=0.0036621050000000001 1.0000000180025095e-35 1.0000000180025095e-35 0.0061921450000000005 11.764300000000002 13.500000000000002 0.036699550000000004 -0.036723699999999991 0.67527350000000008 1704.5000000000002 15.891650000000002 1929.5000000000002 10.569550000000001 1012.5000000000001 19.672500000000003 0.017180650000000002 3.5000000000000004 3.5000000000000004 0.071744250000000023 7.5000000000000009 5.4491200000000006 7.8083350000000005 2.6248600000000004 16.500000000000004 9.8804450000000017 1630.5000000000002 16.258350000000004 18.658350000000002 2253.5000000000005 0.019536600000000005
decision_type=2 2 2 2 2 2 2 2 2 2 2 2 2 2 2 2 2 2 2 2 2 2 2 2 2 2 2 2 2 2
left_child=13 2 3 25 5 7 24 -5 -9 10 19 -11 16 14 15 -1 -13 -12 -8 20 21 -10 -23 26 -4 -2 -15 28 -28 -29
right_child=1 -3 6 4 -6 -7 18 8 9 11 17 12 -14 23 -16 -17 -18 -19 -20 -21 -22 22 -24 -25 -26 -27 27 29 -30 -31
leaf_value=-0.034873057579451604 -0.040997014740201843 0.065503929640662331 -0.04382553772411571 0.054411798402722457 0.051175220823663131 -0.027747531927744248 0.027250292421725504 -0.026647739451064856 -0.0091548258421776888 0.082363703980155342 0.0013194560994485109 0.0043983275601575172 -0.016302697421284425 -0.043223462362081563 0.067886413665747214 0.046234275393759475 0.06176004619838274 -0.046573117230078356 -0.015132596465848427 0.048426448392027928 -0.013498710787808602 0.01121756140221649 0.06815137762439942 0.010317595435345979 -0.0037466240471698028 0.0014563372090537333 0.049310822622986222 0.0040450296019797893 -0.024893273970869333 -0.040558325332212528
leaf_weight=5.2023689849302164 3.5244352305307975 4.7147448398172846 10.315490553155543 5.0485554747283379 9.4290833380073291 6.971760679036378 3.8533970713615409 5.6288014147430721 4.2751598563045325 4.6518671493977335 6.5197923453524691 4.9562333133071643 4.315219009295105 18.322483312338594 1.1025331970304248 1.0506672291085122 3.6644331570714712 4.9119696980342269 4.0150189567357302 4.9486775277182451 5.8469484578818074 4.1342152766883355 5.3891132734715939 1.4567269962280978 3.1198013164103022 1.8293975722044704 1.4931437913328403 1.7423598784953345 0.9621968064457177 8.8635370312258583
leaf_count=319 101 47 292 47 86 76 58 73 59 58 86 101 86 1258 51 36 50 92 64 49 78 65 70 87 77 61 89 116 74 687
internal_value=0.00109367 0.011242 0.00827626 0.0155287 0.0187665 0.0138296 -0.0203991 0.0186941 0.0147976 0.0195572 0.0101269 0.0372896 0.0163334 -0.0267854 0.00254309 -0.0167495 0.0326665 -0.0213499 0.00635584 0.0250204 0.0170644 0.0300522 0.0468502 -0.0332354 -0.0354231 -0.0285446 -0.0355131 -0.0223922 0.0214432 -0.0335136
internal_weight=152.26 112.064 107.349 86.0457 80.6918 71.2627 21.3037 64.291 59.2424 53.6136 36.0259 17.5878 12.9359 40.196 7.35557 6.25304 8.62067 11.4318 7.86842 24.5941 19.6454 13.7985 9.52333 32.8404 13.4353 5.35383 31.3837 13.0612 2.45534 10.6059
internal_count=4493 1776 1729 1238 1076 990 491 914 867 794 499 295 237 2717 406 355 151 178 122 321 272 194 135 2311 369 162 2224 966 163 803
is_linear=0
shrinkage=0.05


Tree=29
num_leaves=31
num_cat=0
split_feature=6 5 0 0 1 2 5 5 10 11 9 9 0 1 5 8 4 8 2 2 5 2 9 5 6 8 9 2 7 6
split_gain=17.8971 5.13734 5.50647 5.9142 5.65875 3.71809 3.78191 5.66207 3.62117 9.12235 6.04248 3.79903 3.38921 4.5278 3.11562 3.62162 2.75714 3.19483 2.30045 6.54439 5.31899 2.44468 2.21847 2.06074 3.32129 3.19767 1.95395 0.744022 0.709643 0.45556
threshold=0.0061921450000000005 21.174900000000004 -0.11911949999999999 0.53056150000000013 0.029931300000000004 1.3651650000000002 0.025837000000000002 0.0083323950000000011 6.5000000000000009 13.500000000000002 1362.5000000000002 782.50000000000011 0.18333800000000003 0.00043998150000000005 1.6832800000000001 13.358350000000002 41.492150000000002 15.625000000000002 4.5669100000000009 9.2291650000000018 4.3602150000000011 5.9159250000000005 1469.5000000000002 0.23190250000000004 0.16360600000000003 8.8416650000000008 1048.5000000000002 0.0025190850000000003 -0.035596349999999992 7.3274950000000016e-05
decision_type=2 2 2 2 2 2 2 2 2 2 2 2 2 2 2 2 2 2 2 2 2 2 2 2 2 2 2 2 2 2
left_child=12 2 -2 26 5 6 7 -5 11 10 -10 -7 13 -1 15 -13 18 -18 -16 20 21 -20 -6 -8 25 -25 -4 -14 -29 -30
right_child=1 -3 3 4 22 8 23 -9 9 -11 -12 14 27 -15 16 -17 17 -19 19 -21 -22 -23 -24 24 -26 -27 -28 28 29 -31
leaf_value=-0.037966690592975354 0.051837551360356018 0.056031429294626837 -0.00066496718616661807 -0.025849320914769769 0.015323183043178871 0.037156291494337995 -0.046078770152527537 0.062971906658110186 0.0083026549143513876 -0.017361063152075359 0.092595926675888993 0.069942020109460559 0.0036210152484298912 0.034915396308912328 -0.046283931675754009 -0.0096691090395178356 -0.021563108162430355 0.026233473883156246 0.021929965945396344 -0.040610276680099984 0.067272579696186621 -0.038170170731504971 0.049341552335719373 0.026023571453857232 0.039997296433627282 -0.043204641563259871 -0.043308153069312467 -0.010720384586381412 -0.0075200680240710685 -0.044535816243379045
leaf_weight=2.9740873593837014 5.6781666986644259 4.8270939104259005 4.1676638470962626 2.8962958399206427 11.970379237085583 5.4267234709113827 6.8932484826073042 2.4554503317922354 3.7137110829353315 5.6702136741951099 4.7503790501505136 1.8551686210557807 0.85163671150803821 3.5961830727756023 5.3685721186921027 2.4379579462110996 4.8026099568232876 7.9626634996384382 2.3428636956959945 7.3011720282956958 2.6984994523227215 2.5346260340884328 8.8780930414795858 1.5615501198917607 1.6788086071610449 4.886075328104198 6.7223415151238441 2.7144315410405424 1.3315789084881569 21.795875236392021
leaf_count=216 62 38 57 128 74 85 277 76 53 109 91 52 58 93 125 72 81 111 60 194 54 67 67 56 27 221 134 117 104 1564
internal_value=0.00106475 0.010126 0.00772556 0.00497664 0.00893357 0.00254402 -0.0153163 0.0184012 0.00909644 0.0301167 0.0603965 0.00161375 -0.0308281 0.00126741 -0.00439176 0.0314472 -0.00984025 0.00799109 -0.0209301 -0.0094421 0.0218283 -0.0104821 0.0314048 -0.0277291 -0.00882053 -0.0251953 -0.0284169 -0.0384885 -0.0399594 -0.0428046
internal_weight=152.744 119.48 114.653 108.975 98.0851 77.2366 20.3714 5.35175 56.8652 14.1343 8.46409 42.7309 33.2638 6.57027 37.3041 4.29313 33.011 12.7653 20.2457 14.8772 7.57599 4.87749 20.8485 15.0197 8.12643 6.44763 10.89 26.6935 25.8419 23.1275
internal_count=4523 2371 2333 2271 2080 1939 785 204 1154 253 144 901 2152 309 816 124 692 192 500 375 181 127 141 581 304 277 191 1843 1785 1668
is_linear=0
shrinkage=0.05


Tree=30
num_leaves=31
num_cat=0
split_feature=1 14 13 3 0 9 0 1 7 3 2 9 9 5 8 7 2 10 5 1 7 9 10 0 10 8 1 7 9 2
split_gain=14.3595 5.23208 5.98609 4.17539 5.13698 4.14526 4.33925 3.86743 3.60975 4.1882 4.87532 4.21659 3.76008 2.83314 2.75674 3.06281 2.60978 2.50095 2.39663 2.13005 2.04036 2.03673 1.85331 1.68883 1.1139 1.08024 1.25972 0.770456 0.835863 0.898365
threshold=0.0036621050000000001 1.0000000180025095e-35 1.0000000180025095e-35 1.0000000180025095e-35 -0.036723699999999991 1211.5000000000002 0.18333800000000003 0.028418900000000004 -0.10671299999999999 1.5000000000000002 0.52187150000000015 1312.5000000000002 1383.5000000000002 3.8976200000000003 23.858350000000005 -0.016879749999999995 4.6742800000000004 2.5000000000000004 1.2887600000000001 0.013332000000000002 0.028446650000000004 1889.0000000000002 16.500000000000004 2.6984800000000004 5.5000000000000009 7.408335000000001 0.0012839000000000004 -0.037632299999999994 3787.5000000000005 33.255450000000003
decision_type=2 2 2 2 2 2 2 2 2 2 2 2 2 2 2 2 2 2 2 2 2 2 2 2 2 2 2 2 2 2
left_child=5 2 3 23 -5 6 18 8 -6 12 -11 17 -10 -13 15 16 -4 -12 -1 -19 25 -15 27 -2 -9 26 -8 -7 29 -29
right_child=1 -3 14 4 7 22 20 24 9 10 11 13 -14 21 -16 -17 -18 19 -20 -21 -22 -23 -24 -25 -26 -27 -28 28 -30 -31
leaf_value=-0.0035634038094507509 0.00096659086952066524 0.053316086269132951 0.027623917729831506 0.06179165159797561 -0.034274176377779693 0.0034607114856788461 -0.026357091095822838 0.04071359304244021 0.060026248249060159 -0.042938481136881174 0.015453977948671 0.047272132409465477 -0.0023491025562300642 0.024188097613821978 0.01725111638304223 -0.043765571863018042 -0.024891792594540163 -0.045356369909215682 0.064226525878706545 -0.0013423738044845697 0.028820300251281052 -0.016966427726426925 0.012687573582031063 -0.042329413852188885 0.01630733653325982 -0.042244327169034451 0.030270801477531924 -0.044569338394599894 0.0036961822611436173 0.0037265228247854174
leaf_weight=2.1297034872695786 4.4283541226759544 5.2700493298470965 3.275819859467453 4.6505968123674384 4.5356067623943082 0.85306376405060547 1.083832526579499 10.187442548573019 5.4359293067827803 4.5226135775446883 5.1940299198031417 6.7175014959648278 3.7515796897932887 5.81541984900832 3.9123903457075349 9.2397667011246067 4.3000367544591427 4.8427667664363963 2.0005672872066498 5.309902049601078 0.8719830811023711 4.4511778829619288 1.363427641801535 3.4936788212507963 11.983594648540018 4.9895152561366558 0.85770072322338808 23.09333690814675 0.84820495080202718 0.84889729786664148
leaf_count=76 74 50 67 40 113 45 85 62 88 126 68 102 81 88 81 213 125 98 44 55 26 89 80 85 81 380 50 1839 54 58
internal_value=-0.000288837 0.00886955 0.00618337 0.0120382 0.0156139 -0.0260364 -0.00125242 0.011864 0.0040277 0.00844931 0.000589131 0.00778359 0.0368258 0.0243097 -0.0173609 -0.0259301 -0.00161063 -0.010874 0.0353906 -0.0245212 -0.0224652 0.00642297 -0.0365518 -0.0207316 0.0287949 -0.0317376 0.000445457 -0.0395477 -0.0411045 -0.0427762
internal_weight=150.258 111.318 106.048 85.3202 77.3982 38.9402 11.9333 72.7476 50.5765 46.0409 36.8534 32.3308 9.18751 16.9841 20.728 16.8156 7.57586 15.3467 4.13027 10.1527 7.80303 10.2666 27.0069 7.92203 22.171 6.93105 1.94153 25.6435 24.7904 23.9422
internal_count=4523 1786 1736 1250 1091 2737 661 1051 908 795 626 500 169 279 486 405 192 221 120 153 541 177 2076 159 143 515 135 1996 1951 1897
is_linear=0
shrinkage=0.05


Tree=31
num_leaves=31
num_cat=0
split_feature=6 14 13 1 9 5 9 11 9 4 7 7 9 9 4 4 7 5 6 9 9 2 1 0 2 2 2 5 1 1
split_gain=15.6335 6.03465 7.3817 5.03327 3.47328 8.09825 6.39256 4.20739 5.32308 3.19934 3.59802 2.77487 2.72928 4.26361 8.43369 2.78771 2.7038 2.6246 2.48925 3.63475 1.10966 1.769 1.09949 1.09837 3.05304 0.891347 0.804017 1.56731 3.46771 0.526717
threshold=0.0061921450000000005 1.0000000180025095e-35 1.0000000180025095e-35 0.0050473900000000014 1704.5000000000002 11.140650000000003 1108.0000000000002 17.500000000000004 2722.0000000000005 2.0444900000000001 -0.0071177099999999984 0.053653550000000008 1889.0000000000002 2951.5000000000005 1.1654100000000003 41.492150000000002 0.028446650000000004 2.3009250000000003 0.04844865000000001 1375.5000000000002 1048.5000000000002 0.8396165000000001 0.023044300000000004 0.18333800000000003 1.9162150000000002 0.0014357500000000002 11.621250000000002 9.9791500000000024 0.0026059900000000003 0.0010494650000000001
decision_type=2 2 2 2 2 2 2 2 2 2 2 2 2 2 2 2 2 2 2 2 2 2 2 2 2 2 2 2 2 2
left_child=22 2 3 16 5 6 9 8 11 10 -5 -6 -4 14 17 -15 20 -14 19 -8 21 -2 23 24 -1 -25 -27 28 -28 -29
right_child=1 -3 12 4 7 -7 18 -9 -10 -11 -12 -13 13 15 -16 -17 -18 -19 -20 -21 -22 -23 -24 25 -26 26 27 29 -30 -31
leaf_value=-0.039577584757831533 -0.032646867673789541 0.057299644808798858 -0.045615085750024674 0.024211971584133032 0.091401884949735557 0.053059887510983332 0.022615756084586956 -0.001326464963333631 0.005323709908377619 0.035687260261917472 -0.018727298814428497 0.032366918074590627 0.079532700370731096 -0.046141037331341617 -0.033327029946330418 0.016080312424679097 0.014944077059438725 0.0078022194227571305 -0.041362738481484446 -0.031311704706038807 -0.04299646402437643 0.024836329426921912 0.007630192676290188 0.0085798625113776023 0.020877133390667629 -0.04722735043518287 -0.034200019299018385 -0.0028581512764008772 0.043980531940473196 -0.043186919118435627
leaf_weight=3.3672085404396084 1.7546957433223709 5.0420477148145428 5.8173474892973926 8.4848874406889063 4.9650620687753015 8.1658901479095203 5.3254116512835044 6.3092062687501302 5.6231277249753466 11.224239740520714 9.0563815999776178 5.5820209085941315 2.7840795852243918 6.3837640117853862 4.2095850044861436 1.819050285965204 4.2042380934581152 2.2849262617528439 7.4410163443535557 5.1991129694506526 5.2966787246987224 1.6325524002313612 1.4671424627304066 0.69670519512146967 3.1229506926611066 13.646329045295717 2.0872162999585258 1.1055116727948187 1.62585415225476 5.0734182605519891
leaf_count=195 101 50 172 105 64 66 74 96 98 103 101 62 105 235 141 32 114 63 83 84 348 70 20 47 119 1212 190 88 70 236
internal_value=0.000127562 0.00855199 0.0059064 0.0123819 0.0171932 0.0100849 0.00162105 0.0333834 0.0462148 0.0160444 0.00222849 0.0656666 -0.0186581 -0.0077048 0.0148822 -0.0320949 -0.0156617 0.0538124 -0.0211011 -0.00442976 -0.0304922 -0.00559559 -0.0302329 -0.0322244 -0.0115843 -0.0370737 -0.0387196 -0.0237244 0.00210131 -0.0373747
internal_weight=150.798 118.605 113.563 90.2645 77.3764 54.8969 46.731 22.4794 16.1702 28.7655 17.5413 10.5471 23.2988 17.4814 9.27859 8.20281 12.8882 5.06901 17.9655 10.5245 8.68393 3.38725 32.1923 30.7252 6.49016 24.235 23.5383 9.892 3.71307 6.17893
internal_count=4544 2367 2317 1569 936 616 550 320 224 309 206 126 748 576 309 267 633 168 241 158 519 171 2177 2157 314 1843 1796 584 260 324
is_linear=0
shrinkage=0.05


Tree=32
num_leaves=31
num_cat=0
split_feature=1 14 7 4 1 1 0 0 11 12 13 2 8 0 10 0 1 4 7 11 8 10 12 8 1 4 11 11 1 2
split_gain=12.9882 12.8674 3.12077 4.60521 3.96025 3.84438 3.17661 4.19143 5.88406 3.61803 3.05078 3.93993 3.61641 3.88742 6.16352 4.62579 4.05951 2.79304 2.57139 2.46056 1.88831 1.978 1.70808 1.61144 2.99708 1.43438 1.17478 0.955322 0.75084 0.263083
threshold=0.0075885600000000011 1.0000000180025095e-35 0.27338450000000009 2.0444900000000001 0.023044300000000004 0.018597300000000001 5.3773800000000014 2.6443500000000006 11.500000000000002 3.5000000000000004 1.0000000180025095e-35 1.6484400000000001 7.7750000000000012 1.4736000000000002 3.5000000000000004 11.450850000000001 0.0036621050000000001 1.1654100000000003 -0.09043219999999999 13.500000000000002 25.341650000000005 13.500000000000002 3.5000000000000004 8.8416650000000008 0.0015518550000000002 4.8084050000000014 14.500000000000002 15.500000000000002 0.00011059550000000002 12.051450000000001
decision_type=2 2 2 2 2 2 2 2 2 2 2 2 2 2 2 2 2 2 2 2 2 2 2 2 2 2 2 2 2 2
left_child=1 10 4 -4 5 6 7 8 -2 17 11 23 -13 19 27 16 26 -8 -6 25 21 -12 -9 24 -1 -14 -16 -15 -25 -11
right_child=2 -3 3 -5 18 -7 9 22 -10 29 20 12 13 14 15 -17 -18 -19 -20 -21 -22 -23 -24 28 -26 -27 -28 -29 -30 -31
leaf_value=-0.036177001748585222 -0.02098950585634668 0.10030528404420058 -0.029369152068680612 0.016164375286459112 0.019231848267513604 -0.025989073789562611 -0.016549598252766518 0.021127460419256446 0.033506139718791683 -0.040682752259584287 -0.045423179186356751 -0.034161284591394912 0.078424282118669461 -0.043030025065067146 -0.026161010846845158 -0.030498636294496673 0.091773504494766747 0.037599936761697143 0.056624728140424158 -0.0091620411281000454 0.012414634074701635 0.0089469881490223512 0.062665687256898805 4.766043972565849e-07 0.033057125918656609 0.010326216239451231 0.028323229503878757 -0.0024675933319601101 -0.0462134760108312 -0.012542785427444062
leaf_weight=2.3723440375179043 8.5896706525236421 1.2811373164877284 8.8743232209235448 11.72542969509959 12.575985964387657 5.6108981035649768 3.2575427079573256 6.0968687050044519 9.3255184367299062 3.2211065199226132 17.079740151762969 4.6500498671084669 2.4508152408525379 5.0596273206174356 1.0614372892305253 1.4570245323702691 2.1141264559701085 4.8500762525945902 8.1859720014035684 1.3906313907355068 1.381231766194104 1.51467856299132 6.214207811281085 0.96404465660452743 1.9275314500555394 1.4380365582183001 0.90239841956645239 2.076180174946785 8.9492694362997991 2.6023332253098488
leaf_count=134 103 23 81 103 100 83 98 89 96 73 1240 204 101 305 85 73 52 63 67 74 98 90 93 66 56 64 60 111 574 57
internal_value=0.0013476 -0.0169632 0.0130732 -0.00390291 0.0180166 0.0099962 0.015043 0.0239128 0.00764919 -0.00451459 -0.0212987 -0.0122087 0.000989897 0.011418 -0.00420791 0.0322589 0.056272 0.016415 0.0358995 0.0436183 -0.0366701 -0.0407637 0.0452272 -0.0318812 -0.00475964 0.0605057 -1.59308e-05 -0.0329822 -0.0421311 -0.0317889
internal_weight=149.2 58.0703 91.1299 20.5998 70.5302 49.7682 44.1573 30.2263 17.9152 13.9311 56.7892 36.8135 22.6003 17.9503 12.6708 5.53499 4.07796 8.10762 20.762 5.27948 19.9757 18.5944 12.3111 14.2132 4.29988 3.88885 1.96384 7.13581 9.91331 5.82344
internal_count=4516 3410 1106 184 922 755 672 381 199 291 3387 1959 1129 925 686 270 197 161 167 239 1428 1330 182 830 190 165 145 416 640 130
is_linear=0
shrinkage=0.05


Tree=33
num_leaves=29
num_cat=0
split_feature=14 1 13 4 0 7 4 4 1 4 3 0 7 12 7 12 7 4 3 2 7 6 9 2 4 2 8 8
split_gain=13.724 14.6011 6.52557 3.66426 3.87939 3.76836 4.62106 4.07503 4.55995 4.1297 3.50992 3.39091 4.02965 3.1124 2.77029 4.03167 2.72581 2.63582 2.45246 2.41825 2.2719 1.77801 1.47635 1.08599 0.941583 0.649685 0.462642 0.280375
threshold=1.0000000180025095e-35 0.0042618900000000008 1.0000000180025095e-35 8.0593750000000011 12.079500000000001 -0.0088949299999999988 0.63695850000000009 0.28814550000000005 0.028418900000000004 2.5388800000000002 1.0000000180025095e-35 0.18333800000000003 -0.0047485849999999987 4.5000000000000009 0.028446650000000004 3.5000000000000004 0.096820850000000014 0.0086387150000000017 4.5000000000000009 4.6742800000000004 0.006104860000000001 0.024391250000000003 1326.5000000000002 3.2955050000000008 76.21135000000001 33.255450000000003 38.383350000000007 48.083350000000003
decision_type=2 2 2 2 2 2 2 2 2 2 2 2 2 2 2 2 2 2 2 2 2 2 2 2 2 2 2 2
left_child=1 11 3 4 5 6 10 -7 9 18 -3 12 -1 22 25 -16 -6 -4 -9 -12 -14 -19 -5 -23 -15 26 -13 -28
right_child=-2 2 17 13 16 7 -8 8 -10 -11 19 14 20 24 15 -17 -18 21 -20 -21 -22 23 -24 -25 -26 -27 27 -29
leaf_value=0.047879862849705072 0.067867620112406615 0.0031585902749548555 0.01791326134326458 0.020145619332968046 -0.040616171002083055 -0.034877198309237016 -0.018409952812459857 0.034803634074998854 0.043316343781100858 -0.043748273006104177 0.069845295354177925 -0.046410034822408852 -0.040815211768623801 -0.011460499043876976 -0.037770617010763854 0.037954953436300697 0.0076738004443206416 -0.042214192177471313 -0.010755535593443544 0.016487935742835452 0.011689974101983563 -0.02357865394376242 0.051904414570462944 0.010661070625297864 0.017063861082951749 -0.0027267708698042728 0.0086212563391122859 -0.021162273576966876
leaf_weight=2.0126171801239252 6.0920703988522282 5.0785079104825881 3.2203754000365761 8.7108545340597647 6.0385074215009791 5.829666934907439 3.8496977966278783 4.5817280588671583 5.7962641380727282 3.9736751448363057 6.9301508655771595 22.958721790462743 4.0041745007038099 4.6813127584755438 2.7095548510551444 2.3430694136768579 4.5305666010826826 8.2770116161555034 5.5280961664393544 3.9560019318014383 2.8950749300420284 3.9599084882065645 9.585290512070058 3.5236792340874672 4.9501211550086737 1.0976668708026398 0.69923030585050472 0.7192429369315505
leaf_count=54 59 100 82 65 140 81 59 84 34 62 90 2109 270 63 113 78 58 226 76 86 62 82 92 46 58 76 66 66
internal_value=-2.86803e-05 -0.00338544 0.00655244 0.0125406 0.00498712 0.0113526 0.0271695 -0.00139834 0.0096194 -0.00620138 0.0385977 -0.0288599 -0.00145981 0.0270149 -0.0365587 -0.00218519 -0.021042 -0.0192554 0.0111659 0.0534738 -0.0200922 -0.0274657 0.0386116 -0.00810043 0.00342582 -0.0430362 -0.0446723 -0.00898649
internal_weight=148.533 142.441 103.001 84.0204 56.0929 45.5238 19.8144 25.7094 19.8798 14.0835 15.9647 39.4394 8.91187 27.9276 30.5275 5.05262 10.5691 18.981 10.1098 10.8862 6.89925 15.7606 18.2961 7.48359 9.63143 25.4749 24.3772 1.41847
internal_count=4537 4478 1584 1148 870 672 335 337 256 222 276 2894 386 278 2508 191 198 436 160 176 332 354 157 128 121 2317 2241 132
is_linear=0
shrinkage=0.05


Tree=34
num_leaves=31
num_cat=0
split_feature=1 14 1 10 0 0 0 3 9 9 1 8 0 12 0 4 9 0 1 9 5 12 9 0 3 9 10 5 7 8
split_gain=14.802 5.92091 3.89094 4.54262 3.7124 3.61777 3.17551 3.39988 3.40325 4.24225 8.43597 4.63951 2.65202 4.11616 2.5757 5.7853 4.76052 4.42523 4.2469 4.1316 5.10335 3.54119 2.28779 2.27886 1.67051 1.14161 0.882962 0.83422 0.693584 0.750641
threshold=0.0075885600000000011 1.0000000180025095e-35 0.0015518550000000002 2.5000000000000004 -0.15297499999999997 0.037426150000000012 11.450850000000001 9.5000000000000018 2970.5000000000005 1341.5000000000002 0.0029180700000000005 8.4083350000000028 1.4285750000000002 1.5000000000000002 5.3773800000000014 0.13977850000000003 2722.0000000000005 21.731150000000003 0.035238500000000013 1713.5000000000002 2.2575650000000005 1.0000000180025095e-35 1469.5000000000002 17.560100000000002 2.5000000000000004 1137.5000000000002 20.500000000000004 17.124650000000006 0.015466700000000002 38.383350000000007
decision_type=2 2 2 2 2 2 2 2 2 2 2 2 2 2 2 2 2 2 2 2 2 2 2 2 2 2 2 2 2 2
left_child=1 2 26 4 -4 -2 7 8 9 11 -11 -5 13 -7 19 -16 17 18 22 20 -14 -21 -17 -18 -12 -22 27 28 29 -1
right_child=5 -3 3 6 -6 12 -8 -9 -10 10 24 -13 14 -15 15 16 23 -19 -20 21 25 -23 -24 -25 -26 -27 -28 -29 -30 -31
leaf_value=-0.045451278336919199 0.047842580851749791 0.064768935786063311 0.035162173971352788 0.049737615416726312 -0.035814710951947985 0.018520549645094236 -0.036517129671946556 -0.034192543590752141 -0.030941217153093132 -0.031278842039879205 0.032344869878076159 -0.038358020990468839 -0.022906995126950019 -0.033640537204562719 -0.038710188859354816 0.010870606311387133 0.0073221007805031896 0.057247998830429442 0.045157717287224633 0.016153733862811482 0.03871286676190358 0.067928805647709659 -0.029340164477151945 -0.043050060190770484 0.10468161470783713 0.0092687214704463526 0.0080966595467309808 0.0050543332813927531 0.00013762396050559088 -0.0006603151287684645
leaf_weight=17.957860825583353 6.3558772392570964 1.1246897466480721 1.2817592024803186 1.4710364285856501 14.805085770785807 6.3560235388576967 2.4500520071014753 1.9253459526225913 1.5026413211598981 1.5987912723794577 2.5627936217933893 2.7947107749059796 7.1538502108305719 6.9060812219977379 5.3274834537878624 7.8598612528294414 3.8603673446923485 6.2787812370806924 4.9369601756334296 7.1199004575610143 7.4711344186216575 6.8501334246248007 4.9393063485622406 3.6536288969218731 3.113334403373301 6.7240815851837397 0.70570523384958406 0.80632242932915588 0.96096499171107908 1.015202379785477
leaf_count=1653 43 20 21 55 725 51 115 86 85 127 89 123 84 73 129 104 67 64 31 91 67 77 84 64 86 68 45 62 63 96
internal_value=0.00165903 -0.0183885 -0.0212176 -0.0100674 -0.0284326 0.0139722 0.00751635 0.0165592 0.025952 0.0352363 0.0561385 -0.00430217 0.0109281 -0.00909594 0.0146815 0.00520805 0.0135909 0.0242594 0.0101489 0.0241518 0.00951959 0.0443831 -0.00564876 -0.0193506 0.0817583 0.0262934 -0.0374132 -0.0392629 -0.0412114 -0.0432077
internal_weight=147.87 56.0763 54.9516 33.5056 16.0868 91.7935 17.4187 14.9687 13.0433 11.5407 7.27492 4.26575 85.4376 13.2621 72.1755 36.8564 31.5289 24.0149 17.7361 35.3191 21.3491 13.97 12.7992 7.514 5.67613 14.1952 21.4461 20.7404 19.934 18.9731
internal_count=4548 3451 3431 1512 746 1097 766 651 565 480 302 178 1054 124 930 543 414 283 219 387 219 168 188 131 175 135 1919 1874 1812 1749
is_linear=0
shrinkage=0.05


Tree=35
num_leaves=28
num_cat=0
split_feature=1 14 9 7 11 11 4 4 9 4 1 7 12 0 1 10 7 12 1 4 0 5 11 9 13 1 5
split_gain=13.0034 5.02474 3.99791 4.87292 3.57778 5.85466 7.9474 5.80023 4.07237 3.59175 3.28582 3.25889 3.09399 2.85623 2.82927 2.75587 3.79069 2.63486 2.55529 1.80504 1.45297 1.39578 1.13077 1.08063 1.04374 0.87238 0.781546
threshold=0.0036621050000000001 1.0000000180025095e-35 3099.0000000000005 0.16415100000000002 18.500000000000004 11.500000000000002 0.098188700000000018 0.098188700000000018 1642.5000000000002 2.4075050000000005 0.028418900000000004 0.033911000000000004 1.5000000000000002 0.18333800000000003 0.00043998150000000005 6.5000000000000009 0.059081250000000009 3.5000000000000004 0.017402800000000003 1.7238400000000003 3.4018200000000003 2.2111750000000003 6.5000000000000009 3787.5000000000005 2.5000000000000004 0.009567995000000001 17.124650000000006
decision_type=2 2 2 2 2 2 2 2 2 2 2 2 2 2 2 2 2 2 2 2 2 2 2 2 2 2 2
left_child=11 2 4 -4 5 6 -2 21 9 17 20 13 -9 14 -1 16 -14 -8 25 -10 -6 -7 -16 24 26 -11 -15
right_child=1 -3 3 -5 10 7 8 12 19 18 -12 -13 15 23 22 -17 -18 -19 -20 -21 -22 -23 -24 -25 -26 -27 -28
leaf_value=-0.03718094124621471 -0.039170743821010871 0.049997911175848106 -0.046564600566012485 0.020845405788283099 -0.0071096983761125658 0.086446418152417354 -0.046833267913883869 0.037011239414662396 0.052985424829244822 0.01244055816579338 0.017328481329869912 0.016041232629746782 0.041036197545365583 -0.045902683862463767 -0.0060119488220675438 -0.024872541986952251 -0.0094762019962765526 0.0011487911818539517 0.036946789747357066 0.013362992097533131 -0.044845659287992799 0.031877902229565928 0.037469346277576886 0.010657722920070299 0.0080160572319580709 -0.015758293599055249 -0.0003353001538793154
leaf_weight=2.7606889912858632 8.8398764664307219 5.7906220480799666 6.4495446523651463 3.4607528448104858 5.1257081590592843 3.4753025975078335 4.519292941316964 10.028339400887491 5.447289305739103 4.1900369795039278 5.2399228252470484 3.4065736401826134 6.1573954997584242 20.697737181093554 2.2637262027710676 5.1412958679720751 7.0966251362115145 5.8440187098458409 6.1577215716242781 6.8594382908195257 5.146679999306798 4.1664252141490579 2.360150158405304 0.64054051227867503 0.71506887953728338 4.8558128010481596 0.99909812677651544
leaf_count=234 215 47 176 38 82 47 82 109 107 80 38 100 90 2114 54 69 92 99 41 117 127 76 67 48 67 45 74
internal_value=0.000118009 0.00822529 0.00555237 -0.0232715 0.00866367 0.0127872 0.00099181 0.0276263 0.0111324 -0.000522455 -0.0127829 -0.0266413 0.0160554 -0.0317768 -0.00400077 0.00331201 0.0152229 -0.0220556 0.0146106 0.0335648 -0.0283173 0.0638262 0.0188982 -0.0401382 -0.0419832 -0.00275842 -0.0439116
internal_weight=147.836 113.992 108.201 9.9103 98.2912 82.7789 46.7135 36.0654 37.8736 25.5669 15.5123 33.8436 28.4237 30.437 7.38457 18.3953 13.254 10.3633 15.2036 12.3067 10.2724 7.64173 4.62388 23.0524 22.4119 9.04585 21.6968
internal_count=4535 1777 1730 214 1516 1269 786 483 571 347 247 2758 360 2658 355 251 182 181 166 224 209 123 121 2303 2255 125 2188
is_linear=0
shrinkage=0.05


Tree=36
num_leaves=31
num_cat=0
split_feature=6 14 9 5 6 11 11 4 9 9 9 5 4 5 5 4 4 9 0 1 4 8 9 1 2 11 9 2 6 8
split_gain=10.4806 6.19571 6.8873 7.36867 2.81776 2.76896 8.67156 4.06452 5.4188 3.72377 3.65215 3.63785 3.30135 3.23735 2.8981 2.73782 2.73331 2.51559 1.76264 4.67988 1.59715 2.9774 1.58878 1.25561 0.980438 0.888672 0.719408 1.31441 0.508818 0.353657
threshold=0.0061921450000000005 1.0000000180025095e-35 3071.5000000000005 21.174900000000004 0.012863500000000002 11.500000000000002 13.500000000000002 3.9218700000000006 2433.5000000000005 1733.5000000000002 666.50000000000011 4.8363000000000005 20.475000000000005 0.74872600000000011 5.9961900000000012 127.72250000000001 1.1766950000000003 782.50000000000011 0.18333800000000003 0.00070581850000000005 0.10267750000000002 8.1416650000000015 3667.0000000000005 0.023044300000000004 0.0014357500000000002 16.500000000000004 1630.5000000000002 9.0910000000000011 7.3274950000000016e-05 20.108350000000005
decision_type=2 2 2 2 2 2 2 2 2 2 2 2 2 2 2 2 2 2 2 2 2 2 2 2 2 2 2 2 2 2
left_child=18 2 3 4 15 7 16 8 14 10 -8 -12 -9 -10 17 20 -7 -6 19 -1 21 -2 -4 24 -20 -11 -22 -28 -26 -23
right_child=1 -3 22 -5 5 6 9 12 13 25 11 -13 -14 -15 -16 -17 -18 -19 23 -21 26 29 -24 -25 28 -27 27 -29 -30 -31
leaf_value=-0.039238173718615016 0.042084914122468703 0.050015016944527972 -0.043423309146164366 0.066874093332859083 -0.0011267947018794029 0.081728996335319326 -0.01331551677279336 0.040525419231879654 0.051790014563723175 -0.041388370451436812 0.047111195514738559 -0.0011476059691555738 -0.0036205396559261653 -0.010641940994651709 0.0086476486067245933 0.03071546836515017 0.022888159571315906 -0.050567793680411935 0.010517522338663845 0.035890743683163473 -0.045359822703531269 -0.034654863641165094 0.00062508512289337619 0.0061439202380734375 -0.003317247668791724 -0.0083861860606602653 -0.034843419979781569 0.012417165364636867 -0.041116377645887013 -5.987418782092e-05
leaf_weight=3.3539177607744959 1.6437631445005525 6.2187347952276459 8.3230712474323791 3.8013411425054064 3.392813307233161 4.4028193680569512 7.7095844009891215 6.87667017802596 3.0982745122164479 3.0996300820261222 8.4748779693618399 6.5638612024486056 8.8377799978479725 3.6434972919523716 3.6259614136070004 1.9123497772961844 4.8309910707175732 10.281937153078614 0.64341520052403822 2.9649974256753922 5.2503640223294479 2.0401268685236578 2.5870790346525601 1.5119313448667515 1.1236017951741839 5.4006101754494011 2.1051930910907686 2.0576024744659662 19.303338903933764 0.98046390386298288
leaf_count=254 56 52 242 27 47 69 102 106 67 72 111 63 100 85 50 24 54 255 48 71 192 116 92 20 99 108 145 51 1690 63
internal_value=-0.00157935 0.00512358 0.00218289 0.00640351 0.00335151 0.00719315 0.0162333 -0.00218436 -0.0148793 0.00305025 0.0135471 0.0272897 0.0169666 0.0210332 -0.0292584 -0.015215 0.056189 -0.0392138 -0.0280142 -0.00389854 -0.0230778 0.00102197 -0.0338028 -0.0343108 -0.0373605 -0.0235103 -0.0339709 -0.0136029 -0.0392891 -0.0262334
internal_weight=146.061 117.159 110.941 100.031 96.2292 80.2393 40.4824 39.7569 24.0425 31.2486 22.7483 15.0387 15.7145 6.74177 17.3007 15.9899 9.23381 13.6748 28.9012 6.31892 14.0775 4.66435 10.9102 22.5823 21.0704 8.50024 9.41316 4.1628 20.4269 3.02059
internal_count=4531 2349 2297 1963 1936 1289 579 710 504 456 276 174 206 152 352 647 123 302 2182 325 623 235 334 1857 1837 180 388 196 1789 179
is_linear=0
shrinkage=0.05


Tree=37
num_leaves=31
num_cat=0
split_feature=6 14 5 13 7 6 8 7 5 5 7 2 10 8 10 6 2 2 2 5 6 0 1 8 1 2 2 5 1 2
split_gain=10.2122 4.59521 5.39806 4.39409 4.41582 4.41972 3.71039 3.94734 3.47978 5.79724 3.21265 3.49615 4.57969 3.01663 3.98985 2.84684 3.54808 2.43493 2.1297 5.31002 1.67529 1.61379 4.19354 1.45155 1.34463 0.842634 1.07821 1.91756 3.09945 0.627946
threshold=0.0061921450000000005 1.0000000180025095e-35 21.174900000000004 1.0000000180025095e-35 0.74951150000000011 0.46852400000000005 8.4083350000000028 0.035349600000000002 1.32162 5.6345900000000011 -0.0088949299999999988 7.6649800000000008 2.5000000000000004 23.858350000000005 13.500000000000002 0.039688050000000009 0.39019200000000004 14.128900000000002 8.506115000000003 6.9353600000000002 0.036699550000000004 0.18333800000000003 0.0011053550000000004 16.641650000000002 0.023044300000000004 0.0014357500000000002 11.621250000000002 9.9791500000000024 0.0026059900000000003 5.9159250000000005
decision_type=2 2 2 2 2 2 2 2 2 2 2 2 2 2 2 2 2 2 2 2 2 2 2 2 2 2 2 2 2 2
left_child=21 2 3 4 5 6 10 15 -9 23 -2 12 -12 14 20 18 -17 -11 -8 -20 -5 22 29 -10 25 -23 -27 28 -28 -1
right_child=1 -3 -4 13 -6 -7 7 8 9 17 11 -13 -14 -15 -16 16 -18 -19 19 -21 -22 24 -24 -25 -26 26 27 -29 -30 -31
leaf_value=-0.038511031538600436 0.051354225762356182 0.048100769946480826 0.053349115179944818 -0.043718020754815456 -0.034221240873919409 0.048604288217324709 -0.041871312769786992 -0.023012196328032045 0.053876764099124376 -0.022994280272204046 0.020806058508008037 0.042292295277980556 -0.044774677969410231 0.021052327541967363 0.032313726739325532 0.040983214012931285 -0.017676148331626475 0.015217576769387503 0.040758768796937454 -0.041522459532633706 -0.00832175956602846 0.0095265060562429657 0.043914326414292298 0.017948747663063504 0.010825574689792363 -0.046446855215613175 -0.030701571670648287 -0.035160866695614641 0.047905094422040329 0.004711485500319728
leaf_weight=3.0660286936908991 6.7192386323586133 5.8619868215173474 4.6938003301620475 10.619349158369014 4.765412922948598 6.2374750375747672 8.6827157200314122 5.1995868459343901 7.8733745124191064 7.1522844061255437 5.1550090359523875 4.231226308271288 3.7385751428082585 3.6505730552598825 1.9053247226402152 3.4627596251666528 5.1896979808807373 7.5679488349705935 2.7116547999903551 3.1624439237639308 5.473929811269044 0.67041010409594193 2.112273596227169 6.2409667707979679 1.3390288595110167 11.100278702098878 1.5537886479869469 5.2850843644700944 1.518474008888006 0.80604793969541777
leaf_count=220 110 48 35 494 34 38 453 90 87 80 79 37 72 100 52 72 79 76 76 71 111 50 44 83 18 1201 178 318 68 49
internal_value=0.00198763 0.00829867 0.00586073 0.00336613 0.0083379 0.0111488 0.00753454 0.00094095 0.0116542 0.0184672 0.0255972 0.00970872 -0.00850114 -0.0163389 -0.0246317 -0.0146015 0.00761342 -0.00363051 -0.0274465 -0.00313531 -0.0328696 -0.0249877 -0.00163285 0.040229 -0.0311359 -0.0343077 -0.0362098 -0.0191023 0.0103732 -0.0303932
internal_weight=147.747 120.295 114.433 109.74 88.0904 83.325 77.0875 57.2434 34.0342 28.8346 19.844 13.1248 8.89358 21.6492 17.9986 23.2093 8.65246 14.7202 14.5568 5.8741 16.0933 27.4514 5.98435 14.1143 21.4671 20.128 19.4576 8.35735 3.07226 3.87208
internal_count=4523 2377 2329 2294 1537 1503 1465 1167 416 326 298 188 151 757 657 751 151 156 600 147 605 2146 313 170 1833 1815 1765 564 246 269
is_linear=0
shrinkage=0.05


Tree=38
num_leaves=31
num_cat=0
split_feature=1 14 9 15 0 1 4 0 1 6 2 2 6 9 4 4 2 2 6 9 11 2 1 8 1 6 1 9 8 1
split_gain=8.7831 6.55793 7.1469 3.06668 6.03842 4.14961 3.69225 2.88923 3.97031 2.54918 2.66347 3.08693 2.54865 2.43354 2.39087 3.52891 2.1493 4.64281 3.67066 4.97616 2.34555 2.03956 1.77497 1.65536 1.45006 1.04875 0.889704 0.473832 0.435721 0.414249
threshold=0.0062860200000000007 1.0000000180025095e-35 1653.5000000000002 1.0000000180025095e-35 0.18333800000000003 0.0038159700000000006 19.672500000000003 5.3773800000000014 0.070327700000000007 0.07514040000000001 11.908500000000002 8.9577500000000025 0.022232350000000001 1684.5000000000002 0.82480000000000009 9.9388600000000018 5.5761300000000009 2.9618650000000004 0.017903950000000005 1488.5000000000002 11.500000000000002 26.838700000000006 0.014103750000000002 11.975000000000001 0.0030192850000000005 0.019607900000000004 0.024024250000000004 2101.0000000000005 30.225000000000005 0.0047976500000000014
decision_type=2 2 2 2 2 2 2 2 2 2 2 2 2 2 2 2 2 2 2 2 2 2 2 2 2 2 2 2 2 2
left_child=1 2 3 6 -5 12 25 9 16 10 11 14 -6 -11 23 -16 17 26 19 -18 -21 28 -12 -2 -8 -1 -9 -20 -4 -30
right_child=7 -3 21 4 5 -7 24 8 -10 13 22 -13 -14 -15 15 -17 18 -19 27 20 -22 -23 -24 -25 -26 -27 -28 -29 29 -31
leaf_value=-0.039213326839488194 0.053976649375336042 0.071861253452246421 -0.048141960174590361 0.07911827928998573 -0.041403394840553179 0.043263487144307354 0.050025764456324243 -0.0297519907247977 0.035317157577664841 -0.013842582568402817 -0.018008470661585698 0.059723906557900198 0.02984464986888051 0.02260608230370667 -0.01247097695629696 0.029967061272409154 0.041828912717089613 0.047718244560897606 -0.044026945258161525 0.010977647234289418 -0.043381254169053952 0.010819513657650352 0.017880034114442236 0.010997539448042746 -0.0089412199156493812 0.0017430171470579504 0.0023946155364443795 -0.016991376567028715 -0.027029246279357697 0.0065101051820613811
leaf_weight=7.2788271424360556 5.7576763397082704 1.0024885926395644 17.328272162936635 2.0332450792193413 4.4528423356823623 2.1483944281935692 1.4741233685053896 3.4727386096492392 4.9531845748424521 11.983911428600551 5.68935953453183 5.5714364834129801 0.84737397637218226 6.0765874683856955 9.4108489565551299 8.3741758428513986 4.0551827047020215 3.7131961323320866 7.188216080889104 2.7924608113244176 3.8639431586489081 1.4457247955724586 6.10491250641644 4.2916884869337082 1.355315404012799 1.8248788248747585 3.8840791061520576 4.4052909277379513 3.2536868918687096 0.74734003376215685
leaf_count=479 71 17 1516 68 434 69 89 95 32 112 86 64 32 58 114 62 60 51 94 53 89 107 47 73 42 82 37 79 301 29
internal_value=0.000201632 -0.0179041 -0.0214857 -0.000510476 0.0196114 -0.00407421 -0.0167791 0.00835212 -0.00245337 0.0148352 0.0210623 0.0280914 -0.0270835 -0.00103654 0.019908 0.00804274 -0.00892321 0.00857729 -0.0176041 0.00359312 -0.0221216 -0.0403573 0.000513585 0.0382784 0.0268213 -0.0316435 -0.0145244 -0.0359189 -0.0441553 -0.0207155
internal_weight=146.781 45.1925 44.19 21.415 9.48186 7.44861 11.9331 101.589 38.3283 63.2606 45.2001 33.4058 5.30022 18.0605 27.8344 17.785 33.3751 11.07 22.3051 10.7116 6.6564 22.775 11.7943 10.0494 2.82944 9.10371 7.35682 11.5935 21.3293 4.00103
internal_count=4542 3265 3248 1295 603 535 692 1277 590 687 517 384 466 170 320 176 558 183 375 202 142 1953 133 144 131 561 132 173 1846 330
is_linear=0
shrinkage=0.05


Tree=39
num_leaves=31
num_cat=0
split_feature=6 0 14 13 9 2 7 3 9 4 10 7 2 12 9 8 2 9 14 0 9 8 4 1 2 6 8 2 2 0
split_gain=12.1269 4.16077 3.31074 4.0505 3.44353 3.24238 4.81354 3.68287 3.18802 3.74638 3.06026 2.81988 2.81868 2.54545 3.11497 3.00395 2.37408 2.31087 2.29244 2.83123 2.84097 3.02206 2.28597 1.75942 3.02708 1.49891 1.29583 0.76223 1.58842 1.69376
threshold=0.0061921450000000005 -0.11911949999999999 1.0000000180025095e-35 1.0000000180025095e-35 2433.5000000000005 2.8700450000000006 -0.16600249999999997 6.5000000000000009 3071.5000000000005 1.4956500000000001 4.5000000000000009 -0.11709949999999998 2.9618650000000004 3.5000000000000004 917.50000000000011 19.225000000000005 5.446905000000001 3693.5000000000005 1.0000000180025095e-35 0.13728400000000004 1603.5000000000002 8.4750000000000032 9.9388600000000018 0.012166400000000003 1.9859850000000001 0.022984250000000001 8.8416650000000008 13.214800000000002 20.149350000000002 5.1490800000000005
decision_type=2 2 2 2 2 2 2 2 2 2 2 2 2 2 2 2 2 2 2 2 2 2 2 2 2 2 2 2 2 2
left_child=18 -2 3 5 -5 6 -3 11 9 12 23 -7 -6 16 -15 -16 -13 -10 19 20 21 -1 -18 24 26 -9 -8 -21 29 -29
right_child=1 2 -4 4 8 7 10 25 17 -11 -12 13 -14 14 15 -17 22 -19 -20 27 -22 -23 -24 -25 -26 -27 -28 28 -30 -31
leaf_value=-0.016298950782762358 0.04638483495124119 0.029433755908885934 0.039855890654416172 -0.040635148636977536 0.07252342631073308 -0.0241357833948436 0.003400038976910913 0.051633894190256574 -0.04303637747484463 -0.017811968614674024 -0.035921578500380115 0.055580574207275926 -0.0014811227983733265 -0.034967021391049055 0.029946061190401465 -0.018731378486028662 -0.0099288657123835881 0.016423072022915219 0.031718618329691174 -0.047195863604539978 -0.035385607016902181 0.06073271695319972 0.030737228347029869 0.017553824400989643 0.032280082559891829 0.019535242396119423 -0.037668803332042568 -0.025763579329340137 -0.035212152544854707 0.03768003901585372
leaf_weight=1.7990065091289644 5.8727589240297666 7.4966711718589059 5.8875730596482745 7.3069470161572125 2.5412383396178466 5.2805415699258438 2.453143737278884 6.9726689998060492 4.0933231445960701 3.2512504868209362 8.8627573098056001 3.9241579412482706 1.959256751462817 4.0612307265400913 7.1453690147027356 4.3292951956391335 5.6015654094517213 1.7659513894468544 0.76192589290439983 12.819386696442963 2.2421108186244965 1.6718349223956464 6.6719003580510616 6.7330322414636603 1.9503367692232121 10.598006898537276 5.8515522442758083 1.0336183360777789 5.2277534860186279 1.2623002454638479
leaf_count=61 61 54 46 284 83 93 67 68 153 97 247 65 57 59 112 78 111 64 10 1386 160 80 65 76 53 80 287 104 302 84
internal_value=0.0017247 0.00852596 0.00620415 0.00403772 -0.0152665 0.00874997 -0.00348102 0.0161505 0.000201479 0.0201922 -0.0137669 0.00682614 0.045894 0.0125582 -0.00198837 0.0115511 0.0258149 -0.025334 -0.0280701 -0.0309261 0.000286441 0.0260906 0.0128276 -0.000854319 -0.0134262 0.0343676 -0.0264758 -0.0392943 -0.0218735 0.00996696
internal_weight=147.428 120.611 114.738 108.85 20.918 87.9322 33.3475 54.5847 13.611 7.75175 25.8508 37.0141 4.5005 31.7335 15.5359 11.4747 16.1976 5.85927 26.8179 26.056 5.71295 3.47084 12.2735 16.9881 10.255 17.5707 8.3047 20.3431 7.52367 2.29592
internal_count=4547 2360 2299 2253 738 1515 784 731 454 237 730 583 140 490 249 190 241 217 2187 2177 301 141 176 483 407 148 354 1876 490 188
is_linear=0
shrinkage=0.05


Tree=40
num_leaves=31
num_cat=0
split_feature=14 1 9 7 13 6 2 5 6 9 8 5 9 6 5 2 8 8 9 9 1 10 6 5 5 2 8 11 10 2
split_gain=9.09871 10.3052 4.34827 3.78449 3.19509 3.02926 3.00438 3.07523 2.66325 2.21672 5.58065 3.6126 4.71111 3.17419 3.02821 2.67359 4.53956 2.47791 1.95874 1.86584 1.66174 0.936349 0.934953 0.925352 1.83702 1.06458 0.875832 0.855138 0.709455 0.686631
threshold=1.0000000180025095e-35 0.0060891600000000006 1653.5000000000002 0.006104860000000001 1.0000000180025095e-35 0.024391250000000003 1.6484400000000001 5.0729350000000002 0.016299150000000002 1704.5000000000002 28.383350000000004 11.764300000000002 1127.5000000000002 0.051148500000000006 5.1077900000000005 5.2047100000000013 7.7750000000000012 9.0250000000000004 2722.0000000000005 1099.5000000000002 0.0135776 3.5000000000000004 0.055714450000000006 0.025837000000000002 0.0096038400000000006 15.620550000000001 21.825000000000006 21.500000000000004 4.5000000000000009 7.5972100000000014
decision_type=2 2 2 2 2 2 2 2 2 2 2 2 2 2 2 2 2 2 2 2 2 2 2 2 2 2 2 2 2 2
left_child=1 2 3 8 9 29 -5 19 26 11 20 12 15 14 -14 16 -3 -17 -12 -8 -11 -9 -7 24 -4 -25 27 -1 -27 -6
right_child=-2 4 23 6 5 22 7 21 -10 10 18 -13 13 -15 -16 17 -18 -19 -20 -21 -22 -23 -24 25 -26 28 -28 -29 -30 -31
leaf_value=-0.044952358724110776 0.050519131400908079 -0.012228804405182569 -0.031651368124424546 -0.023698958304306288 -0.0077012676265530407 0.020921465293801123 0.012385351989407239 -0.029555916457417994 0.022264440998618452 0.061514760267289671 0.013445713594068476 0.033276596810921016 0.021558558842828809 -0.04594715679775839 -0.027011895700541522 0.014883270619457196 0.037615105643159591 -0.026002117459978814 -0.026626580097601112 0.081276874996861023 0.021248737932115028 0.016443253463277113 -0.0090661128187929495 -0.04780478803869239 0.034470045566194603 -0.02799648154143803 0.0080163311730010369 0.0039334545028303402 0.011883590630619252 -0.044074509125203679
leaf_weight=7.5369519996456802 7.4361736793071023 6.1617350392043617 1.6599167813546984 2.591123572085051 2.2653522081673172 4.222933601588009 2.1002267142757773 1.3205330097116532 1.7164757591672231 6.114693436771633 6.0128184622153622 8.2367906076833588 5.3219491848722118 6.5539832860231391 5.5360005805268884 6.1878976933658105 13.118343022651969 6.7606837432831526 4.4306303514167666 1.983294256031513 6.5509945135563612 1.2264968841336665 4.3385221362113953 15.628441536333414 0.7590651474893092 1.2330342298373573 0.71344367507845241 0.82829262083396304 1.4057211112231014 5.1763239447027445
leaf_count=675 61 63 150 132 53 65 65 62 89 75 84 73 77 74 72 58 119 80 88 65 63 62 61 1471 59 109 72 63 112 145
internal_value=0.000104223 -0.00296309 -0.0237623 -0.00659274 0.00591902 -0.0139089 0.0160238 0.0326183 -0.0256332 0.00995892 0.0227217 0.00456365 -0.000763676 -0.0210375 -0.00339499 0.010493 0.0218679 -0.00679745 -0.00439612 0.0552511 0.0437671 -0.00901448 0.00636637 -0.0393063 -0.00688946 -0.0430186 -0.0359996 -0.0402087 -0.0093242 -0.0352259
internal_weight=145.129 137.693 40.703 20.0168 96.9897 16.0031 9.22167 6.63055 10.7952 80.9865 23.1091 57.8774 49.6406 17.4119 10.8579 32.2287 19.2801 12.9486 10.4434 4.08352 12.6657 2.54703 8.56146 20.6862 2.41898 18.2672 9.07869 8.36524 2.63876 7.44168
internal_count=4497 4436 3186 1285 1250 324 386 254 899 926 310 616 543 223 149 320 182 138 172 130 138 124 126 1901 209 1692 810 738 221 198
is_linear=0
shrinkage=0.05


Tree=41
num_leaves=31
num_cat=0
split_feature=6 5 0 0 0 6 5 5 1 11 6 13 4 0 1 14 12 0 10 11 2 1 6 1 2 5 5 8 1 1
split_gain=7.11184 3.41035 4.01997 4.67997 4.47215 3.531 3.98821 3.6683 3.54133 3.31414 2.46821 2.64854 2.81733 2.45218 3.58216 2.4564 2.31966 4.73009 2.53381 2.48622 2.10082 1.90636 1.38175 2.00891 1.03833 0.926929 2.97294 0.841658 0.833104 0.803748
threshold=0.006401775000000001 9.6344500000000028 -0.11911949999999999 0.62883650000000013 0.98387550000000012 0.16360600000000003 1.4770050000000003 2.3009250000000003 0.0008204855000000002 15.500000000000002 0.04844865000000001 1.0000000180025095e-35 70.798900000000017 0.18333800000000003 0.00043998150000000005 1.0000000180025095e-35 4.5000000000000009 3.6410000000000005 3.5000000000000004 12.500000000000002 0.075394950000000016 0.023044300000000004 0.04844865000000001 0.010240750000000002 25.824700000000004 7.8885750000000003 9.9791500000000024 12.475000000000001 0.013845100000000001 0.028418900000000004
decision_type=2 2 2 2 2 2 2 2 2 2 2 2 2 2 2 2 2 2 2 2 2 2 2 2 2 2 2 2 2 2
left_child=13 2 -2 22 -5 6 8 27 20 -7 11 16 28 14 -1 21 18 -18 19 -9 -6 25 23 -4 -3 -15 -27 -8 -13 -10
right_child=1 24 3 4 5 9 7 10 29 -11 -12 12 -14 15 -16 -17 17 -19 -20 -21 -22 -23 -24 -25 -26 26 -28 -29 -30 -31
leaf_value=-0.035212240450381259 0.038599087284607744 0.0362757589715152 -0.03227033102191211 0.044949895432865643 0.066577588384657382 0.0021475331115456066 0.050075967387160074 -0.0091699330029625797 -0.03740741167708711 0.045460898575443227 -0.026252419075623978 -0.043768425518337421 0.023205875931680171 -0.04652525529868002 0.032987660955445829 0.032179861130560317 0.058596473958918642 -0.0055714519678045074 -0.023454330259909402 0.042660499754849646 -0.019383281360467512 0.017303176111931006 -0.049431643049203916 0.016023051611887527 0.0087758541671475142 0.031172404610638266 -0.035219169386208442 0.011862667921647072 -0.003531980440683799 0.0013248652353054946
leaf_weight=2.2924893870949772 6.3250092295929781 10.072015625424685 4.0416093193925899 5.2589662638492873 0.69331172201782354 10.660759113729002 3.2277675881050518 4.1935489154420793 12.509835619013755 6.6693193763494483 8.0666923709213716 4.7061781478114408 2.1734808487817645 11.517088225577035 3.6698506204411387 0.74221105128526588 5.0540691977366805 5.1624378664419055 6.2934864312410355 3.4793532267212868 0.61913218069821596 1.1438153479248274 4.0588510585948825 2.9430848099291325 6.1426573637872925 1.4410769222304214 5.2681850804947317 3.4271650216542184 1.9026048434898255 1.4124104753136624
leaf_count=228 64 101 157 125 47 105 54 93 598 56 81 169 46 1399 93 7 67 105 95 54 73 17 37 23 66 110 348 76 33 8
internal_value=0.00115352 0.00636474 0.00288832 0.000177312 0.00424086 0.00105277 -0.00450798 0.00272481 -0.025921 0.020387 -0.00313013 0.00313432 -0.0190507 -0.0220042 0.00547395 -0.0300235 0.0116276 0.0285662 -0.00184392 0.016542 0.0351803 -0.0338697 -0.0290265 -0.0124631 0.0269728 -0.0378141 -0.0187652 0.0345173 -0.0341713 -0.0336526
internal_weight=145.168 119.094 102.879 96.5541 85.5105 80.2516 62.9215 47.6868 15.2347 17.3301 41.0319 32.9652 8.78226 26.0747 5.96234 20.1124 24.1829 10.2165 13.9664 7.6729 1.31244 19.3702 11.0435 6.98469 16.2147 18.2264 6.70926 6.65493 6.60878 13.9222
internal_count=4535 2333 2166 2102 1885 1760 1599 873 726 161 743 662 248 2202 321 1881 414 172 242 147 120 1874 217 180 167 1857 458 130 202 606
is_linear=0
shrinkage=0.05


Tree=42
num_leaves=31
num_cat=0
split_feature=6 4 7 7 3 1 7 5 8 0 3 9 2 2 8 9 11 7 7 0 5 5 6 7 11 0 11 0 8 8
split_gain=7.20979 3.38745 2.26306 4.46612 3.84622 3.88275 3.8794 3.97886 3.2442 3.17284 3.38645 5.91443 3.7829 5.13068 3.26246 2.48939 4.10893 3.97004 3.72312 3.47128 3.47381 3.34121 3.44963 2.75327 2.32556 1.64211 3.08572 1.52838 1.34211 4.44246
threshold=0.0061921450000000005 146.56300000000002 0.74951150000000011 0.54980750000000012 15.500000000000002 0.047517500000000011 -0.11709949999999998 13.610750000000001 8.7250000000000032 -0.11911949999999999 1.5000000000000002 931.50000000000011 10.018700000000001 8.2328650000000021 15.775000000000002 1326.5000000000002 9.5000000000000018 -0.016879749999999995 0.024025250000000001 4.8992900000000015 2.9968350000000004 5.6345900000000011 0.051148500000000006 0.18810600000000002 13.500000000000002 -0.068901299999999985 7.5000000000000009 0.73121400000000014 17.725000000000005 22.241650000000003
decision_type=2 2 2 2 2 2 2 2 2 2 2 2 2 2 2 2 2 2 2 2 2 2 2 2 2 2 2 2 2 2
left_child=25 2 3 4 5 6 8 9 -2 -8 11 -11 13 14 -13 23 17 -17 -18 20 -19 22 -20 27 -16 26 -1 -12 -27 -30
right_child=1 -3 -4 -5 -6 -7 7 -9 -10 10 15 12 -14 -15 24 16 18 19 21 -21 -22 -23 -24 -25 -26 28 -28 -29 29 -31
leaf_value=-0.031651026445958873 0.0097675082233051602 0.03804679207337909 -0.022751764549756144 0.051225795134470314 -0.045056208640133551 0.033815342409531782 0.036327052165346027 0.051694801136032031 -0.04675555858299843 0.064842241968859821 0.0029385834231859726 -0.027969754052808674 -0.040579840268819611 0.07123496176963022 0.046140845548609769 0.070545497380612845 -0.043894428422583384 -0.010002480536709667 0.043534483570115273 -0.029543148069937981 0.065932400553727594 -0.030696470362798763 -0.0073254110833302884 0.0051801759910013248 -0.016329662632465311 -0.035633446393916385 0.046275614768241061 -0.039001921326683502 0.039074802507469461 -0.033640437762350366
leaf_weight=1.5714191305451124 3.5432098098099214 6.8965326016768804 6.3820705190300933 4.1811938509345046 2.9224861296825102 9.7746201530098897 5.5406779311597196 3.4457856193184844 5.9152180999517441 3.9675017553381791 2.472537353634837 5.0507482690736634 3.0417272578924885 2.0753294932655981 3.0314443609677255 2.570967533160001 4.9863711302168694 2.4465690297074634 5.0336419669911283 3.1290745688602328 2.1559601118788123 4.5077692223712793 6.9146639807149768 7.2274040337651959 1.7151070102117953 14.72358445543796 1.5520925922319291 11.370589636731891 2.3201002720743409 4.7993751252070069
leaf_count=95 49 56 42 33 50 52 56 32 134 90 48 206 95 34 125 62 258 114 99 89 29 66 101 61 81 1294 93 303 204 483
internal_value=0.00124015 0.00635064 0.00410733 0.00590484 0.00358663 0.00544177 0.00202781 0.00567759 -0.0266722 0.00299015 -5.03415e-05 0.017584 0.00172787 0.0148773 -0.00255253 -0.0065643 0.00233292 0.0268554 -0.0101212 0.00591185 0.030987 0.00204079 0.0158085 -0.0194673 0.0246543 -0.0226805 0.00890299 -0.0318176 -0.0273889 -0.00804994
internal_weight=145.266 120.299 113.403 107.021 102.839 99.9169 90.1423 80.6839 9.45843 77.2381 71.6974 18.8819 14.9144 11.8726 9.7973 52.8155 31.745 10.3026 21.4424 7.7316 4.60253 16.4561 11.9483 21.0705 4.74655 24.9666 3.12351 13.8431 21.8431 7.11948
internal_count=4534 2365 2309 2267 2234 2184 2132 1949 183 1917 1861 631 541 446 412 1230 818 294 524 232 143 266 200 412 206 2169 188 351 1981 687
is_linear=0
shrinkage=0.05


Tree=43
num_leaves=31
num_cat=0
split_feature=14 13 1 4 7 11 11 0 4 5 1 8 10 7 0 2 9 9 2 0 7 9 2 2 0 7 5 2 10 7
split_gain=5.50534 7.05851 3.27097 3.0209 4.26484 3.36966 6.23732 4.9298 4.30097 3.60911 3.3526 2.46302 3.34428 3.3435 2.63235 2.53447 2.08676 3.72271 2.53593 2.52511 1.83811 1.80371 2.0109 2.79597 1.67282 1.42349 1.35241 1.33244 1.27088 1.09988
threshold=1.0000000180025095e-35 1.0000000180025095e-35 0.0015518550000000002 1.4956500000000001 0.27338450000000009 11.500000000000002 18.500000000000004 0.18333800000000003 0.79339350000000008 2.8235250000000005 0.017402800000000003 23.858350000000005 27.500000000000004 -0.017787099999999997 3.9977850000000008 3.3634300000000006 1326.5000000000002 1901.5000000000002 6.0725900000000008 0.98387550000000012 0.015466700000000002 782.50000000000011 10.379600000000002 16.650350000000007 3.6853600000000006 -0.056854099999999991 6.9353600000000002 6.2979550000000009 4.5000000000000009 -0.0047485849999999987
decision_type=2 2 2 2 2 2 2 2 2 2 2 2 2 2 2 2 2 2 2 2 2 2 2 2 2 2 2 2 2 2
left_child=1 2 20 4 5 7 8 -4 9 -7 16 12 13 15 -13 -3 19 18 -18 -5 26 -9 -23 -24 -12 -17 29 -19 -28 -1
right_child=-2 11 3 10 -6 6 -8 21 -10 -11 24 14 -14 -15 -16 25 17 27 -20 -21 -22 22 23 -25 -26 -27 28 -29 -30 -31
leaf_value=-0.0014445895524615672 0.039605370645594322 0.029200013000961783 0.037275335228504194 0.021033081816046382 -0.037743269265280377 0.065282890643419897 -0.020201394439415408 0.010683074506619206 -0.013573277202480761 0.009791766346969405 0.047612573120432503 0.049890986276841735 0.032006928874928522 -0.046032847232310645 -0.016271487341507278 -0.040428249953528651 0.0051618324988276882 0.010602646805916377 0.064656469740420913 -0.020013273866597191 0.028762623059843992 -0.043694283679530002 0.03541170879551972 -0.03471544070711343 0.016558893199298815 0.01152340019326561 -0.021897573446152327 -0.028244069743689926 0.040046843525324512 -0.043759984499596345
leaf_weight=2.0427948506548983 7.7751730214804402 2.5434775296598753 3.2446349915117052 4.5419779117219177 5.9309229012578717 7.8032097583636695 7.1560114431194952 2.6236385540105394 3.4024296142160884 4.9995577400550246 8.505089223384859 1.387561997398733 1.3241025297902513 15.688657317310572 3.1804958591237664 3.1012633508071303 3.1360070942901057 4.1710395482368767 3.8529105293564498 10.862060312181709 0.86278941109776575 8.4250397095456702 1.8076694402843707 1.8786060176789758 11.127152912318705 1.4045283244922755 0.75659463834017582 2.9393088715150952 0.65679181413725019 6.1747895558364654
leaf_count=205 60 72 44 61 54 121 172 50 68 111 48 70 40 1182 121 102 62 77 67 187 42 296 54 68 99 94 76 80 63 673
internal_value=0.00122261 -0.00125329 0.00469189 0.00762942 -0.00141004 0.00457079 0.016786 -0.0113488 0.033344 0.0458926 0.0161807 -0.022861 -0.0290666 -0.0338216 0.00917644 -0.00430213 0.00517492 0.0184569 0.0419483 -0.0073661 -0.0206113 -0.0237444 -0.0314483 -0.000108338 0.0316676 -0.0250824 -0.027324 -0.00695844 0.0115539 -0.0345388
internal_weight=143.306 135.531 106.901 96.4073 47.2717 41.3408 23.3612 17.9796 16.2052 12.8028 49.1355 28.6301 24.062 22.7379 4.56806 7.04927 29.5033 14.0993 6.98892 15.404 10.4938 14.735 12.1113 3.68628 19.6322 4.50579 9.63097 7.11035 1.41339 8.21758
internal_count=4519 4459 2778 1719 1038 984 472 512 300 232 681 1681 1490 1450 191 268 534 286 129 248 1059 468 418 122 147 196 1017 157 139 878
is_linear=0
shrinkage=0.05


Tree=44
num_leaves=31
num_cat=0
split_feature=6 14 13 8 15 9 11 11 5 11 7 15 8 7 1 9 5 12 14 9 9 7 10 2 1 8 8 8 8 8
split_gain=6.54799 2.70256 5.21041 4.67201 3.33176 3.28193 2.72123 6.10928 3.9686 3.36114 4.44758 3.75368 3.42714 3.00473 4.32079 1.96053 1.92278 1.86626 1.70353 2.38698 3.54228 3.76574 1.62901 1.42828 1.96214 1.35496 1.22731 1.0379 4.3856 1.01213
threshold=0.005805600000000001 1.0000000180025095e-35 1.0000000180025095e-35 21.825000000000006 1.0000000180025095e-35 2219.5000000000005 11.500000000000002 13.500000000000002 6.7447950000000008 2.5000000000000004 -0.08640204999999998 1.0000000180025095e-35 30.225000000000005 0.35182300000000005 0.007967115000000002 3085.5000000000005 7.5505200000000006 3.5000000000000004 1.0000000180025095e-35 2219.5000000000005 1901.5000000000002 -0.0010345749999999998 1.5000000000000002 2.1387150000000008 0.0046292750000000013 14.108350000000002 10.858350000000002 8.3583350000000021 8.7250000000000032 21.025000000000002
decision_type=2 2 2 2 2 2 2 2 2 2 2 2 2 2 2 2 2 2 2 2 2 2 2 2 2 2 2 2 2 2
left_child=18 2 6 4 -4 -6 8 17 9 10 -2 -12 22 14 23 -5 25 -8 19 20 27 -22 26 -9 -25 -16 -11 -1 -29 -30
right_child=1 -3 3 15 5 -7 7 13 -10 12 11 -13 -14 -15 16 -17 -18 -19 -20 -21 21 -23 -24 24 -26 -27 -28 28 29 -31
leaf_value=-0.040308316216030128 0.062988959171820499 0.034999120441684739 -0.044795214643424612 0.046809876689518679 -0.035992688722468927 0.031581322194932364 0.066478554189282987 -0.039086680257739273 0.023925843179503112 0.015132454478239516 -0.031017839452270525 0.029609714545828086 0.023981095562933055 -0.019624785378754606 0.014905821332322997 -0.0092480593605501395 -0.0019536703853130048 0.020121916827091468 0.027996887312682375 -0.045073022079311423 0.085226437169500277 -0.023025952377947599 -0.041614373038370484 0.030810496038036719 -0.024186898118101225 0.04112188393698174 -0.024090644958594913 0.065063997064759779 -0.03058532228829421 0.0095727644213461308
leaf_weight=3.6047965441830518 2.17479234188795 7.1191543750464907 10.621595464646818 2.4848449085839084 2.1821560845710328 3.1338809905573726 6.0004072492010874 3.0841870857402673 11.621887518092988 2.5704414430074456 5.0297682271339017 3.4529198785312474 2.7532968092709771 7.0740928724408141 11.08623742870987 2.3222876517102122 6.0133375255390993 4.9093465590849519 0.82905593328177829 7.945313482079654 0.8335130219347775 0.83377737272530683 10.143736908677964 2.0113841812126338 2.5169672844931483 11.464679241180418 3.7195418891496956 0.71455556480213811 6.281929908785969 1.4894414455629883
leaf_count=287 24 52 433 68 99 113 71 188 121 49 132 70 67 58 98 78 71 66 10 913 68 101 259 76 60 115 93 33 541 154
internal_value=0.00249909 0.00705525 0.00506213 -0.0171155 -0.02979 0.00253625 0.0100006 0.0172757 0.000315232 -0.00935669 0.0124209 -0.0058191 -0.0214692 0.00833097 0.0141783 0.0227996 0.0229678 0.0490593 -0.0217101 -0.0247584 -0.0107674 0.0427547 -0.0300227 -0.0176394 0.00139602 0.029414 -0.00818483 -0.0208503 -0.00920664 -0.0226748
internal_weight=146.023 123.491 116.372 20.7448 15.9376 5.31604 95.627 54.1606 41.4664 29.8445 10.6575 8.48269 19.187 43.2509 36.1768 4.80713 28.5643 10.9098 22.5324 21.7033 13.758 1.66729 16.4337 7.61254 4.52835 22.5509 6.28998 12.0907 8.48593 7.77137
internal_count=4568 2461 2409 791 645 212 1618 803 815 694 226 202 468 666 608 146 284 137 2107 2097 1184 169 401 324 136 213 142 1015 728 695
is_linear=0
shrinkage=0.05


Tree=45
num_leaves=31
num_cat=0
split_feature=6 0 9 1 3 12 6 0 5 11 3 5 14 5 5 10 0 0 6 1 9 0 4 4 9 6 10 9 1 11
split_gain=6.57766 3.35808 3.98545 3.57618 3.34052 3.2618 3.43427 3.47671 4.56021 3.43116 2.71278 3.1169 2.55545 2.17686 2.04869 2.00811 1.97837 3.60872 2.55463 1.89018 1.84255 2.55456 1.82643 1.66464 1.38073 3.24809 2.45737 2.05712 1.36073 0.865668
threshold=0.006401775000000001 0.18333800000000003 1603.5000000000002 0.00070581850000000005 15.500000000000002 5.5000000000000009 0.16360600000000003 0.94061000000000006 1.4770050000000003 17.500000000000004 1.5000000000000002 0.43001400000000006 1.0000000180025095e-35 2.4795250000000006 9.0387150000000016 1.5000000000000002 3.3222100000000006 4.8992900000000015 0.024912200000000006 0.023044300000000004 1108.0000000000002 0.42931600000000009 96.570700000000016 0.25676000000000004 1713.5000000000002 0.039688050000000009 3.5000000000000004 1099.5000000000002 0.012447850000000002 19.500000000000004
decision_type=2 2 2 2 2 2 2 2 2 2 2 2 2 2 2 2 2 2 2 2 2 2 2 2 2 2 2 2 2 2
left_child=1 2 3 -1 5 6 7 20 10 22 11 -9 19 -10 15 23 -17 -18 -19 29 -2 -22 24 -15 25 26 27 -7 -28 -3
right_child=4 12 -4 -5 -6 9 -8 8 13 -11 -12 -13 -14 14 -16 16 17 18 -20 -21 21 -23 -24 -25 -26 -27 28 -29 -30 -31
leaf_value=-0.012649496773118342 0.048794922823382263 -0.047326034112445826 -0.034865670189636204 0.074609438386948584 -0.033930254729881933 0.019019445007529816 0.033695561555229729 0.048224884085835043 0.035233411414003928 -0.040262467187182877 -0.041562549847780829 -0.03161569624776852 0.030042587121225813 0.0436236559825873 0.022431508369340949 -0.034541542368253311 0.032789322340112975 0.011386112442304055 -0.035278607497682267 0.012850079629641737 -0.016332250073015035 0.036097308266152414 0.029185874435733353 -0.0021963458330173237 0.020140244955191851 -0.029091356847086521 0.0021284812719131975 -0.032238866187450484 0.049639344826226062 -0.011879871974828897
leaf_weight=1.6216111937537818 5.5047321473248285 13.487888851668695 2.1520152306184173 1.7350147925317285 4.3834632071666411 2.444883758202204 13.879433268681167 1.5051610795781001 5.4564452497288576 5.1495330659672609 7.5066255684942007 1.4458324336446819 0.77898003906011482 2.5474378643557456 9.4571618670597655 5.4326730007305768 4.3411637614481142 4.2843457637354714 6.2361481199041009 1.2716829348355521 3.8141374252736568 3.6253495393320918 3.7899434184655538 4.2881650258786976 3.8236706210300317 9.9291581194847804 2.6664108266122639 3.8168903607875109 2.7702549993991852 2.8772458257153621
leaf_count=115 67 1543 178 26 64 61 119 94 113 117 361 68 7 76 107 96 59 116 85 17 73 78 38 73 80 122 102 120 30 313
internal_value=-0.000238416 -0.0235945 0.00937196 0.0392267 0.00465143 0.00642148 0.0119521 0.00690308 0.000989568 -0.00631253 -0.0270626 0.0110059 -0.0334305 0.00843369 0.00360584 -0.00352069 -0.0113727 -0.00125964 -0.0169362 -0.0376955 0.029097 0.0104671 0.000799906 0.0182676 -0.00437062 -0.00940261 0.00828335 -0.0123622 0.0302885 -0.042137
internal_weight=142.023 23.9244 5.50864 3.35663 118.099 113.716 79.3248 65.4454 52.5012 34.3907 10.4576 2.95099 18.4158 42.0435 36.5871 27.1299 20.2943 14.8617 10.5205 17.6368 12.9442 7.43949 29.2412 6.8356 25.4513 21.6276 11.6984 6.26177 5.43667 16.3651
internal_count=4518 2199 319 141 2319 2255 1585 1466 1248 670 523 162 1880 725 612 505 356 260 201 1873 218 151 553 149 515 435 313 181 132 1856
is_linear=0
shrinkage=0.05


Tree=46
num_leaves=31
num_cat=0
split_feature=6 5 0 0 9 8 0 6 0 0 5 0 5 8 9 8 8 2 7 7 0 10 9 5 6 9 3 11 2 4
split_gain=7.11447 2.94704 2.85239 2.7206 3.27073 4.09012 2.3755 2.82153 3.25782 4.8418 4.09541 3.75884 3.20771 3.31531 3.01994 2.40669 2.31387 2.68528 2.16575 3.08288 2.31372 4.27948 2.02173 2.20694 1.91816 2.06457 1.87584 1.64705 1.62458 1.32916
threshold=0.0061921450000000005 21.174900000000004 -0.11911949999999999 0.18333800000000003 1603.5000000000002 8.4750000000000032 0.62883650000000013 0.16360600000000003 3.6853600000000006 2.6443500000000006 0.99898000000000009 0.98387550000000012 4.3602150000000011 16.641650000000002 1505.5000000000002 6.8750000000000009 7.8500000000000005 5.9159250000000005 -0.10277599999999999 -0.078083099999999975 9.1262750000000015 2.5000000000000004 1776.0000000000002 2.4171950000000004 0.04844865000000001 1375.5000000000002 5.5000000000000009 3.5000000000000004 11.731600000000002 0.055215700000000006
decision_type=2 2 2 2 2 2 2 2 2 2 2 2 2 2 2 2 2 2 2 2 2 2 2 2 2 2 2 2 2 2
left_child=3 2 -2 4 5 -1 24 8 9 10 -8 -12 13 -11 -9 -10 -13 -18 -17 -20 22 -22 27 -24 25 -4 -23 -21 -19 -5
right_child=1 -3 6 29 -6 -7 7 14 15 12 11 16 -14 -15 -16 18 17 28 19 20 21 26 23 -25 -26 -27 -28 -29 -30 -31
leaf_value=-0.017661542333531687 0.035215394921400522 0.039721534703210375 0.015611908219838783 -0.0078408421845877086 -0.034649448216502392 0.069982919529007634 -0.041664017316242308 0.0017810805887964979 0.032206971184571401 -0.016982283771677781 0.048096293898382637 -0.029982175099711017 0.059925161045402409 0.047622635696202564 0.041401891456399317 -0.039337326567934136 -0.020025416075010256 0.042134243149310094 0.041094827280820756 -0.0015582351587923894 0.046668432437933546 -0.034252398739969735 -0.029130828811494737 0.018995146713940505 -0.041196529912902513 -0.02963958139660974 0.0072394792923517193 -0.048026512909168664 0.0013679103547634597 -0.040369977494173759
leaf_weight=1.8881596368737548 6.3854479370638719 5.54688118956983 5.5408011404797417 4.832962246611717 2.1129423878155649 1.8612374044023452 4.0335299326106933 9.2072113603353518 2.408736834768205 4.1624150983989221 3.6847028783522573 4.3907833229750421 5.9287128900177777 2.2744212211109698 9.2886810824274999 5.0905036199837879 4.5970344650559118 4.3743184972554428 2.1333634182810775 2.5986910904757803 3.2917283438146105 4.1635821210220438 3.2853821585886172 4.3773051965981722 3.9970094701275221 3.1057956274598837 5.1684243963100016 6.9534968491643667 4.6092439601197839 12.463263313751666
leaf_count=64 59 38 90 614 177 88 278 72 44 126 63 70 75 58 90 125 98 69 52 54 63 92 178 101 37 106 89 185 51 1256
internal_value=0.00212222 0.00703207 0.00512734 -0.0226785 0.00602807 0.0314205 0.0030543 0.00577591 0.00148028 0.0117648 -0.000899031 0.00819746 0.0361729 0.00917957 0.0227818 -0.00848097 -0.00208707 0.00836954 -0.011902 -0.00647325 -0.0110965 0.00499711 -0.0225245 -0.00261975 -0.0165234 -0.0020297 -0.0127961 -0.0367304 0.0234501 -0.0322059
internal_weight=143.757 120.598 115.051 23.1586 5.86234 3.7494 108.666 96.0223 77.5264 38.0552 25.6896 21.6561 12.3655 6.43684 18.4959 39.4712 17.9714 13.5806 37.0625 31.972 29.8386 12.6237 17.2149 7.66269 12.6436 8.6466 9.33201 9.55219 8.98356 17.2962
internal_count=4562 2363 2325 2199 329 152 2266 2033 1871 888 629 351 259 184 162 983 288 218 939 814 762 244 518 279 233 196 181 239 120 1870
is_linear=0
shrinkage=0.05


Tree=47
num_leaves=30
num_cat=0
split_feature=1 14 4 4 8 11 3 4 12 0 10 9 0 11 7 9 11 9 7 4 1 9 3 7 8 1 3 5 12
split_gain=7.25716 7.84997 2.87613 3.77658 3.45394 4.5279 4.12507 5.76178 5.52734 2.86004 2.7183 3.07314 3.30836 2.99051 2.78968 2.58593 2.45881 2.43964 2.97637 4.02816 2.06862 1.82779 1.46182 1.21506 1.14432 0.853592 0.566829 0.710043 0.372523
threshold=0.0075885600000000011 1.0000000180025095e-35 0.26947400000000005 0.48910050000000005 6.7416650000000002 5.5000000000000009 7.5000000000000009 44.097850000000008 1.5000000000000002 5.3773800000000014 2.5000000000000004 1383.5000000000002 0.13728400000000004 5.5000000000000009 0.071783750000000021 2970.5000000000005 1.5000000000000002 2199.0000000000005 -0.019508999999999995 99.636550000000014 0.014103750000000002 2603.5000000000005 2.5000000000000004 0.043410150000000008 14.658350000000002 0.017402800000000003 8.5000000000000018 8.2669550000000012 2.5000000000000004
decision_type=2 2 2 2 2 2 2 2 2 2 2 2 2 2 2 2 2 2 2 2 2 2 2 2 2 2 2 2 2
left_child=1 10 9 -4 -5 16 7 22 -8 20 11 12 -1 14 -12 17 -6 18 -15 26 -2 -19 -7 -14 -23 -24 27 -20 -11
right_child=2 -3 3 4 5 6 8 -9 -10 28 13 -13 23 15 -16 -17 -18 21 19 -21 -22 24 25 -25 -26 -27 -28 -29 -30
leaf_value=0.02494992067504382 0.023048129375992835 0.06449030012563188 0.045768364314307808 0.042895751228364642 0.0037861177931603749 -0.006421935061920717 0.041785676299548748 0.017844979831007073 -0.012837478500970362 -0.012698798116014369 -0.04402702716799467 -0.047643186923039677 -0.041661136759469891 0.041230850504953287 0.030873390681736591 -0.035307058741096159 0.043019761169708542 0.076017796900709977 -0.042407301222633587 0.051000661496065608 -0.012385902498236793 0.031831433664497193 -0.04980790012454351 0.0049883229318087204 -0.023997786315429152 -0.020873071198620828 0.0039349954601886226 0.0030601683453855997 -0.043593176786124864
leaf_weight=3.4731632890179771 6.5897399131208685 1.8842545580118883 6.5798057336360207 5.5294480044394723 7.1203116700053206 5.8003649748861852 8.5035804025828856 8.6720000449568015 8.3302200585603696 2.6592004289850584 6.103030830621722 13.266110707540063 4.4454457806423306 2.2250779699534169 0.76472477708011855 2.2547983997501424 8.7485944991931301 1.3222391856834286 4.6358049120753995 0.93886181619018305 8.064385209232567 0.81318415468558647 6.9586685206741077 1.6121774762868879 0.87985008675605059 7.450836812146008 0.82029482861980785 0.86130889179185022 3.6400831900537014
leaf_count=97 102 22 69 45 69 79 73 80 92 73 537 1233 398 106 13 242 75 84 383 35 75 61 104 39 65 77 62 62 87
internal_value=-0.000350184 -0.016368 0.00757477 0.012191 0.00827546 0.0045313 -0.00356491 -0.0148543 0.0155512 -0.00847635 -0.0211427 -0.0328577 -0.00970754 -0.00788308 -0.0328229 0.00507469 0.0266838 0.014437 0.000545296 -0.0154134 0.0040027 0.047104 -0.0290653 -0.0302982 0.00468023 -0.0371718 -0.0309045 -0.0359088 -0.0340778
internal_weight=140.948 46.3003 94.6472 73.6938 67.114 61.5846 45.7157 28.8819 16.8338 20.9534 44.4161 22.7969 9.53079 21.6192 6.86776 14.7514 15.8689 12.4966 9.48135 7.25627 14.6541 3.01527 20.2099 6.05762 1.69303 14.4095 6.31741 5.49711 6.29928
internal_count=4539 3439 1100 763 694 649 505 340 165 337 3417 1767 534 1650 550 1100 144 858 648 542 177 210 260 437 126 181 507 445 160
is_linear=0
shrinkage=0.05


Tree=48
num_leaves=31
num_cat=0
split_feature=14 1 13 2 0 4 8 12 7 8 2 7 7 3 8 0 2 11 7 2 2 2 4 8 7 0 11 7 8 8
split_gain=4.4691 5.60671 3.40137 5.11188 3.407 3.14726 3.09941 3.02813 3.91724 4.63055 2.94541 3.79943 2.8582 2.82581 3.03892 2.60345 2.58276 2.57638 2.34063 2.24366 2.01127 2.42975 2.48128 1.88108 1.86059 2.48881 1.80514 1.13577 1.10715 1.91129
threshold=1.0000000180025095e-35 0.0088221450000000017 1.0000000180025095e-35 1.9162150000000002 8.239250000000002 8.0593750000000011 21.291650000000004 2.5000000000000004 -0.0053837849999999994 7.3583350000000012 0.67157500000000014 0.056234900000000011 -0.04135334999999999 7.5000000000000009 9.0250000000000004 2.5089800000000007 6.6401850000000016 4.5000000000000009 0.045557500000000008 10.475650000000002 0.40856800000000004 0.036678050000000011 0.80839400000000006 18.658350000000002 -0.0047485849999999987 -0.15297499999999997 4.5000000000000009 0.096820850000000014 22.725000000000005 13.108350000000002
decision_type=2 2 2 2 2 2 2 2 2 2 2 2 2 2 2 2 2 2 2 2 2 2 2 2 2 2 2 2 2 2
left_child=1 2 3 24 7 10 15 12 26 -10 11 -3 -5 14 -12 -7 -16 -11 23 -15 21 -4 -23 -19 25 -1 -9 -26 29 -18
right_child=-2 5 20 4 -6 6 -8 8 9 17 13 -13 -14 19 16 -17 28 18 -20 -21 -22 22 -24 -25 27 -27 -28 -29 -30 -31
leaf_value=0.046867937168956153 0.036143386316934908 0.037043143735857029 -0.033403414233670256 0.036704998602944953 -0.025028850516622788 0.029579898822539998 0.04765180904916215 0.027949481056880866 -0.017406594017979813 0.010686374990508077 -0.037198005933755961 -0.011086966497712639 -0.032004522953797347 -0.0069642830954068508 0.017680784325625223 -0.0060474095137606834 0.0020167742317412168 0.11916303697002839 0.018308727074618125 0.032335211994796442 -0.042312113917596782 0.059823216635548328 -0.022904548998175386 0.020177786725987641 -0.045568992991618366 -0.022843272939460573 -0.026607929471754291 8.1509991282760773e-05 0.0060207809992587772 -0.045400312414508814
leaf_weight=0.99729659780859981 8.4508287236094457 9.8978415736928564 1.9307837462984014 1.2584916111081836 4.563920837827026 8.5030940324068123 7.5208655633032313 1.487679031677543 1.7461180230602602 2.1315826517529786 8.6359710553661007 5.974749816581606 3.8285187003202799 6.6235781516879779 8.0621866062283534 10.538275089114903 3.3687717309221608 2.4798355288803582 1.7527857478708027 6.3292920012027025 10.675967157352714 1.2510884674265983 0.82257745135575522 1.1070627011358736 7.8078322419896704 2.5757398102432481 2.9642243236303329 1.6076337900012729 3.1402504267171025 4.4016561731696129
leaf_count=14 64 101 207 40 244 50 61 78 58 113 106 71 216 65 105 97 58 118 33 73 1064 109 100 93 667 208 173 20 72 81
internal_value=0.00291184 0.000563605 -0.0123455 -0.00382809 0.0101316 0.00854691 0.0223987 0.0195209 0.0311738 0.0482754 0.00175073 0.0193427 -0.0117688 -0.00543311 -0.0143211 0.0105444 -0.00256708 0.0638687 0.0800645 0.0131802 -0.0318238 -0.000994344 0.0302317 0.0996716 -0.0278246 0.00260824 -0.00659411 -0.038515 -0.017757 -0.0269572
internal_weight=142.436 133.986 50.9891 36.3087 23.3202 82.9965 26.5622 18.7563 13.6693 9.21738 56.4343 15.8726 5.08701 40.5617 27.6088 19.0414 18.9729 7.47127 5.33968 12.9529 14.6804 4.00445 2.07367 3.5869 12.9885 3.57304 4.4519 9.41547 10.9107 7.77043
internal_count=4559 4495 3555 2075 1166 940 208 922 666 415 732 172 256 560 422 147 316 357 244 138 1480 416 209 211 909 222 251 687 211 139
is_linear=0
shrinkage=0.05


Tree=49
num_leaves=31
num_cat=0
split_feature=6 0 14 1 9 6 2 7 7 5 11 5 9 9 9 4 2 11 5 11 3 7 1 1 0 8 2 5 2 0
split_gain=5.09876 4.2485 3.0087 2.71238 1.92187 4.38648 2.13569 4.20011 3.55906 3.95706 2.82887 2.62984 2.56161 3.37156 2.97236 3.4246 2.84273 2.37305 1.8415 2.60912 2.42615 2.96234 1.63021 1.367 1.68428 1.24896 1.23814 1.55868 1.08321 1.32752
threshold=0.0025970050000000008 0.037426150000000012 1.0000000180025095e-35 0.091560100000000019 3099.0000000000005 0.039688050000000009 2.6757650000000006 -0.11709949999999998 -0.016024149999999997 0.81168600000000002 1.0000000180025095e-35 0.17624050000000002 735.50000000000011 1280.5000000000002 1399.5000000000002 0.00078493050000000015 6.0725900000000008 5.5000000000000009 2.9378750000000005 17.500000000000004 2.5000000000000004 0.21153950000000002 0.0088221450000000017 0.00058869500000000008 2.8435100000000006 9.9083350000000028 1.0798900000000002 1.1444700000000003 5.0118300000000007 0.13728400000000004
decision_type=2 2 2 2 2 2 2 2 2 2 2 2 2 2 2 2 2 2 2 2 2 2 2 2 2 2 2 2 2 2
left_child=28 -2 3 4 6 -6 8 25 9 11 -9 -3 -12 16 -15 -16 -14 -18 -17 20 22 -22 -20 24 -10 -8 -25 -28 -1 -30
right_child=1 2 -4 -5 5 -7 7 10 23 -11 12 -13 13 14 15 18 17 -19 19 -21 21 -23 -24 26 -26 -27 27 -29 29 -31
leaf_value=-0.043519775008901293 0.030768814045683875 0.00063503638771168227 0.030841755137192835 0.026024135969945485 -0.045970671720299498 0.017754876282119261 -0.0015530901822603542 -0.031992163036189424 -0.021931546008918893 -0.030487893615841033 0.03648439124788621 0.058229645981791124 0.0228334089713539 0.050518577526789593 0.053327717719219729 -0.025604995261498766 0.0030030806201108121 -0.040243043636460668 -0.035900800857315743 -0.028694456476873666 0.044165458485081008 -0.0076846105574903166 0.013820815760958303 -0.037551584626630129 0.052465872013028637 -0.044587205907027111 0.018634728624530843 -0.025560941886599849 0.026489052990069713 -0.02145490421095186
leaf_weight=5.5474141724407655 12.284418598748742 3.8193371519446391 6.8390615694224826 7.4551192969083777 6.301296975463627 3.6018995298072696 2.6035743281245152 3.053342645056552 0.76692869979888445 3.0022558211348951 7.7024922659620634 3.1707566711120307 3.6445470275357357 4.302803676575425 2.7304271119646755 4.0002816072665182 5.0688438545912486 6.9321774207055569 2.256887393537915 2.9897496509365729 7.7287641130387765 3.641001008450985 2.5389100629836321 11.207810414955022 0.44829547079280019 4.2061991412192583 2.4102478930726638 4.0100070312619209 0.931480764877051 5.7309587504714727
leaf_count=668 157 78 47 40 347 59 39 73 119 85 108 65 65 64 101 116 92 102 129 86 150 35 34 569 49 99 102 118 54 690
internal_value=0.00097184 0.00397881 0.000914357 -0.00121521 -0.00343645 -0.0232904 -0.00107783 0.00405753 -0.0121264 0.0112716 0.00866522 0.0307784 0.0115281 0.00664473 0.0162283 0.00886151 -0.0117112 -0.0231512 0.00162759 0.00830291 0.0164184 0.0282823 -0.0117351 -0.0244768 0.0168085 -0.0304396 -0.0280724 -0.00869397 -0.0286295 -0.0121696
internal_weight=140.927 128.717 116.433 109.594 102.139 9.9032 92.2356 63.4 28.8356 9.99235 56.5902 6.99009 53.5369 45.8344 30.1888 25.886 15.6456 12.001 23.1556 19.1553 16.1656 11.3698 4.7958 18.8433 1.21522 6.80977 17.6281 6.42025 12.2099 6.66244
internal_count=4540 3128 2971 2924 2884 406 2478 1293 1185 228 1155 143 1082 974 715 651 259 194 550 434 348 185 163 957 168 138 789 220 1412 744
is_linear=0
shrinkage=0.05


Tree=50
num_leaves=31
num_cat=0
split_feature=6 0 4 6 4 5 9 9 0 8 9 8 9 11 8 6 6 7 1 7 0 5 9 3 1 10 5 11 0 4
split_gain=4.29331 3.31226 3.01284 4.81622 3.86153 4.17249 3.67781 3.34231 3.33009 3.0595 4.00984 5.45708 4.74515 3.79679 3.23354 4.13268 3.35203 3.07909 3.25954 2.90843 3.67192 2.52544 2.23273 2.15451 1.67675 2.63462 1.52214 1.42065 1.16666 1.26185
threshold=0.0025970050000000008 -0.11911949999999999 3.7542350000000004 0.16360600000000003 0.88295100000000015 19.946900000000003 1505.5000000000002 1326.5000000000002 1.7883700000000002 29.358350000000005 1713.5000000000002 18.133350000000004 2630.5000000000005 15.500000000000002 11.275000000000002 0.018315700000000004 0.07514040000000001 -0.09043219999999999 0.0064067250000000011 0.090811750000000011 5.0046200000000001 0.011817950000000002 764.50000000000011 3.5000000000000004 0.0026991350000000005 4.5000000000000009 1.7650400000000002 2.5000000000000004 3.5713300000000006 0.06462865000000001
decision_type=2 2 2 2 2 2 2 2 2 2 2 2 2 2 2 2 2 2 2 2 2 2 2 2 2 2 2 2 2 2
left_child=24 -2 4 6 9 -6 7 8 -4 10 14 13 -13 17 15 26 -17 -12 23 27 -21 -16 -10 -19 -1 -26 -3 -8 -23 -30
right_child=1 2 3 -5 5 -7 19 -9 22 -11 11 12 -14 -15 21 16 -18 18 -20 20 -22 28 -24 -25 25 -27 -28 -29 29 -31
leaf_value=-0.035717644589966589 0.034534266656204259 0.013723244138483302 0.037029361338775615 0.062197879510829161 -0.028910007177002039 0.023337303238818431 0.010452201879873353 0.054441163067483589 0.021124680624402963 -0.029545731276912401 -0.021638939892674017 0.084636214001834853 -0.0036715852289986883 -0.033467376792269077 0.021997726858245956 0.055390894380678318 0.0010394788221047833 -0.031984558474962239 0.065719841795121983 0.030753033744238475 -0.019924249172821106 -0.047209295160164665 -0.019546901978953493 0.041058780627250657 0.037414274652014849 -0.032652324214014518 -0.040317095626724614 -0.040054363126265834 -0.036334184002201328 0.0057185710689863483
leaf_weight=9.063974757678805 7.4331885823048642 1.3012060122564459 6.0227379789575997 3.3492662217468014 20.496594159863893 3.8584150047972789 1.2792672556825007 4.4700391557998946 4.2594054960645726 5.1038414286449543 2.1281539136543879 4.297520838212221 2.0211717030033469 3.5427388972602785 2.0255636326037338 4.6857781419530493 5.7393243946135044 1.6713137309998285 3.3713167682290077 6.2889635795727354 6.0685229618102312 4.8604212105274183 8.5473304106853885 0.63433962361887086 1.7522233054041856 1.6274467655457554 3.1758566526696086 6.2807934298180044 2.069431824143976 3.7217815993353724
leaf_count=1288 82 89 90 24 543 34 65 60 52 230 51 103 101 147 74 81 50 159 38 51 83 140 125 48 70 69 118 324 77 89
internal_value=0.00144856 0.00422647 0.00210153 0.0119488 -0.00411338 -0.0200388 0.00673595 0.0198492 0.00930585 0.00383024 0.0081526 0.0260622 0.059747 0.00398627 -0.00383028 0.0116442 0.0281788 0.0228566 0.0402796 -0.00881946 0.0062379 -0.021542 -0.00546961 -0.0055471 -0.0254605 0.00392271 -0.0249729 -0.0312853 -0.0309991 -0.012446
internal_weight=141.148 128.704 121.271 46.5663 74.7048 24.355 43.2171 23.2995 18.8295 50.3498 45.2459 17.6666 6.31869 11.3479 27.5794 14.9022 10.4251 7.80512 5.67697 19.9175 12.3575 12.6772 12.8067 2.30565 12.4436 3.37967 4.47706 7.56006 10.6516 5.79121
internal_count=4555 3128 3046 874 2172 577 850 327 267 1595 1365 647 204 443 718 338 131 296 245 523 134 380 177 207 1427 139 207 389 306 166
is_linear=0
shrinkage=0.05


Tree=51
num_leaves=31
num_cat=0
split_feature=6 14 13 11 11 4 8 3 10 9 4 9 4 9 8 8 6 1 10 9 11 8 10 5 8 11 1 11 9 8
split_gain=4.47577 2.41746 4.23489 2.76204 4.88499 3.68812 6.32824 3.02656 2.93494 2.55344 2.37192 3.5421 2.26917 2.16371 2.08831 5.6246 3.20182 1.80101 1.90067 1.68772 1.67076 2.06629 1.64691 1.80546 1.30082 0.977099 0.944248 0.87847 1.41832 0.790112
threshold=0.0061921450000000005 1.0000000180025095e-35 1.0000000180025095e-35 11.500000000000002 18.500000000000004 1.2741100000000001 8.2583350000000006 6.5000000000000009 3.5000000000000004 2219.5000000000005 1.0331050000000002 2951.5000000000005 44.097850000000008 1704.5000000000002 17.725000000000005 22.241650000000003 0.0032578550000000005 0.015411500000000002 2.5000000000000004 1576.0000000000002 13.500000000000002 12.841650000000001 1.5000000000000002 2.7836250000000002 8.4083350000000028 7.5000000000000009 0.017402800000000003 21.500000000000004 970.50000000000011 10.791650000000002
decision_type=2 2 2 2 2 2 2 2 2 2 2 2 2 2 2 2 2 2 2 2 2 2 2 2 2 2 2 2 2 2
left_child=14 2 3 5 8 6 -2 24 22 -4 11 25 -12 17 27 16 19 18 -7 -16 -10 -22 -5 -24 -6 -11 -17 -1 -29 -8
right_child=1 -3 9 4 7 13 29 -9 20 10 12 -13 -14 -15 15 26 -18 -19 -20 -21 21 -23 23 -25 -26 -27 -28 28 -30 -31
leaf_value=-0.033494178870312849 0.026328401650914064 0.032497297430663437 -0.044284865605897505 0.018888923984875891 0.0044383989229259862 0.0084490833201732955 -0.01225692754769034 0.022076494441772683 0.029473966586729874 0.0091382285470347473 -0.043178744056165112 -0.025692681909489375 0.0097097876235538571 0.036691519195295834 0.0061883870455510144 -0.038887582449594567 -0.020164576289982823 0.018550863089600932 -0.030704047893916828 0.10504803670294467 -0.0244515886569826 0.014658646386912595 0.071991179427061902 0.022433012601715045 -0.032652422208704984 0.058053915864973007 0.013696512352246793 0.035571430167997638 -0.026307851097988607 -0.044533494624074632
leaf_weight=12.772312268614769 4.775550989899787 6.6353190019726744 5.1827225941233364 7.7734632496722069 2.9878702317364496 5.7155795060098225 3.5463299048133186 4.7847217139787963 6.3274214947596219 2.1936280904337746 4.3382812142372131 2.5850336835719645 2.7712400071322918 5.0662730094045392 0.72765685897320442 3.3233591269236062 0.65331419464200724 8.3407462127506715 5.0077700898982584 0.92368473066017032 4.54679077118635 7.6356841195374727 5.0872526629827899 4.4875719537958503 7.3862624987959862 2.0763359158299863 0.52910645212978114 0.71056606527417976 1.0259949159808455 8.8849527472630125
leaf_count=1301 77 46 230 121 40 101 79 60 65 80 184 135 54 91 57 460 65 58 94 95 66 105 87 53 167 55 11 46 108 303
internal_value=0.00146232 0.00525387 0.0033582 0.00781772 0.0154864 -0.0017889 -0.0188871 -0.0079477 0.0253398 -0.0174721 -0.00522663 0.0147254 -0.023908 0.0106699 -0.0194542 0.00450611 0.0542968 0.00227055 -0.0108947 0.0802502 0.0106063 -0.00068579 0.0396251 0.0530819 -0.0225188 0.0394267 -0.0303313 -0.0292571 0.0027581 -0.0369239
internal_weight=138.803 118.137 111.501 92.3542 51.017 41.3372 17.2068 15.1589 35.8582 19.1472 13.9645 6.855 7.10952 24.1304 20.666 6.15712 2.30466 19.0641 10.7233 1.65134 18.5099 12.1825 17.3483 9.57482 10.3741 4.26996 3.85247 14.5089 1.73656 12.4313
internal_count=4494 2351 2305 1567 764 803 459 267 497 738 508 270 238 344 2143 688 217 253 195 152 236 171 261 140 207 135 471 1455 154 382
is_linear=0
shrinkage=0.05


Tree=52
num_leaves=31
num_cat=0
split_feature=6 7 12 7 5 11 5 12 5 9 8 8 9 3 7 7 7 8 8 4 1 5 14 9 8 8 3 12 4 9
split_gain=4.03682 2.64865 2.91964 3.84579 3.62613 5.79171 3.59556 4.31986 4.20433 2.92069 2.36051 6.15664 2.28595 2.15294 3.67338 3.29621 2.90907 2.12365 1.77252 1.75524 1.61231 1.57141 1.47748 1.83663 2.0912 4.9684 1.80687 1.70786 1.44787 1.35703
threshold=0.005805600000000001 -0.41440749999999998 5.5000000000000009 -0.11284149999999998 0.043692700000000008 9.5000000000000018 1.32162 3.5000000000000004 2.5726850000000003 691.50000000000011 10.041650000000002 12.475000000000001 1713.5000000000002 6.5000000000000009 0.27338450000000009 0.17962250000000005 -0.039200299999999993 10.491650000000002 10.241650000000002 9.3900050000000004 0.012447850000000002 6.9353600000000002 1.0000000180025095e-35 2219.5000000000005 8.3583350000000021 8.7250000000000032 1.0000000180025095e-35 3.5000000000000004 80.924800000000019 1341.5000000000002
decision_type=2 2 2 2 2 2 2 2 2 2 2 2 2 2 2 2 2 2 2 2 2 2 2 2 2 2 2 2 2 2
left_child=22 -2 3 18 5 -5 7 -6 17 -4 21 -12 -13 14 15 16 -10 -8 -3 -18 -9 -11 23 24 -1 -26 27 -27 -28 -15
right_child=1 2 9 4 6 -7 8 20 13 10 11 12 -14 29 -16 -17 19 -19 -20 -21 -22 -23 -24 -25 25 26 28 -29 -30 -31
leaf_value=-0.039397884040316467 0.032092547456855684 0.0038504691316072481 0.02778236581012446 -0.015056000679919508 -0.032183380255621556 0.070871057589589212 0.062664082873505556 -0.0066126537265028418 0.025663034366937038 -0.048124902784427187 0.036981060645045701 -0.034150253529415468 0.0059309262183106989 0.033529917895721649 -0.038119987063008551 0.03839173354069627 -0.03766917639192157 0.01451580684697449 -0.043928940756928159 -0.0011209374001429754 0.046176532711109074 -0.0027715870429730768 0.025485773154281952 -0.043610415458246302 0.074643773883240658 -0.020890171810453263 -0.034992042984343226 0.050771434678582673 0.015182534073740823 0.0046182815913674716
leaf_weight=3.2880583715159508 6.8962747529149047 2.9055519485846153 3.5109113659709683 2.5534272035583845 9.9322856923099589 4.6094265966676176 4.5525696426630002 2.2647324320860198 4.627265525981783 6.1409119665622729 5.212952354457232 10.199980129022149 4.8282343102619043 7.5678158123046151 4.9411407783627501 4.8687199540436259 4.8950089719146579 5.2528846776112914 4.0623119324445724 7.5636128149926662 2.1591401845216751 2.7818729551509023 0.87837342917919059 6.1961973779834798 0.96278627123683591 0.70385731058195034 5.2267378263641149 0.9703764752484858 1.2445712708868084 8.4206749955192191
leaf_count=316 37 40 43 88 433 98 77 103 140 154 99 258 119 49 46 37 137 114 95 136 19 34 10 904 39 93 545 98 95 87
internal_value=0.000629746 0.00407961 0.00211814 0.00718257 0.0106049 0.0421477 0.00666517 -0.014818 0.0126856 -0.0103035 -0.0156575 -0.00556249 -0.0217064 0.00552301 -0.00316939 0.00601464 -0.00482402 0.040601 -0.0260225 -0.0172127 0.0229153 -0.0356893 -0.0199185 -0.0232549 -0.0105845 0.00268558 -0.0130515 0.0240985 -0.0246018 0.0194712
internal_weight=140.219 120.748 113.851 81.1766 74.2087 7.16285 67.0459 14.3562 52.6897 32.6749 29.164 20.2412 15.0282 42.8842 26.8957 21.9546 17.0859 9.80545 6.96786 12.4586 4.42387 8.92278 19.471 18.5926 12.3964 9.10833 8.14554 1.67423 6.47131 15.9885
internal_count=4543 2443 2406 1699 1564 186 1378 555 823 707 664 476 377 632 496 450 413 191 135 273 122 188 2100 2090 1186 870 831 191 640 136
is_linear=0
shrinkage=0.05


Tree=53
num_leaves=31
num_cat=0
split_feature=14 1 9 11 6 7 1 5 10 2 9 9 9 9 9 9 10 1 7 2 2 10 0 10 2 7 2 5 0 5
split_gain=4.83955 3.76309 2.84914 2.55216 2.50634 2.50588 1.86988 1.84348 2.28504 5.22855 2.56118 2.7469 2.52824 4.28719 2.96237 3.92817 2.84784 5.14389 4.80549 4.18576 2.70866 1.56804 1.4474 3.01784 2.53818 1.40724 1.25798 1.94805 0.997457 0.676148
threshold=1.0000000180025095e-35 0.0042618900000000008 2234.5000000000005 19.500000000000004 0.019607900000000004 -0.41440749999999998 0.0026562650000000001 21.174900000000004 5.5000000000000009 6.0725900000000008 1456.5000000000002 2587.5000000000005 782.50000000000011 1326.5000000000002 1436.5000000000002 1591.5000000000002 2.5000000000000004 0.009567995000000001 0.077934550000000019 3.3634300000000006 3.5244900000000006 2.5000000000000004 0.18333800000000003 13.500000000000002 1.9162150000000002 -0.043461899999999991 5.5761300000000009 2.3009250000000003 0.94061000000000006 0.019536600000000005
decision_type=2 2 2 2 2 2 2 2 2 2 2 2 2 2 2 2 2 2 2 2 2 2 2 2 2 2 2 2 2 2
left_child=1 2 3 4 22 -3 21 8 12 -10 -11 -12 20 26 -15 -16 17 -17 25 -19 -7 -5 24 -24 -1 -18 27 -14 -6 -4
right_child=-2 5 29 6 28 7 -8 -9 9 10 11 -13 13 14 15 16 18 19 -20 -21 -22 -23 23 -25 -26 -27 -28 -29 -30 -31
leaf_value=-0.034437123167629251 0.036579222334142576 0.03133064504798308 -0.00064360458809391101 3.0834371976941426e-05 -0.0080305537760954754 -0.0013817772349395624 -0.020079689323346885 0.025806383593912064 -0.035916963375192644 -0.013707622607362802 0.041318130687003816 -0.01067548309163921 -0.028126027329309546 0.049276721119258439 -0.041536717029512338 -0.038148134920080894 0.020941287655717622 0.040559169694119927 -0.006597846838501991 -0.016316383892182023 0.044938637717965732 0.07874504941385263 -0.044534255669822255 0.031517550314436198 0.027416313722788216 0.073756495587582155 -0.037577389789037324 0.017084144344377616 0.040685804199170547 -0.044487397558230293
leaf_weight=1.9940152284689308 8.1999027114361507 6.4637858197093001 1.0159493950195591 0.94523374596610599 1.2687144242227071 5.5163300540298206 0.64881976135075081 6.0913354102522126 12.002792996354403 8.3216901086270827 5.7895391704514605 3.5149467419832945 4.0627534263767284 3.0638209087774149 3.2150736744515589 5.7713609798811438 3.3612898336723447 6.3303780891001207 5.6162101738154888 5.0316721759736538 6.1995703997090459 0.91827095509506762 7.343254695646463 0.81148038455285121 2.7185107124969363 3.283089464530347 6.3895491100847721 3.5875189369544387 1.6794764613732693 7.3521357639692724
leaf_count=124 58 35 135 90 33 64 47 91 169 96 89 75 69 44 71 200 74 62 78 73 67 82 1031 73 78 72 106 53 91 1074
internal_value=0.00152962 -0.000937714 -0.0173197 -0.00552679 -0.0133703 0.00340831 0.0335978 0.00125022 -0.000654961 -0.0118341 0.00561326 0.0225467 0.0048403 -0.000243759 0.00898046 0.00384086 0.0100075 -0.00327659 0.0274184 0.0160895 0.0247355 0.0527725 -0.0227604 -0.0343502 -0.00020261 0.0532727 -0.0227198 -0.00740107 0.0229973 -0.0398013
internal_weight=138.508 130.309 26.6959 18.3278 15.8155 103.613 2.51232 97.1489 91.0576 29.629 17.6262 9.30449 61.4286 49.7127 35.6729 32.6091 29.394 17.1334 12.2606 11.3621 11.7159 1.8635 12.8673 8.15474 4.71253 6.64438 14.0398 7.65027 2.94819 8.36809
internal_count=4504 4446 2858 1649 1430 1588 219 1553 1462 429 260 164 1033 902 674 630 559 335 224 135 131 172 1306 1104 202 146 228 122 124 1209
is_linear=0
shrinkage=0.05


Tree=54
num_leaves=31
num_cat=0
split_feature=3 3 14 13 8 8 15 9 4 12 0 9 1 8 8 8 9 0 4 12 15 9 4 7 2 4 2 6 1 1
split_gain=2.8835 3.23344 3.29233 3.91625 2.61948 2.50015 3.46898 2.72803 2.54958 2.39848 4.07922 3.20715 3.54636 2.90218 3.3476 5.53238 2.73259 2.70228 3.78127 3.76899 3.19969 2.56381 2.47232 2.37582 2.22534 1.77526 2.17689 1.73481 1.7021 1.57744
threshold=15.500000000000002 14.500000000000002 1.0000000180025095e-35 1.0000000180025095e-35 31.675000000000001 20.275000000000002 1.0000000180025095e-35 3071.5000000000005 0.80839400000000006 5.5000000000000009 18.690900000000003 1326.5000000000002 0.0038159700000000006 21.466650000000005 10.725000000000001 12.125000000000002 1280.5000000000002 0.94061000000000006 0.18543550000000003 4.5000000000000009 1.0000000180025095e-35 970.50000000000011 0.00033335950000000004 0.010301200000000002 0.42404700000000006 1.2741100000000001 4.6742800000000004 0.044683900000000006 0.0089626450000000017 0.012447850000000002
decision_type=2 2 2 2 2 2 2 2 2 2 2 2 2 2 2 2 2 2 2 2 2 2 2 2 2 2 2 2 2 2
left_child=1 2 3 4 9 6 -5 29 24 10 11 17 -13 14 21 -16 27 20 22 -20 -1 23 -19 -11 -8 -6 -27 -17 -14 -7
right_child=-2 -3 -4 5 25 7 8 -9 -10 13 -12 12 28 -15 15 16 -18 18 19 -21 -22 -23 -24 -25 -26 26 -28 -29 -30 -31
leaf_value=-0.0073139012600462201 -0.031277379831222286 0.056555360372471192 0.03144408250418846 -0.041495441708196253 -0.037178277585102712 -0.00038745722269708789 0.067368556233426399 -0.025341509441431837 -0.026031617262726393 0.033430644045923219 0.054637117940631197 -0.023504950998937024 0.055308110172892604 -0.037911363846430589 0.062355894759456958 -0.041466724779617437 0.024826842150619602 -0.01361318048205486 -0.039223740730332274 0.013398512637811992 0.043894281640848347 -0.034721779763529782 0.043839515641487581 -0.020367264316176519 -0.0037243053124907627 0.03007460490177908 -0.02561093962640569 0.0054353654210020034 0.019816942772658927 0.058826835699005292
leaf_weight=5.7031080187298375 5.2074821204878381 1.8230030189733941 8.1054021641612035 11.680096112191682 4.8900440970901382 1.9444238895084702 1.0694439788348966 2.5155642554163933 2.8495260272175074 3.1328116804361361 4.5105213695205739 2.6793933308217701 4.837240161374214 4.1445823200047007 3.9323005676269522 3.3338527129963023 4.8438658921513706 2.6550307543948319 10.706898587057365 4.2112053707242003 5.0091674439609051 6.679693691432476 3.3130006229039282 3.1424807845614851 2.1424383581615984 2.5317543703131378 2.4971043530385941 3.2405220661312342 13.211793793365358 1.6262300722301004
leaf_count=80 104 28 53 823 252 141 51 160 251 69 72 329 109 188 72 153 150 95 288 72 134 212 104 52 182 75 68 33 117 21
internal_value=0.00206179 0.00359125 0.00243256 0.000283199 0.00468561 -0.0174966 -0.0266074 0.00906863 0.00389478 0.00744131 0.0135514 0.00905166 0.0238396 -0.00334583 0.00283632 0.0181022 -0.00093227 -0.00108289 -0.0114247 -0.0244606 0.0183348 -0.0152534 0.0199946 0.00739373 0.0303218 -0.0185302 0.00276205 -0.0206831 0.0317329 0.0335514
internal_weight=138.17 132.962 131.139 123.034 99.2064 23.8277 17.7415 6.08622 6.06141 89.2875 56.8374 52.3268 20.7284 32.4501 28.3055 15.3505 11.4182 31.5984 20.8861 14.9181 10.7123 12.955 5.96803 6.27529 3.21188 9.9189 5.02886 6.57437 18.049 3.57065
internal_count=4538 4434 4406 4353 2724 1629 1307 322 484 2329 1400 1328 555 929 741 408 336 773 559 360 214 333 199 121 233 395 143 186 226 162
is_linear=0
shrinkage=0.05


end of trees

feature_importances:
atrPct=207
tokenAgeMin=176
dispFromBaseline=165
atrPctZ=160
rvol=134
vol10m=125
dormancyHours=116
absorption=111
buySellRatio10m=102
hourUtc=69
tradesInMinute=55
uniqueBuyers10m=54
dayOfWeek=43
priorEpisodes=28
prior2xEpisodes=28
chainId=14

parameters:
[boosting: gbdt]
[objective: binary]
[metric: average_precision,binary_logloss]
[tree_learner: serial]
[device_type: cpu]
[data_sample_strategy: bagging]
[data: ]
[valid: ]
[num_iterations: 800]
[learning_rate: 0.05]
[num_leaves: 31]
[num_threads: 14]
[seed: 0]
[deterministic: 0]
[force_col_wise: 0]
[force_row_wise: 0]
[histogram_pool_size: -1]
[max_depth: -1]
[min_data_in_leaf: 60]
[min_sum_hessian_in_leaf: 0.001]
[bagging_fraction: 0.9]
[pos_bagging_fraction: 1]
[neg_bagging_fraction: 1]
[bagging_freq: 1]
[bagging_seed: 3]
[bagging_by_query: 0]
[feature_fraction: 0.9]
[feature_fraction_bynode: 1]
[feature_fraction_seed: 2]
[extra_trees: 0]
[extra_seed: 6]
[early_stopping_round: 0]
[early_stopping_min_delta: 0]
[first_metric_only: 0]
[max_delta_step: 0]
[lambda_l1: 0]
[lambda_l2: 1]
[linear_lambda: 0]
[min_gain_to_split: 0]
[drop_rate: 0.1]
[max_drop: 50]
[skip_drop: 0.5]
[xgboost_dart_mode: 0]
[uniform_drop: 0]
[drop_seed: 4]
[top_rate: 0.2]
[other_rate: 0.1]
[min_data_per_group: 100]
[max_cat_threshold: 32]
[cat_l2: 10]
[cat_smooth: 10]
[max_cat_to_onehot: 4]
[top_k: 20]
[monotone_constraints: ]
[monotone_constraints_method: basic]
[monotone_penalty: 0]
[feature_contri: ]
[forcedsplits_filename: ]
[refit_decay_rate: 0.9]
[cegb_tradeoff: 1]
[cegb_penalty_split: 0]
[cegb_penalty_feature_lazy: ]
[cegb_penalty_feature_coupled: ]
[path_smooth: 0]
[interaction_constraints: ]
[verbosity: -1]
[saved_feature_importance_type: 0]
[use_quantized_grad: 0]
[num_grad_quant_bins: 4]
[quant_train_renew_leaf: 0]
[stochastic_rounding: 1]
[linear_tree: 0]
[max_bin: 255]
[max_bin_by_feature: ]
[min_data_in_bin: 3]
[bin_construct_sample_cnt: 200000]
[data_random_seed: 1]
[is_enable_sparse: 1]
[enable_bundle: 1]
[use_missing: 1]
[zero_as_missing: 0]
[feature_pre_filter: 1]
[pre_partition: 0]
[two_round: 0]
[header: 0]
[label_column: ]
[weight_column: ]
[group_column: ]
[ignore_column: ]
[categorical_feature: ]
[forcedbins_filename: ]
[precise_float_parser: 0]
[parser_config_file: ]
[objective_seed: 5]
[num_class: 1]
[is_unbalance: 0]
[scale_pos_weight: 1]
[sigmoid: 1]
[boost_from_average: 1]
[reg_sqrt: 0]
[alpha: 0.9]
[fair_c: 1]
[poisson_max_delta_step: 0.7]
[tweedie_variance_power: 1.5]
[lambdarank_truncation_level: 30]
[lambdarank_norm: 1]
[label_gain: ]
[lambdarank_position_bias_regularization: 0]
[eval_at: ]
[multi_error_top_k: 1]
[auc_mu_weights: ]
[num_machines: 1]
[local_listen_port: 12400]
[time_out: 120]
[machine_list_filename: ]
[machines: ]
[gpu_platform_id: -1]
[gpu_device_id: -1]
[gpu_device_id_list: ]
[gpu_use_dp: 0]
[num_gpu: 1]

end of parameters

pandas_categorical:[]
