tree
version=v4
num_class=1
num_tree_per_iteration=1
label_index=0
max_feature_idx=15
objective=quantile
feature_names=atrPctZ atrPct rvol uniqueBuyers10m buySellRatio10m vol10m absorption dispFromBaseline dormancyHours tokenAgeMin tradesInMinute hourUtc dayOfWeek priorEpisodes prior2xEpisodes chainId
feature_infos=[-2.33541:7113.1700000000001] [0:2.8510200000000001] [1.92e-07:1486.5] [0:63] [0:3499.8099999999999] [3.1e-07:7368.2600000000002] [0:36.877699999999997] [-0.99085699999999999:239.56999999999999] [6:63.5167] [372:3885] [1:265] [0:23] [0:6] [0:4] [0:2] [0:1]
tree_sizes=2508 2513 2499 2567 2538 2572 2589 2599 2637 2612 2628 2642 2644 2642 2617 2624 2617 2614 2572 2663 2636 2604 2650 2693 2687 2661 2678 2718 2708 2729 2706 2679 2737 2728 2757 2761 2752 2768 2757 2772 2763 2758 2755 2773 2758 2769 2747 2760 2756 2757 2750 2741 2755

Tree=0
num_leaves=31
num_cat=0
split_feature=4 1 5 0 4 7 2 11 3 2 4 2 5 2 0 0 8 10 8 15 8 1 1 11 7 11 6 0 5 15
split_gain=18.6601 8.25194 5.80682 3.81831 3.16519 10.7068 3.07185 2.2394 2.22147 2.09014 1.77386 1.68577 1.47929 1.4523 1.45009 1.28697 1.27315 1.26084 1.08889 1.08178 1.02217 0.936368 1.81084 1.26264 0.871583 1.02475 0.782129 0.753462 0.645951 0.770458
threshold=0.10881300000000001 0.025605400000000004 2.7154500000000001 3.2707350000000006 2.1888600000000005 0.03706845000000001 0.15000000000000002 10.500000000000002 1.5000000000000002 13.418100000000001 0.33699250000000008 14.128900000000002 2.1356550000000003 2.8700450000000006 0.58129700000000006 8.9295950000000008 10.858350000000002 3.5000000000000004 9.0916650000000008 1.0000000180025095e-35 11.191650000000001 0.0012839000000000004 0.00095249050000000013 12.500000000000002 -6.0376699999999994e-06 10.500000000000002 0.023921750000000002 2.4535150000000003 0.074648050000000007 1.0000000180025095e-35
decision_type=2 2 2 2 2 2 2 2 2 2 2 2 2 2 2 2 2 2 2 2 2 2 2 2 2 2 2 2 2 2
left_child=1 2 8 14 5 9 -7 11 12 28 -11 -5 13 18 -4 16 -8 -16 -1 21 -9 22 23 -6 25 -20 -23 -27 -2 -30
right_child=4 -3 3 7 19 6 15 20 -10 10 -12 -13 -14 -15 17 -17 -18 -19 24 -21 -22 26 -24 -25 -26 27 -28 -29 29 -31
leaf_value=3.5996779258608869e-06 7.5942248283894162e-05 0 0 0 1.9496188584508481e-05 0.00061250081169981682 0 0 5.7866402552605051e-05 0 1.1999822618167397e-06 0 8.7622888802056051e-05 0 0 0 0 0 0 0.00017160513436555516 0 0.00048880274258562633 0 0 0 0 1.4999833313047699e-07 9.5403873986637912e-05 0 9.1116855759340763e-05
leaf_weight=135 244 60 90 101 149 60 76 66 258 78 119 79 60 61 229 85 96 66 153 569 135 483 61 114 88 98 262 66 483 408
leaf_count=135 244 60 90 101 149 60 76 66 258 78 119 79 60 61 229 85 96 66 153 569 135 483 61 114 88 98 262 66 483 408
internal_value=-0.00176669 -0.00594556 -0.00529674 -0.00851175 0.00045178 -0.0010946 -0.00935331 -0.0120604 -0.00261697 0.000870871 -0.00388325 -0.0161111 -0.0041528 -0.00490017 -0.005 -0.0117315 -0.00924419 -0.00330508 -0.00407407 0.00200855 -0.00843284 0.00107109 -0.00117284 0.000627377 -0.00537037 -0.00414826 0.00204698 -0.00140244 0.00169604 0.00107183
internal_weight=5032 1745 1685 766 3287 1649 317 381 919 1332 197 180 661 601 385 257 172 295 540 1638 201 1069 324 263 405 317 745 164 1135 891
internal_count=5032 1745 1685 766 3287 1649 317 381 919 1332 197 180 661 601 385 257 172 295 540 1638 201 1069 324 263 405 317 745 164 1135 891
is_linear=0
shrinkage=0.05


Tree=1
num_leaves=31
num_cat=0
split_feature=4 1 5 0 4 7 2 11 3 2 4 2 5 4 5 2 0 10 8 8 8 7 11 15 5 15 2 0 7 11
split_gain=17.8498 8.20012 5.59442 3.81831 3.44227 9.25072 2.32169 2.2394 1.91783 1.78229 1.87117 1.68577 1.47929 1.45848 1.71569 1.4523 1.45009 1.26084 1.08889 1.02217 0.961418 0.871583 1.02475 0.763873 0.824171 0.759665 1.13223 0.753462 0.626448 0.750544
threshold=0.10881300000000001 0.025605400000000004 2.7154500000000001 3.2707350000000006 3.3005550000000006 0.03706845000000001 11.908500000000002 10.500000000000002 1.5000000000000002 13.418100000000001 0.33699250000000008 14.128900000000002 2.1356550000000003 2.0444900000000001 0.17624050000000002 2.8700450000000006 0.58129700000000006 3.5000000000000004 9.0916650000000008 11.191650000000001 10.858350000000002 -6.0376699999999994e-06 10.500000000000002 1.0000000180025095e-35 1.3952250000000002 1.0000000180025095e-35 7.1265250000000009 2.4535150000000003 -0.0092755199999999972 13.500000000000002
decision_type=2 2 2 2 2 2 2 2 2 2 2 2 2 2 2 2 2 2 2 2 2 2 2 2 2 2 2 2 2 2
left_child=1 2 8 16 5 9 13 11 12 23 -11 -5 15 14 -7 18 -4 28 -1 -9 -16 22 -20 24 -2 26 -6 -24 29 -18
right_child=4 -3 3 7 25 6 -8 19 -10 10 -12 -13 -14 -15 20 -17 17 -19 21 -21 -22 -23 27 -25 -26 -27 -28 -29 -30 -31
leaf_value=3.4196940295678423e-06 1.7798206231228937e-05 0 0 0 0 0.0001293531775209922 0 0 5.4973082424974795e-05 0 1.4399783844968421e-06 0 8.3241744361953245e-05 0.00060080093903052756 0 0 0 0 0 0 0 0 0 8.1080782261384104e-05 0 0.00019480528369742421 0.00021301494460961457 9.0633680287306018e-05 8.9991903223562989e-06 5.5716147802416092e-05
leaf_weight=135 448 60 90 101 438 63 113 66 258 78 131 79 60 64 62 61 81 66 153 135 91 88 98 528 279 494 498 66 82 66
leaf_count=135 448 60 90 101 438 63 113 66 258 78 131 79 60 64 62 61 81 66 153 135 91 88 98 528 279 494 498 66 82 66
internal_value=-0.00191574 -0.00600287 -0.00535608 -0.00851175 0.000254031 -0.00116586 -0.0079771 -0.0120604 -0.00272579 0.000662568 -0.00361244 -0.0161111 -0.0041528 -0.00553571 -0.0075 -0.00490017 -0.005 -0.00330508 -0.00407407 -0.00843284 -0.0103595 -0.00537037 -0.00414826 0.0013745 0.000323246 0.0020979 0.00126068 -0.00140244 -0.00155022 -0.0035034
internal_weight=5032 1745 1685 766 3287 1857 393 381 919 1464 209 180 661 280 216 601 385 295 540 201 153 405 317 1255 727 1430 936 164 229 147
internal_count=5032 1745 1685 766 3287 1857 393 381 919 1464 209 180 661 280 216 601 385 295 540 201 153 405 317 1255 727 1430 936 164 229 147
is_linear=0
shrinkage=0.05


Tree=2
num_leaves=31
num_cat=0
split_feature=4 1 5 0 4 7 2 11 6 3 2 2 4 5 4 5 0 2 10 8 8 8 15 7 9 9 6 5 5 7
split_gain=16.8137 8.17427 5.48971 3.81831 2.95082 8.96049 2.32169 2.2394 2.06781 1.97534 1.68577 1.6702 1.87117 1.50934 1.45848 1.71569 1.45009 1.41944 1.26084 1.14136 1.02217 0.961418 0.833649 0.823385 0.949093 0.692335 0.680765 0.904877 0.672456 0.626448
threshold=0.10881300000000001 0.025605400000000004 2.7154500000000001 3.2707350000000006 3.3005550000000006 0.03706845000000001 11.908500000000002 10.500000000000002 0.00033355150000000008 1.5000000000000002 14.128900000000002 13.418100000000001 0.33699250000000008 2.1356550000000003 2.0444900000000001 0.17624050000000002 0.58129700000000006 2.8700450000000006 3.5000000000000004 9.0916650000000008 11.191650000000001 10.858350000000002 1.0000000180025095e-35 -6.0376699999999994e-06 1408.5000000000002 3484.5000000000005 0.013831300000000003 0.16617750000000003 1.3952250000000002 -0.0092755199999999972
decision_type=2 2 2 2 2 2 2 2 2 2 2 2 2 2 2 2 2 2 2 2 2 2 2 2 2 2 2 2 2 2
left_child=1 2 9 16 5 11 14 10 -6 13 -5 22 -13 17 15 -7 -4 19 29 -1 -9 -17 28 24 -21 -10 27 -26 -2 -18
right_child=4 -3 3 7 8 6 -8 20 25 -11 -12 12 -14 -15 -16 21 18 -19 -20 23 -22 -23 -24 -25 26 -27 -28 -29 -30 -31
leaf_value=3.2487093280894499e-06 1.6908295919667491e-05 0 0 0 -9.0256295378487485e-06 0.00012288551864494263 0 0 0.00015606343676802557 5.2224428303726056e-05 0 0 1.3679794652719999e-06 7.9079657143855587e-05 0.00057076089207900118 0 0 0 0 0 0 0 7.7026743148314903e-05 0 0 0 0 4.9094403159238823e-05 0 8.5492308062384834e-06
leaf_weight=135 448 60 90 101 75 63 113 66 1272 258 79 78 131 60 64 62 147 61 66 69 135 91 528 88 106 83 60 82 279 82
leaf_count=135 448 60 90 101 75 63 113 66 1272 258 79 78 131 60 64 62 147 61 66 69 135 91 528 88 106 83 60 82 279 82
internal_value=-0.00206479 -0.00603152 -0.00538576 -0.00851175 4.10711e-05 -0.00127356 -0.0079771 -0.0120604 0.00174825 -0.0027802 -0.0161111 0.000525956 -0.00361244 -0.00422844 -0.00553571 -0.0075 -0.005 -0.00498336 -0.00330508 -0.00416667 -0.00843284 -0.0103595 0.00121514 -0.00549383 -0.00430599 0.00219557 -0.0028629 -0.00138298 0.000116919 -0.00155022
internal_weight=5032 1745 1685 766 3287 1857 393 381 1430 919 180 1464 209 661 280 216 385 601 295 540 201 153 1255 405 317 1355 248 188 727 229
internal_count=5032 1745 1685 766 3287 1857 393 381 1430 919 180 1464 209 661 280 216 385 601 295 540 201 153 1255 405 317 1355 248 188 727 229
is_linear=0
shrinkage=0.05


Tree=3
num_leaves=31
num_cat=0
split_feature=4 1 5 0 4 7 2 11 3 2 2 4 4 5 0 10 5 2 8 6 8 8 1 7 9 15 1 7 6 11
split_gain=16.4687 8.14846 5.38598 3.81831 2.9039 8.74585 2.32169 2.2394 2.03369 1.68577 1.58852 1.87117 1.45848 1.71569 1.45009 1.26084 1.22202 1.41944 1.14136 1.13094 1.02217 0.961418 0.902371 0.823385 0.949093 0.792891 1.2763 1.43566 0.893728 0.795561
threshold=0.10881300000000001 0.025605400000000004 2.7154500000000001 3.2707350000000006 3.3005550000000006 0.03706845000000001 11.908500000000002 10.500000000000002 1.5000000000000002 14.128900000000002 13.418100000000001 0.33699250000000008 2.0444900000000001 0.17624050000000002 0.58129700000000006 3.5000000000000004 2.1356550000000003 2.8700450000000006 9.0916650000000008 0.00033355150000000008 11.191650000000001 10.858350000000002 0.00011059550000000002 -6.0376699999999994e-06 1408.5000000000002 1.0000000180025095e-35 0.0012839000000000004 0.0088846100000000029 0.023921750000000002 14.500000000000002
decision_type=2 2 2 2 2 2 2 2 2 2 2 2 2 2 2 2 2 2 2 2 2 2 2 2 2 2 2 2 2 2
left_child=1 2 8 14 5 10 12 9 16 -5 22 -12 13 -7 -4 -16 17 18 -1 -6 -9 -15 -2 24 -20 26 27 29 -28 -21
right_child=4 -3 3 7 19 6 -8 20 -10 -11 11 -13 -14 21 15 -17 -18 -19 23 25 -22 -23 -24 -25 -26 -27 28 -29 -30 -31
leaf_value=3.0862738616849777e-06 -1.7353251075448216e-06 0 0 0 -8.5743480609563109e-06 0.00011674124271269549 0 0 4.9613206888539755e-05 0 0 1.2995804920084e-06 0.00054222284747505115 0 0 0 7.5125674286662811e-05 0 0 6.423117544449372e-05 0 0 5.6240361161412968e-05 0 0 0.00021230690042122477 0.00056905612066655267 -7.8031718384012791e-06 -4.4197339546253563e-06 -7.3792066284691346e-06
leaf_weight=135 61 60 90 101 75 63 113 66 258 79 78 131 64 62 229 66 60 61 69 114 135 91 1194 88 248 473 425 63 214 66
leaf_count=135 61 60 90 101 75 63 113 66 258 79 78 131 64 62 229 66 60 61 69 114 135 91 1194 88 248 473 425 63 214 66
internal_value=-0.00213434 -0.00606017 -0.00541543 -0.00851175 -5.01976e-05 -0.00135433 -0.0079771 -0.0120604 -0.0028346 -0.0161111 0.000423497 -0.00361244 -0.00553571 -0.0075 -0.005 -0.00330508 -0.00430408 -0.00498336 -0.00416667 0.00164336 -0.00843284 -0.0103595 0.00109562 -0.00549383 -0.00430599 0.00197417 0.00108844 -0.00199588 0.00226135 0.000277778
internal_weight=5032 1745 1685 766 3287 1857 393 381 919 180 1464 209 280 216 385 295 661 601 540 1430 201 153 1255 405 317 1355 882 243 639 180
internal_count=5032 1745 1685 766 3287 1857 393 381 919 180 1464 209 280 216 385 295 661 601 540 1430 201 153 1255 405 317 1355 882 243 639 180
is_linear=0
shrinkage=0.05


Tree=4
num_leaves=31
num_cat=0
split_feature=4 1 5 0 4 7 2 11 3 2 5 4 4 5 0 10 5 2 8 8 6 6 8 7 9 3 5 6 5 8
split_gain=16.5522 8.14846 5.38598 3.81831 3.74444 8.32437 2.32169 2.2394 2.03369 1.68577 1.58201 1.9371 1.45848 1.71569 1.45009 1.26084 1.22202 1.41944 1.14136 1.02217 0.976903 0.973743 0.961418 0.823385 0.949093 0.755449 0.715795 0.680765 0.904877 0.62867
threshold=0.10881300000000001 0.025605400000000004 2.7154500000000001 3.2707350000000006 3.3005550000000006 0.03706845000000001 11.908500000000002 10.500000000000002 1.5000000000000002 14.128900000000002 7.1260600000000007 0.33699250000000008 2.0444900000000001 0.17624050000000002 0.58129700000000006 3.5000000000000004 2.1356550000000003 2.8700450000000006 9.0916650000000008 11.191650000000001 0.00033355150000000008 0.00017186800000000002 10.858350000000002 -6.0376699999999994e-06 1408.5000000000002 1.5000000000000002 1.3952250000000002 0.013831300000000003 0.16617750000000003 37.775000000000006
decision_type=2 2 2 2 2 2 2 2 2 2 2 2 2 2 2 2 2 2 2 2 2 2 2 2 2 2 2 2 2 2
left_child=1 2 8 14 5 10 12 9 16 -5 21 -12 13 -7 -4 -16 17 18 -1 -9 -6 -2 -15 24 -20 26 -23 28 -26 -27
right_child=4 -3 3 7 20 6 -8 19 -10 -11 11 -13 -14 22 15 -17 -18 -19 23 -21 -22 25 -24 -25 27 29 -28 -29 -30 -31
leaf_value=2.9319601686007289e-06 -2.3754527722721849e-06 0 0 0 -8.1456306579084938e-06 0.00011090418057706073 0 0 4.7132546544112771e-05 0 0 -2.1137681507650462e-07 0.00051511170510129859 0 0 0 7.1369390572329674e-05 0 0 0 0.00012461043307493373 4.4772352636614161e-05 0 0 0 9.7587116622558127e-05 -2.8120180580706485e-06 0 4.6639683001276885e-05 -2.8120180580706485e-06
leaf_weight=135 72 60 90 101 75 63 113 66 258 79 76 150 64 62 229 66 60 61 69 135 1355 117 91 88 106 852 124 60 82 73
leaf_count=135 72 60 90 101 75 63 113 66 258 79 76 150 64 62 229 66 60 61 69 135 1355 117 91 88 106 852 124 60 82 73
internal_value=-0.0021244 -0.00606017 -0.00541543 -0.00851175 -3.49861e-05 -0.00151589 -0.0079771 -0.0120604 -0.0028346 -0.0161111 0.000218579 -0.00362832 -0.00553571 -0.0075 -0.005 -0.00330508 -0.00430408 -0.00498336 -0.00416667 -0.00843284 0.00188811 0.00092084 -0.0103595 -0.00549383 -0.00430599 0.0012693 -0.00122407 -0.0028629 -0.00138298 0.00191892
internal_weight=5032 1745 1685 766 3287 1857 393 381 919 180 1464 226 280 216 385 295 661 601 540 201 1430 1238 153 405 317 1166 241 248 188 925
internal_count=5032 1745 1685 766 3287 1857 393 381 919 180 1464 226 280 216 385 295 661 601 540 201 1430 1238 153 405 317 1166 241 248 188 925
is_linear=0
shrinkage=0.05


Tree=5
num_leaves=31
num_cat=0
split_feature=4 0 4 7 5 4 2 5 11 4 2 8 1 3 0 2 1 6 1 15 7 2 1 1 0 4 5 8 4 6
split_gain=15.8883 5.39301 4.9709 6.94508 3.88578 4.66178 2.90758 2.08444 1.64603 1.58807 1.79486 1.50841 1.45148 1.47316 1.44561 1.38245 1.30396 1.2754 0.977862 1.18122 1.27546 0.904648 0.88115 0.781997 0.731797 0.724157 0.696137 0.675762 0.594551 0.564114
threshold=0.0058062700000000014 3.1157800000000004 3.3005550000000006 0.040162900000000008 9.6344500000000028 0.27872300000000005 11.908500000000002 2.7836250000000002 10.500000000000002 2.0444900000000001 0.13540750000000004 10.858350000000002 8.054870000000001e-05 1.5000000000000002 0.58129700000000006 14.128900000000002 0.00041118550000000006 0.010333100000000001 0.0012839000000000004 1.0000000180025095e-35 0.0088846100000000029 9.2291650000000018 0.00010215500000000001 0.00089898350000000018 1.8748350000000003 0.015621750000000002 1.3952250000000002 14.108350000000002 0.12256150000000002 0.017624450000000003
decision_type=2 2 2 2 2 2 2 2 2 2 2 2 2 2 2 2 2 2 2 2 2 2 2 2 2 2 2 2 2 2
left_child=1 14 3 4 12 -6 9 17 15 10 -5 -12 -2 23 16 -9 22 -3 19 20 21 -4 -1 -14 27 -15 -18 -16 -25 -20
right_child=2 7 18 6 5 -7 -8 8 -10 -11 11 -13 13 25 24 -17 26 -19 29 -21 -22 -23 -24 28 -26 -27 -28 -29 -30 -31
leaf_value=0 -2.0386118893883444e-06 0 1.8124484860654838e-06 0.00046582506909160565 0 1.2451703081618051e-06 0 0 0 0.00055261824192853683 0 0 1.5803575894508968e-05 0 9.2236320854783215e-06 0 0 0 0.00055266721871280716 6.1171908925701022e-05 -1.3643534900227903e-05 -9.3634668176450508e-06 0 0 0 7.5133196255841819e-05 0 0 -2.6714171551671162e-06 0.00033121326882509295
leaf_weight=88 64 62 161 60 111 112 113 85 140 61 64 98 124 66 169 61 63 85 510 216 63 68 78 117 197 1225 62 111 186 412
leaf_count=88 64 62 161 60 111 112 113 85 140 61 64 98 124 66 169 61 63 85 510 216 63 68 78 117 197 1225 62 111 186 412
internal_value=-0.00226351 -0.00728143 -0.00069042 -0.00208038 -0.000885287 -0.00710762 -0.00813131 -0.0117436 -0.0142308 -0.00542403 -0.00738739 -0.0101235 -0.000106622 0.000168801 -0.00476562 -0.0179452 -0.00754295 -0.00690476 0.00164336 -0.00011811 -0.00219178 -0.000458515 -0.00463855 -0.00237705 -0.00307128 0.00101084 -0.0114 -0.00142857 -0.00374587 0.00261388
internal_weight=5032 1201 3831 2401 2005 223 396 433 286 283 222 162 1782 1718 768 146 291 147 1430 508 292 229 166 427 477 1291 125 280 303 922
internal_count=5032 1201 3831 2401 2005 223 396 433 286 283 222 162 1782 1718 768 146 291 147 1430 508 292 229 166 427 477 1291 125 280 303 922
is_linear=0
shrinkage=0.05


Tree=6
num_leaves=31
num_cat=0
split_feature=4 0 4 7 5 4 2 5 11 4 2 8 0 2 1 6 3 1 1 1 15 1 7 2 6 0 6 5 8 5
split_gain=15.7627 5.39301 4.49811 7.04102 3.94833 4.66178 2.90758 2.08444 1.64603 1.58807 1.79486 1.50841 1.44561 1.38245 1.30396 1.2754 1.11352 1.02841 0.888863 0.88115 0.846624 1.34181 1.27546 0.904648 0.802466 0.731797 0.72864 0.696137 0.675762 0.646433
threshold=0.0058062700000000014 3.1157800000000004 3.3005550000000006 0.040162900000000008 9.6344500000000028 0.27872300000000005 11.908500000000002 2.7836250000000002 10.500000000000002 2.0444900000000001 0.13540750000000004 10.858350000000002 0.58129700000000006 14.128900000000002 0.00041118550000000006 0.010333100000000001 1.5000000000000002 0.00035936500000000005 0.00089898350000000018 0.00010215500000000001 1.0000000180025095e-35 0.0012839000000000004 0.0088846100000000029 9.2291650000000018 0.023921750000000002 1.8748350000000003 0.00048937300000000009 1.3952250000000002 14.108350000000002 2.7154500000000001
decision_type=2 2 2 2 2 2 2 2 2 2 2 2 2 2 2 2 2 2 2 2 2 2 2 2 2 2 2 2 2 2
left_child=1 12 3 4 16 -6 9 15 13 10 -5 -12 14 -9 19 -3 18 26 -2 -1 21 22 23 -4 -23 28 -18 -16 -14 -19
right_child=2 7 20 6 5 -7 -8 8 -10 -11 11 -13 25 -15 27 -17 17 29 -20 -21 -22 24 -24 -25 -26 -27 -28 -29 -30 -31
leaf_value=0 1.7923924874686834e-06 0 1.72182606176221e-06 0.00044253381563702537 0 1.182911792753715e-06 0 0 0 0.00052498732983210995 0 0 8.7624504812044058e-06 0 0 0 -3.0244685354935796e-06 9.4051886214749085e-05 -4.3604178459693958e-07 0 0.00014500610088668997 0.00048751148079450121 -1.296135815521651e-05 -8.8952934767627962e-06 -2.6989932351895425e-05 0 2.592677497686654e-05 0 0 0
leaf_weight=88 140 62 161 60 111 112 113 85 140 61 64 98 169 61 63 85 65 825 303 78 494 430 63 68 214 197 63 62 111 386
leaf_count=88 140 62 161 60 111 112 113 85 140 61 64 98 169 61 63 85 65 825 303 78 494 430 63 68 214 197 63 62 111 386
internal_value=-0.00228339 -0.00728143 -0.000716523 -0.00203873 -0.000835411 -0.00710762 -0.00813131 -0.0117436 -0.0142308 -0.00542403 -0.00738739 -0.0101235 -0.00476562 -0.0179452 -0.00754295 -0.00690476 -5.05049e-05 0.000668409 -0.00222348 -0.00463855 0.0015035 0.000619658 -0.00219178 -0.000458515 0.00189441 -0.00307128 -0.00359375 -0.0114 -0.00142857 0.00111891
internal_weight=5032 1201 3831 2401 2005 223 396 433 286 283 222 162 768 146 291 147 1782 1339 443 166 1430 936 292 229 644 477 128 125 280 1211
internal_count=5032 1201 3831 2401 2005 223 396 433 286 283 222 162 768 146 291 147 1782 1339 443 166 1430 936 292 229 644 477 128 125 280 1211
is_linear=0
shrinkage=0.05


Tree=7
num_leaves=31
num_cat=0
split_feature=4 0 4 7 5 4 2 5 11 4 2 8 0 2 1 6 1 8 1 11 2 1 1 5 7 4 3 3 0 5
split_gain=16.8462 5.39301 3.39334 7.98524 4.56739 4.66178 2.90758 2.08444 1.64603 1.58807 1.79486 1.50841 1.44561 1.38245 1.30396 1.2754 1.1192 0.952278 0.940962 1.26086 0.97837 0.88115 0.84845 0.789017 0.905279 0.869596 0.876499 0.937896 0.731797 0.696137
threshold=0.0058062700000000014 3.1157800000000004 3.3005550000000006 0.040162900000000008 9.6344500000000028 0.27872300000000005 11.908500000000002 2.7836250000000002 10.500000000000002 2.0444900000000001 0.13540750000000004 10.858350000000002 0.58129700000000006 14.128900000000002 0.00041118550000000006 0.010333100000000001 9.2323200000000018e-05 7.408335000000001 0.0015757450000000001 11.500000000000002 10.379600000000002 0.00010215500000000001 0.00093777400000000005 2.7154500000000001 -2.5607499999999995e-05 0.70221600000000006 1.5000000000000002 3.5000000000000004 1.8748350000000003 1.3952250000000002
decision_type=2 2 2 2 2 2 2 2 2 2 2 2 2 2 2 2 2 2 2 2 2 2 2 2 2 2 2 2 2 2
left_child=1 12 3 4 16 -6 9 15 13 10 -5 -12 14 -9 21 -3 -2 -18 19 -4 22 -1 -21 -19 25 26 -25 -28 -14 -16
right_child=2 7 18 6 5 -7 -8 8 -10 -11 11 -13 28 -15 29 -17 17 23 -20 20 -22 -23 -24 24 -26 -27 27 -29 -30 -31
leaf_value=0 -2.0035261124144789e-06 0 1.8007292473087194e-05 0.00042040712485517413 0 1.1237662031160292e-06 0 0 0 0.00049873796334050445 0 0 0 0 0 0 0.0001630439852858994 3.1172404827058749e-05 0.00059103602496899223 2.8688607795773443e-06 -2.2964037477936413e-05 0 -1.2466105777170984e-05 2.180208922984698e-08 -7.4349323380903131e-06 0.00023231493719361106 -3.7566598127920913e-06 1.8246036125087782e-05 0 0
leaf_weight=88 70 62 325 60 111 112 113 85 140 61 64 98 280 61 63 85 249 998 855 125 65 78 60 82 117 94 84 88 197 62
leaf_count=88 70 62 325 60 111 112 113 85 140 61 64 98 280 61 63 85 249 998 855 125 65 78 60 82 117 94 84 88 197 62
internal_value=-0.00211447 -0.00728143 -0.000494649 -0.00164307 -0.000361596 -0.00710762 -0.00813131 -0.0117436 -0.0142308 -0.00542403 -0.00738739 -0.0101235 -0.00476562 -0.0179452 -0.00754295 -0.00690476 0.000482604 0.000735981 0.00143357 -0.000130435 -0.0028 -0.00463855 -0.000945946 0.000249488 -0.00145161 -0.000172414 -0.00169291 -0.00372093 -0.00307128 -0.0114
internal_weight=5032 1201 3831 2401 2005 223 396 433 286 283 222 162 768 146 291 147 1782 1712 1430 575 250 166 185 1463 465 348 254 172 477 125
internal_count=5032 1201 3831 2401 2005 223 396 433 286 283 222 162 768 146 291 147 1782 1712 1430 575 250 166 185 1463 465 348 254 172 477 125
is_linear=0
shrinkage=0.05


Tree=8
num_leaves=31
num_cat=0
split_feature=4 0 4 5 7 1 4 5 0 9 11 0 2 4 1 6 1 6 7 8 1 3 15 1 7 6 8 0 7 1
split_gain=16.2681 5.39301 3.3204 6.75868 4.58076 3.06634 2.7495 2.08444 2.0824 2.02712 1.64603 1.44561 1.38245 1.34731 1.30396 1.2754 1.21743 1.0075 0.954185 0.903042 0.88115 0.752303 0.737817 0.938263 1.01461 0.900267 0.778748 0.731797 0.71653 1.76099
threshold=0.0058062700000000014 3.1157800000000004 4.3473900000000016 10.233650000000003 0.03706845000000001 0.0021030550000000008 0.26947400000000005 2.7836250000000002 5.2154950000000015 2067.0000000000005 10.500000000000002 0.58129700000000006 14.128900000000002 1.9240600000000001 0.00041118550000000006 0.010333100000000001 9.2323200000000018e-05 0.00055546050000000009 0.047379650000000002 7.408335000000001 0.00010215500000000001 5.5000000000000009 1.0000000180025095e-35 0.0011897500000000001 0.0069186800000000008 0.018690800000000004 11.125000000000002 1.8748350000000003 0.0021560050000000003 0.0023177150000000001
decision_type=2 2 2 2 2 2 2 2 2 2 2 2 2 2 2 2 2 2 2 2 2 2 2 2 2 2 2 2 2 2
left_child=1 11 3 4 16 -5 -7 15 13 -10 12 14 -9 -6 20 -3 -2 -4 -8 -18 -1 28 23 24 -19 -25 -27 -13 -21 -30
right_child=2 7 17 5 8 6 18 10 9 -11 -12 27 -14 -15 -16 -17 19 22 -20 21 -22 -23 -24 25 -26 26 -28 -29 29 -31
leaf_value=0 -1.9033498067937553e-06 0 -7.3023269290278362e-06 1.0675778929602277e-06 0 0 -1.4207391575399611e-07 0 -1.7220501528332985e-06 0 0 0 0 0.0012730829199393517 0 0 0.00015006177440245693 9.9682059404388186e-06 0 2.071198476835463e-08 0 9.1492740721181207e-05 0.00018664029629051799 0.00056043460791788948 -1.1689984958597135e-05 -5.858317478318271e-05 0.00050089290856301742 0 -1.4557795071885238e-05 0.00032140561675934539
leaf_weight=88 72 62 110 72 145 81 63 85 89 60 140 280 61 63 125 85 258 126 77 750 78 438 429 346 72 95 156 197 214 115
leaf_count=88 72 62 110 72 145 81 63 85 89 60 140 280 61 63 125 85 258 126 77 750 78 438 429 346 72 95 156 197 214 115
internal_value=-0.00220389 -0.00728143 -0.000612112 -0.00168803 -0.000739564 -0.00882253 -0.0117421 -0.0117436 -0.00592437 -0.0104362 -0.0142308 -0.00476562 -0.0179452 -0.00269231 -0.00754295 -0.00690476 0.000262588 0.0014018 -0.0075 0.000521127 -0.00463855 5.60318e-05 0.00181373 0.00091195 -0.00207071 0.00190117 -0.000378486 -0.00307128 -0.000653383 -0.00259878
internal_weight=5032 1201 3831 2497 2204 293 221 433 357 149 286 768 146 208 291 147 1847 1334 140 1775 166 1517 1224 795 198 597 251 477 1079 329
internal_count=5032 1201 3831 2497 2204 293 221 433 357 149 286 768 146 208 291 147 1847 1334 140 1775 166 1517 1224 795 198 597 251 477 1079 329
is_linear=0
shrinkage=0.05


Tree=9
num_leaves=31
num_cat=0
split_feature=4 0 5 4 1 5 7 6 11 0 2 1 15 6 7 4 1 5 4 1 0 8 1 1 9 0 4 8 11 5
split_gain=17.9657 5.39301 3.07378 7.19513 4.05824 2.08444 1.75247 1.70656 1.64603 1.44561 1.38245 1.30396 1.27663 1.2754 0.925023 1.4249 1.05806 1.11508 1.37812 1.08528 1.0527 0.908571 0.88115 0.866006 0.758333 0.731797 0.724274 0.707093 0.696619 0.696137
threshold=0.0058062700000000014 3.1157800000000004 10.603250000000001 1.4956500000000001 0.0034733700000000004 2.7836250000000002 -0.068620499999999987 5.7342750000000006e-05 10.500000000000002 0.58129700000000006 14.128900000000002 0.00041118550000000006 1.0000000180025095e-35 0.010333100000000001 0.0011862400000000001 13.336650000000001 0.0027932500000000002 0.12255150000000002 0.18543550000000003 0.0053605600000000012 0.94061000000000006 26.883350000000004 0.00010215500000000001 0.0015518550000000002 2293.5000000000005 1.8748350000000003 0.39523900000000006 22.016650000000002 5.5000000000000009 1.3952250000000002
decision_type=2 2 2 2 2 2 2 2 2 2 2 2 2 2 2 2 2 2 2 2 2 2 2 2 2 2 2 2 2 2
left_child=1 9 7 4 -4 13 -6 -2 10 11 -7 22 14 -3 -9 16 17 18 -16 -18 -21 -22 -1 -17 -19 -11 28 -28 -14 -13
right_child=2 5 3 -5 6 8 -8 12 -10 25 -12 29 26 -15 15 23 19 24 -20 20 21 -23 -24 -25 -26 -27 27 -29 -30 -31
leaf_value=0 -6.1554971304747901e-06 0 0 0.00021947863500951749 0 0 0 1.5890055055983436e-06 0 0 0 0 -9.8937673066048898e-06 0 -1.7891928671427005e-05 -7.2328227286243707e-06 0.00039585357734631159 -1.3927056559257998e-05 9.3086348630914756e-05 0 8.6102507641664937e-08 -6.6352197269245634e-05 0 0.00059604671253407876 -2.5856544353721348e-05 0 0.00012186550478729175 8.6102778360434885e-09 3.8172374756436325e-05 0
leaf_weight=88 79 62 82 218 72 85 68 788 140 280 61 63 110 85 64 165 116 104 80 60 228 61 78 319 91 197 733 212 181 62
leaf_count=88 79 62 82 218 72 85 68 788 140 280 61 63 110 85 64 165 116 104 80 60 228 61 78 319 91 197 733 212 181 62
internal_value=-0.00194555 -0.00728143 -0.000272775 -0.00420455 -0.0105405 -0.0117436 -0.0157143 0.000237393 -0.0142308 -0.00476562 -0.0179452 -0.00754295 0.000410628 -0.00690476 -0.000346821 -0.00117236 -0.00246269 -0.00458702 -0.00125 -0.000913978 -0.00230659 -0.00105536 -0.00463855 0.000971075 -0.00705128 -0.00307128 0.00168285 0.0023545 -0.000498282 -0.0114
internal_weight=5032 1201 3831 440 222 433 140 3391 286 768 146 291 3312 147 2076 1288 804 339 144 465 349 289 166 484 195 477 1236 945 291 125
internal_count=5032 1201 3831 440 222 433 140 3391 286 768 146 291 3312 147 2076 1288 804 339 144 465 349 289 166 484 195 477 1236 945 291 125
is_linear=0
shrinkage=0.05


Tree=10
num_leaves=31
num_cat=0
split_feature=4 0 5 4 1 5 7 11 0 2 6 1 6 4 7 3 6 1 8 0 1 12 1 0 0 1 5 8 7 4
split_gain=16.7169 5.39301 3.40525 6.1998 4.05824 2.08444 1.75247 1.64603 1.44561 1.38245 1.32878 1.30396 1.2754 1.05987 1.09954 1.27263 1.1533 0.963095 0.961008 1.07351 1.02014 1.7616 0.88115 0.870964 0.731797 0.720203 0.696137 0.675762 0.646101 0.956871
threshold=0.0058062700000000014 3.1157800000000004 10.603250000000001 1.4956500000000001 0.0034733700000000004 2.7836250000000002 -0.068620499999999987 10.500000000000002 0.58129700000000006 14.128900000000002 5.7342750000000006e-05 0.00041118550000000006 0.010333100000000001 13.336650000000001 0.004629465000000001 1.5000000000000002 0.012617850000000002 0.0011897500000000001 6.8250000000000011 0.15525850000000005 0.0018515550000000002 1.5000000000000002 0.00010215500000000001 3.8739000000000003 1.8748350000000003 0.0019312750000000003 1.3952250000000002 14.108350000000002 0.03706845000000001 1.9240600000000001
decision_type=2 2 2 2 2 2 2 2 2 2 2 2 2 2 2 2 2 2 2 2 2 2 2 2 2 2 2 2 2 2
left_child=1 8 10 4 -4 12 -6 9 11 -7 -2 22 -3 14 15 16 23 -15 -16 -20 21 -21 -1 -12 27 -5 -13 -10 -22 -30
right_child=2 5 3 25 6 7 -8 -9 24 -11 13 26 -14 17 18 -17 -18 -19 19 20 28 -23 -24 -25 -26 -27 -28 -29 29 -31
leaf_value=0 -5.84772227395105e-06 0 0 -1.102472007143959e-05 0 0 0 0 8.3243279571441859e-06 0 2.7336340494281696e-05 0 0 -4.464342648347687e-06 0.00047587068991729651 3.1653861869104226e-05 -4.1551503240501853e-06 0.00057652521907978419 -1.9173638492846902e-05 -2.0588989297375913e-05 0.00012912509242515581 -9.5926299008134268e-06 0 -2.3934707569218084e-06 0 0.00091483094897754536 0 0 -5.4068841731499129e-06 2.3427795554798919e-06
leaf_weight=88 79 62 82 60 72 85 68 140 169 61 203 63 85 284 78 1104 93 540 74 77 223 151 78 75 197 158 62 111 202 208
leaf_count=88 79 62 82 60 72 85 68 140 169 61 203 63 85 284 78 1104 93 540 74 77 223 151 78 75 197 158 62 111 202 208
internal_value=-0.00213434 -0.00728143 -0.000520752 -0.00465909 -0.0105405 -0.0117436 -0.0157143 -0.0142308 -0.00476562 -0.0179452 1.62196e-05 -0.00754295 -0.00690476 0.000169082 -0.000345659 0.000525424 -0.00200809 0.0017233 -0.00161402 -0.00205882 -0.00156214 -0.00442982 -0.00463855 -0.000395683 -0.00307128 0.00133028 -0.0114 -0.00142857 -0.000529226 -0.00170732
internal_weight=5032 1201 3831 440 222 433 140 286 768 146 3391 291 147 3312 2488 1475 371 824 1013 935 861 228 166 278 477 218 125 280 633 410
internal_count=5032 1201 3831 440 222 433 140 286 768 146 3391 291 147 3312 2488 1475 371 824 1013 935 861 228 166 278 477 218 125 280 633 410
is_linear=0
shrinkage=0.05


Tree=11
num_leaves=31
num_cat=0
split_feature=4 0 5 4 1 5 7 11 0 1 2 1 6 1 0 11 6 1 5 8 8 1 6 0 8 0 6 15 10 11
split_gain=17.9657 5.39301 3.82558 6.1998 4.05824 2.08444 1.75247 1.64603 1.44561 1.40449 1.38245 1.30396 1.2754 0.88115 0.731797 0.724198 0.899329 0.720203 0.696137 0.675762 0.589922 0.669101 0.816051 0.963617 0.794423 0.651945 0.596487 0.572379 0.618946 0.664329
threshold=0.0058062700000000014 3.1157800000000004 10.603250000000001 1.4956500000000001 0.0034733700000000004 2.7836250000000002 -0.068620499999999987 10.500000000000002 0.58129700000000006 5.3032550000000008e-05 14.128900000000002 0.00041118550000000006 0.010333100000000001 0.00010215500000000001 1.8748350000000003 1.0000000180025095e-35 0.021374100000000004 0.0019312750000000003 1.3952250000000002 14.108350000000002 9.0916650000000008 0.0027552150000000005 0.014564550000000001 3.0752350000000006 15.050000000000002 2.6443500000000006 0.065560350000000017 1.0000000180025095e-35 6.5000000000000009 5.5000000000000009
decision_type=2 2 2 2 2 2 2 2 2 2 2 2 2 2 2 2 2 2 2 2 2 2 2 2 2 2 2 2 2 2
left_child=1 8 9 4 -4 12 -6 10 11 -2 -7 13 -3 -1 19 16 -11 -5 -13 -10 26 22 23 -22 -25 -24 27 28 29 -17
right_child=2 5 3 17 6 7 -8 -9 14 15 -12 18 -14 -15 -16 20 -18 -19 -20 -21 21 -23 25 24 -26 -27 -28 -29 -30 -31
leaf_value=0 -2.8715526537118091e-06 0 0 -1.047348406786761e-05 0 0 0 0 7.9081115592869763e-06 -1.3226278599675469e-06 0 0 0 0 0 0.0001528383089129211 -3.8293029060289264e-05 0.00086908940152866793 0 0 3.0020211106000208e-05 3.552412865064743e-07 -2.5588478254650895e-05 -1.7186347562076299e-05 -1.1954094599761283e-06 -7.387096352101651e-06 -1.6857649495365027e-05 0.00022522323200224541 0.00020657612498674099 -3.7470142436434867e-06
leaf_weight=88 80 62 82 60 72 85 68 140 169 245 61 63 85 78 197 75 61 158 62 111 546 1109 61 108 293 67 94 278 107 267
leaf_count=88 80 62 82 60 72 85 68 140 169 245 61 63 85 78 197 75 61 158 62 111 546 1109 61 108 293 67 94 278 107 267
internal_value=-0.00194555 -0.00728143 -0.000272775 -0.00465909 -0.0105405 -0.0117436 -0.0157143 -0.0142308 -0.00476562 0.000296373 -0.0179452 -0.00754295 -0.00690476 -0.00463855 -0.00307128 0.000454546 -0.00186274 0.00133028 -0.0114 -0.00142857 0.000690516 0.000260989 -0.000627907 -0.000121436 -0.00198254 -0.004375 0.00183313 0.00231774 0.00121381 0.000175439
internal_weight=5032 1201 3831 440 222 433 140 286 768 3391 146 291 147 166 477 3311 306 218 125 280 3005 2184 1075 947 401 128 821 727 449 342
internal_count=5032 1201 3831 440 222 433 140 286 768 3391 146 291 147 166 477 3311 306 218 125 280 3005 2184 1075 947 401 128 821 727 449 342
is_linear=0
shrinkage=0.05


Tree=12
num_leaves=31
num_cat=0
split_feature=4 0 5 4 1 5 7 11 0 2 1 6 1 1 4 8 1 6 0 11 5 8 3 10 9 11 8 9 4 1
split_gain=17.7655 5.39301 3.5637 6.44169 4.05824 2.08444 1.75247 1.64603 1.44561 1.38245 1.30396 1.2754 1.27482 0.88115 0.74248 0.912994 0.842485 0.738246 0.731797 0.711226 0.696137 0.675762 0.567012 1.16079 1.11304 0.692771 0.654673 0.782555 0.626095 0.628119
threshold=0.0058062700000000014 3.1157800000000004 10.603250000000001 1.4956500000000001 0.0034733700000000004 2.7836250000000002 -0.068620499999999987 10.500000000000002 0.58129700000000006 14.128900000000002 0.00041118550000000006 0.010333100000000001 0.00010215500000000001 0.00010215500000000001 13.336650000000001 7.408335000000001 0.0011897500000000001 0.033446850000000007 1.8748350000000003 12.500000000000002 1.3952250000000002 14.108350000000002 4.5000000000000009 5.5000000000000009 1713.5000000000002 1.0000000180025095e-35 17.866650000000003 1801.5000000000002 0.11576900000000001 0.00089898350000000018
decision_type=2 2 2 2 2 2 2 2 2 2 2 2 2 2 2 2 2 2 2 2 2 2 2 2 2 2 2 2 2 2
left_child=1 8 12 4 -4 11 -6 9 10 -7 13 -3 -2 -1 15 17 19 -14 21 -16 -12 -10 23 28 -25 -24 -27 -28 29 -17
right_child=2 5 3 -5 6 7 -8 -9 18 -11 20 -13 14 -15 16 22 -18 -19 -20 -21 -22 -23 25 24 -26 26 27 -29 -30 -31
leaf_value=0 -2.2653034401931493e-06 0 0 0.00014185914199103285 0 0 0 0 7.5127059813226277e-06 0 0 0 0.00012566088387047983 0 5.5942125671894834e-05 1.9706308526634068e-05 0.00054664350184414976 -3.0441934794097634e-05 0 -1.4696560376906298e-05 0 0 -2.0527514952802386e-05 -2.1221537775613478e-05 -1.0461585534225785e-06 0.00010314453156032202 -2.235986320882707e-05 2.669527274863839e-05 2.5232383650645404e-07 -3.2659733313893591e-06
leaf_weight=88 116 62 82 218 72 85 68 140 169 61 63 85 274 78 172 71 541 69 197 110 62 111 64 108 131 430 118 210 795 182
leaf_count=88 116 62 82 218 72 85 68 140 169 61 63 85 274 78 172 71 541 69 197 110 62 111 64 108 131 430 118 210 795 182
internal_value=-0.00197536 -0.00728143 -0.000311929 -0.00454545 -0.0105405 -0.0117436 -0.0157143 -0.0142308 -0.00476562 -0.0179452 -0.00754295 -0.00690476 0.000237393 -0.00463855 0.000419848 -1.6313e-05 0.00171932 0.00237609 -0.00307128 -0.000496454 -0.0114 -0.00142857 -0.000405405 -0.00106061 -0.00420502 0.000620438 0.00104222 -0.000640244 -0.000343511 -0.00250988
internal_weight=5032 1201 3831 440 222 433 140 286 768 146 291 147 3391 166 3275 2452 823 343 477 282 125 280 2109 1287 239 822 758 328 1048 253
internal_count=5032 1201 3831 440 222 433 140 286 768 146 291 147 3391 166 3275 2452 823 343 477 282 125 280 2109 1287 239 822 758 328 1048 253
is_linear=0
shrinkage=0.05


Tree=13
num_leaves=31
num_cat=0
split_feature=4 0 5 4 1 5 7 11 0 2 6 1 6 4 1 1 0 1 5 8 11 3 6 13 4 10 5 6 7 3
split_gain=17.1717 5.39301 3.55726 6.1998 4.05824 2.08444 1.75247 1.64603 1.44561 1.38245 1.37193 1.30396 1.2754 0.92064 0.963095 0.88115 0.731797 0.720203 0.696137 0.675762 0.623497 0.598943 0.660221 0.67769 0.864481 0.640202 0.53613 0.508073 1.0354 0.766337
threshold=0.0058062700000000014 3.1157800000000004 10.603250000000001 1.4956500000000001 0.0034733700000000004 2.7836250000000002 -0.068620499999999987 10.500000000000002 0.58129700000000006 14.128900000000002 5.7342750000000006e-05 0.00041118550000000006 0.010333100000000001 13.336650000000001 0.0011897500000000001 0.00010215500000000001 1.8748350000000003 0.0019312750000000003 1.3952250000000002 14.108350000000002 12.500000000000002 6.5000000000000009 0.0042380150000000004 1.0000000180025095e-35 0.025843150000000006 4.5000000000000009 4.0226700000000006 0.00083960400000000009 -0.00016695099999999998 1.5000000000000002
decision_type=2 2 2 2 2 2 2 2 2 2 2 2 2 2 2 2 2 2 2 2 2 2 2 2 2 2 2 2 2 2
left_child=1 8 10 4 -4 12 -6 9 11 -7 -2 15 -3 21 20 -1 19 -5 -13 26 -15 22 27 24 -24 -26 -10 28 -12 -29
right_child=2 5 3 17 6 7 -8 -9 16 -11 13 18 -14 14 -16 -17 -18 -19 -20 -21 -22 -23 23 -25 25 -27 -28 29 -30 -31
leaf_value=0 -5.4662441987475598e-06 0 0 -1.7042766964025872e-05 0 0 0 0 0.00018605770018773965 0 3.2706063334493047e-05 0 0 3.9762567543085631e-05 0.00052053362263285977 0 0 0.00081854197435268306 0 0 -1.3883632947391206e-05 5.4725010510463582e-05 -1.3857073783791652e-05 2.3566082978063165e-07 -2.8586646279115514e-06 -1.8710693329805608e-05 -2.086561403221826e-06 -2.3785827769921726e-06 -7.3619091308709265e-06 6.1625083830477723e-05
leaf_weight=88 79 62 82 60 72 85 68 140 98 61 81 63 85 173 540 78 197 158 62 111 111 590 78 461 476 247 71 143 133 279
leaf_count=88 79 62 82 60 72 85 68 140 98 61 81 63 85 173 540 78 197 158 62 111 111 590 78 461 476 247 71 143 133 279
internal_value=-0.00206479 -0.00728143 -0.000429392 -0.00465909 -0.0105405 -0.0117436 -0.0157143 -0.0142308 -0.00476562 -0.0179452 0.000119434 -0.00754295 -0.00690476 0.000274759 0.0017233 -0.00463855 -0.00307128 0.00133028 -0.0114 -0.00142857 -0.000633803 -0.000204984 -0.000637513 -0.00129952 -0.00217853 -0.001639 0.00056213 0.000676101 -0.00130841 0.00168246
internal_weight=5032 1201 3831 440 222 433 140 286 768 146 3391 291 147 3312 824 166 477 218 125 280 284 2488 1898 1262 801 723 169 636 214 422
internal_count=5032 1201 3831 440 222 433 140 286 768 146 3391 291 147 3312 824 166 477 218 125 280 284 2488 1898 1262 801 723 169 636 214 422
is_linear=0
shrinkage=0.05


Tree=14
num_leaves=31
num_cat=0
split_feature=4 0 5 4 1 5 7 11 2 0 1 6 1 6 4 1 7 1 12 0 12 1 10 8 3 5 1 11 5 1
split_gain=16.9884 5.29284 3.61693 5.96254 4.05824 2.08444 1.75247 1.64603 1.38245 1.37863 1.30396 1.2754 0.88115 0.865547 0.826132 0.907665 0.799958 1.04945 2.50853 0.80211 1.17839 1.19037 0.72299 0.988033 0.697776 0.696137 0.686847 0.686104 0.727252 0.651105
threshold=0.0058062700000000014 3.1157800000000004 10.603250000000001 1.4956500000000001 0.0034733700000000004 2.7836250000000002 -0.068620499999999987 10.500000000000002 14.128900000000002 0.58129700000000006 0.00041118550000000006 0.010333100000000001 0.00010215500000000001 5.7342750000000006e-05 13.336650000000001 0.0015757450000000001 0.004629465000000001 0.0023177150000000001 1.5000000000000002 5.3773800000000014 1.0000000180025095e-35 0.014103750000000002 4.5000000000000009 9.1583350000000028 5.5000000000000009 1.3952250000000002 0.00057440700000000019 12.500000000000002 3.8186450000000005 0.0019312750000000003
decision_type=2 2 2 2 2 2 2 2 2 2 2 2 2 2 2 2 2 2 2 2 2 2 2 2 2 2 2 2 2 2
left_child=1 9 13 4 -4 11 -6 8 -7 10 12 -3 -1 -2 16 27 24 18 -18 -19 -21 -22 23 -11 -15 -12 -25 -16 -29 -5
right_child=2 5 3 29 6 7 -8 -9 -10 22 25 -13 -14 14 15 -17 17 19 -20 20 21 -23 -24 26 -26 -27 -28 28 -30 -31
leaf_value=0 -5.1929319888101822e-06 0 0 -1.6190628615824581e-05 0 0 0 0 0 1.2789991836317138e-05 0 0 0 -5.5306219392886259e-07 5.1463068840009531e-05 0.00061165121395563744 -2.1314911122594749e-05 1.524463788732888e-06 -7.2489091952703625e-06 1.119513241500607e-06 -1.7381878536103375e-05 -5.7593343778348368e-05 0 0 8.8159731597017946e-05 0 0 4.4387699533896548e-05 -1.9953621339281936e-05 0.00077761487563504878
leaf_weight=88 79 62 82 60 72 85 68 140 61 131 63 85 78 1051 194 497 102 423 233 89 100 66 65 97 424 62 184 66 67 158
leaf_count=88 79 62 82 60 72 85 68 140 61 131 63 85 78 1051 194 497 102 423 233 89 100 66 65 97 424 62 184 66 67 158
internal_value=-0.00213434 -0.00732306 -0.0005077 -0.00477273 -0.0105405 -0.0117436 -0.0157143 -0.0142308 -0.0179452 -0.00483073 -0.00754295 -0.00690476 -0.00463855 4.57094e-05 0.000169082 0.00154126 -0.00028537 -0.00136723 -0.00365672 -0.000235988 -0.00245098 -0.00493976 -0.0031761 -0.00240291 0.000457627 -0.0114 -0.00407473 -0.000504587 -0.00327068 0.00110092
internal_weight=5032 1201 3831 440 222 433 140 286 146 768 291 147 166 3391 3312 824 2488 1013 335 678 255 166 477 412 1475 125 281 327 133 218
internal_count=5032 1201 3831 440 222 433 140 286 146 768 291 147 166 3391 3312 824 2488 1013 335 678 255 166 477 412 1475 125 281 327 133 218
is_linear=0
shrinkage=0.05


Tree=15
num_leaves=31
num_cat=0
split_feature=4 0 5 4 1 5 7 11 2 0 1 6 1 6 4 11 10 8 5 1 1 15 1 8 0 1 7 1 12 8
split_gain=17.1842 5.29284 3.68365 5.96254 4.05824 2.08444 1.75247 1.64603 1.38245 1.37863 1.30396 1.2754 0.88115 0.880415 0.778522 1.25943 0.72299 0.988033 0.696137 0.686847 0.651105 0.614012 0.861319 0.80484 1.17917 0.810667 1.74937 1.75213 0.955923 1.04254
threshold=0.0058062700000000014 3.1157800000000004 10.603250000000001 1.4956500000000001 0.0034733700000000004 2.7836250000000002 -0.068620499999999987 10.500000000000002 14.128900000000002 0.58129700000000006 0.00041118550000000006 0.010333100000000001 0.00010215500000000001 5.7342750000000006e-05 46.566150000000007 17.500000000000004 4.5000000000000009 9.1583350000000028 1.3952250000000002 0.00057440700000000019 0.0019312750000000003 1.0000000180025095e-35 0.017402800000000003 6.408335000000001 -0.051815299999999995 0.0031983500000000004 0.010301200000000002 0.0018515550000000002 1.0000000180025095e-35 22.725000000000005
decision_type=2 2 2 2 2 2 2 2 2 2 2 2 2 2 2 2 2 2 2 2 2 2 2 2 2 2 2 2 2 2
left_child=1 9 13 4 -4 11 -6 8 -7 10 12 -3 -1 -2 21 -16 17 -11 -12 -19 -5 23 -23 -15 -25 26 -26 -28 -27 -30
right_child=2 5 3 20 6 7 -8 -9 -10 16 18 -13 -14 14 15 -17 -18 19 -20 -21 -22 22 -24 24 25 28 27 -29 29 -31
leaf_value=0 -4.9332853893696732e-06 0 0 -1.5381097185033354e-05 0 0 0 0 0 1.2150492244501281e-05 0 0 0 8.7240788067355877e-05 0.00019019935825287593 -1.7874810597893765e-05 0 0 0 0 0.0007387341318532963 3.9723641790541256e-05 -1.3606987842829866e-05 -1.4415019913226318e-05 -2.0713630545522276e-06 1.0010358846912106e-05 -2.0067292696041642e-05 -1.97362887270575e-05 2.1919387785504596e-07 -5.1247669216365136e-05
leaf_weight=88 79 62 82 60 72 85 68 140 61 131 63 85 78 76 404 100 65 97 62 184 158 993 75 69 618 362 77 85 373 80
leaf_count=88 79 62 82 60 72 85 68 140 61 131 63 85 78 76 404 100 65 97 62 184 158 993 75 69 618 362 77 85 373 80
internal_value=-0.00210453 -0.00732306 -0.000468546 -0.00477273 -0.0105405 -0.0117436 -0.0157143 -0.0142308 -0.0179452 -0.00483073 -0.00754295 -0.00690476 -0.00463855 8.99442e-05 0.000214372 0.00202381 -0.0031761 -0.00240291 -0.0114 -0.00407473 0.00110092 -0.000110399 0.000833334 -0.000689655 -0.000919471 -0.000642633 -0.00179487 -0.00641975 0.000460123 -0.00107064
internal_weight=5032 1201 3831 440 222 433 140 286 146 768 291 147 166 3391 3312 504 477 412 125 281 218 2808 1068 1740 1664 1595 780 162 815 453
internal_count=5032 1201 3831 440 222 433 140 286 146 768 291 147 166 3391 3312 504 477 412 125 281 218 2808 1068 1740 1664 1595 780 162 815 453
is_linear=0
shrinkage=0.05


Tree=16
num_leaves=31
num_cat=0
split_feature=4 0 5 4 1 5 7 11 2 0 1 6 1 4 11 1 8 12 6 6 9 10 8 5 1 10 6 1 7 4
split_gain=16.2802 5.29284 3.7603 5.50191 4.05824 2.08444 1.75247 1.64603 1.38245 1.37863 1.30396 1.2754 1.11932 0.881518 1.25473 0.88115 0.818881 0.889425 0.765767 0.746687 0.728241 0.72299 0.988033 0.696137 0.686847 0.645139 0.714674 0.96856 0.619975 1.35532
threshold=0.0058062700000000014 3.1157800000000004 10.603250000000001 1.4956500000000001 0.0034733700000000004 2.7836250000000002 -0.068620499999999987 10.500000000000002 14.128900000000002 0.58129700000000006 0.00041118550000000006 0.010333100000000001 0.00010215500000000001 46.566150000000007 17.500000000000004 0.00010215500000000001 9.0916650000000008 3.5000000000000004 0.00092126250000000012 0.26226800000000006 857.50000000000011 4.5000000000000009 9.1583350000000028 1.3952250000000002 0.00057440700000000019 5.5000000000000009 0.0030376300000000004 0.0059606600000000004 0.093710000000000016 1.8720900000000003
decision_type=2 2 2 2 2 2 2 2 2 2 2 2 2 2 2 2 2 2 2 2 2 2 2 2 2 2 2 2 2 2
left_child=1 9 12 4 -4 11 -6 8 -7 10 15 -3 -2 16 -15 -1 17 -14 -5 20 -18 22 -11 -12 -24 26 -19 -28 -22 -30
right_child=2 5 3 18 6 7 -8 -9 -10 21 23 -13 13 14 -16 -17 19 25 -20 -21 28 -23 24 -25 -26 -27 27 -29 29 -31
leaf_value=0 -3.7449872538190558e-06 0 0 -1.4612042325781684e-05 0 0 0 0 0 1.1542967632276218e-05 0 0 9.8357233059988484e-05 0.00018501589840834291 -1.6981070067999077e-05 0 -1.8795090289105645e-05 2.492158116781512e-05 0.00057935414351319235 0.00088364361420616979 -1.9028804377338574e-06 0 0 0 0 5.1215388321149121e-06 -1.9774999068348793e-05 5.1145169822466893e-07 -7.2035137670545525e-06 -1.0286977441123622e-06
leaf_weight=88 116 62 82 60 72 85 68 140 61 131 63 85 413 402 100 78 117 62 158 84 1600 65 97 62 184 116 100 92 67 122
leaf_count=88 116 62 82 60 72 85 68 140 61 131 63 85 413 402 100 78 117 62 158 84 1600 65 97 62 184 116 100 92 67 122
internal_value=-0.00224364 -0.00732306 -0.000651266 -0.005 -0.0105405 -0.0117436 -0.0157143 -0.0142308 -0.0179452 -0.00483073 -0.00754295 -0.00690476 -8.69948e-05 8.39697e-05 0.00201195 -0.00463855 -0.000265056 0.00110473 0.000642202 -0.00080402 -0.00100735 -0.0031761 -0.00240291 -0.0114 -0.00407473 -0.000675675 -0.00208661 -0.00359375 -0.000757406 -0.00346561
internal_weight=5032 1201 3831 440 222 433 140 286 146 768 291 147 3391 3275 502 166 2773 783 218 1990 1906 477 412 125 281 370 254 192 1789 189
internal_count=5032 1201 3831 440 222 433 140 286 146 768 291 147 3391 3275 502 166 2773 783 218 1990 1906 477 412 125 281 370 254 192 1789 189
is_linear=0
shrinkage=0.05


Tree=17
num_leaves=31
num_cat=0
split_feature=4 0 5 4 1 5 7 11 2 0 1 6 1 7 4 11 10 8 5 1 7 15 7 1 7 1 4 1 2 2
split_gain=16.2802 5.29284 3.95939 5.27854 4.05824 2.08444 1.75247 1.64603 1.38245 1.37863 1.30396 1.2754 0.88115 0.863755 0.769316 1.27391 0.72299 0.988033 0.696137 0.686847 0.669927 0.760832 0.916918 1.1707 1.29387 1.54587 0.869782 1.27434 1.20473 0.750911
threshold=0.0058062700000000014 3.1157800000000004 10.603250000000001 1.4956500000000001 0.0034733700000000004 2.7836250000000002 -0.068620499999999987 10.500000000000002 14.128900000000002 0.58129700000000006 0.00041118550000000006 0.010333100000000001 0.00010215500000000001 0.015075000000000002 46.566150000000007 18.500000000000004 4.5000000000000009 9.1583350000000028 1.3952250000000002 0.00057440700000000019 0.27338450000000009 1.0000000180025095e-35 -0.00010582099999999999 0.0037383800000000003 0.010301200000000002 0.0017477950000000001 0.10267750000000002 0.0016780950000000003 11.908500000000002 1.6484400000000001
decision_type=2 2 2 2 2 2 2 2 2 2 2 2 2 2 2 2 2 2 2 2 2 2 2 2 2 2 2 2 2 2
left_child=1 9 14 4 -4 11 -6 8 -7 10 12 -3 -1 -5 20 -16 17 -11 -12 -19 21 22 -2 24 29 -26 27 -23 -28 -24
right_child=2 5 3 13 6 7 -8 -9 -10 16 18 -13 -14 -15 15 -17 -18 19 -20 -21 -22 26 23 -25 25 -27 28 -29 -30 -31
leaf_value=0 7.3329193439310248e-07 0 0 -1.3527405585291663e-05 0 0 0 0 0 1.0965819250662405e-05 0 0 0 0.001076224914472146 0.00013814162836611675 -1.5924629317433474e-05 0 0 0 0 -3.5552409758378305e-05 3.10780986944173e-05 -7.6193783211549101e-07 4.3983808284932881e-07 -1.6777208954492139e-05 -2.127264235222055e-05 5.7244493525191996e-05 -1.4391330197859976e-05 -9.9360849328105754e-06 -1.0306751861107194e-05
leaf_weight=88 656 62 82 63 72 85 68 140 61 131 63 85 78 155 432 84 65 97 62 184 115 77 309 428 72 128 825 72 79 114
leaf_count=88 656 62 82 63 72 85 68 140 61 131 63 85 78 155 432 84 65 97 62 184 115 77 309 428 72 128 825 72 79 114
internal_value=-0.00224364 -0.00732306 -0.000651266 -0.00511364 -0.0105405 -0.0117436 -0.0157143 -0.0142308 -0.0179452 -0.00483073 -0.00754295 -0.00690476 -0.00463855 0.000412844 -7.22499e-05 0.00170543 -0.0031761 -0.00240291 -0.0114 -0.00407473 -0.000391304 -0.000235507 -0.000887522 -0.00180304 -0.0031862 -0.0065 0.000821463 -0.00271812 0.00140487 -0.00161939
internal_weight=5032 1201 3831 440 222 433 140 286 146 768 291 147 166 218 3391 516 477 412 125 281 2875 2760 1707 1051 623 200 1053 149 904 423
internal_count=5032 1201 3831 440 222 433 140 286 146 768 291 147 166 218 3391 516 477 412 125 281 2875 2760 1707 1051 623 200 1053 149 904 423
is_linear=0
shrinkage=0.05


Tree=18
num_leaves=31
num_cat=0
split_feature=4 0 5 4 1 5 3 11 7 2 0 1 6 6 1 0 4 11 10 8 5 1 2 6 1 7 12 8 11 6
split_gain=16.6003 5.29284 4.28321 5.4165 4.2277 2.08444 1.98913 1.64603 1.47456 1.38245 1.37863 1.30396 1.2754 1.07928 0.88115 0.749673 0.801643 0.98659 0.72299 0.988033 0.696137 0.686847 0.516469 0.493616 0.821677 0.490301 1.10134 0.489471 0.451319 0.400244
threshold=0.0058062700000000014 3.1157800000000004 10.603250000000001 2.8299200000000004 0.0034733700000000004 2.7836250000000002 5.5000000000000009 10.500000000000002 0.017082900000000005 14.128900000000002 0.58129700000000006 0.00041118550000000006 0.010333100000000001 5.7342750000000006e-05 0.00010215500000000001 15.900200000000002 46.566150000000007 18.500000000000004 4.5000000000000009 9.1583350000000028 1.3952250000000002 0.00057440700000000019 3.1154950000000006 0.0033602300000000005 0.00010215500000000001 0.0019742500000000007 2.5000000000000004 30.791650000000004 16.500000000000004 0.0015643350000000002
decision_type=2 2 2 2 2 2 2 2 2 2 2 2 2 2 2 2 2 2 2 2 2 2 2 2 2 2 2 2 2 2
left_child=1 10 13 4 -4 12 -6 9 -5 -7 11 14 -3 -2 -1 16 23 -18 19 -12 -13 -21 -23 24 -15 -26 -27 -17 -9 -28
right_child=2 5 3 8 6 7 -8 28 -10 -11 18 20 -14 15 -16 27 17 -19 -20 21 -22 22 -24 -25 25 26 29 -29 -30 -31
leaf_value=0 -4.213377443272082e-06 0 0 -1.3205069930228019e-05 0 0 -1.7048849331116747e-08 0 0.001604880076860468 0 1.0417528288129285e-05 0 0 -4.2016735536604926e-06 0 -1.7828772306291215e-05 0.0001359328814397718 -1.2456346724352058e-05 0 0 0 0 0 -2.2959589555620301e-06 5.0644467330746765e-05 -1.2436796803164472e-05 -4.9473539184450042e-06 -1.8697822522575709e-07 0 0.00017666709897139611
leaf_weight=88 79 62 90 60 79 85 90 65 121 61 131 63 85 65 78 116 380 66 65 97 62 88 96 1936 428 73 71 90 75 87
leaf_count=88 79 62 90 60 79 85 90 65 121 61 131 63 85 65 78 116 380 66 65 97 62 88 96 1936 428 73 71 90 75 87
internal_value=-0.00219396 -0.00732306 -0.000586009 -0.00522727 -0.00986486 -0.0117436 -0.0145266 -0.0142308 0.00140884 -0.0179452 -0.00483073 -0.00754295 -0.00690476 1.62196e-05 -0.00463855 0.000153986 0.000347714 0.00230942 -0.0031761 -0.00240291 -0.0114 -0.00407473 -0.00586956 1.87972e-05 0.0011326 0.00166161 -0.000194805 -0.00276699 -0.0103571 0.0021519
internal_weight=5032 1201 3831 440 259 433 169 286 181 146 768 291 147 3391 166 3312 3106 446 477 412 125 281 184 2660 724 659 231 206 140 158
internal_count=5032 1201 3831 440 259 433 169 286 181 146 768 291 147 3391 166 3312 3106 446 477 412 125 281 184 2660 724 659 231 206 140 158
is_linear=0
shrinkage=0.05


Tree=19
num_leaves=31
num_cat=0
split_feature=4 0 1 5 2 11 2 0 4 5 4 1 6 1 1 10 8 7 2 5 1 11 5 8 12 15 1 7 11 12
split_gain=17.7782 5.29284 2.08872 2.08444 1.87477 1.64603 1.38245 1.37863 1.36924 1.51083 4.56548 1.30396 1.2754 1.05318 0.88115 0.72299 0.988033 0.720544 0.709139 0.696137 0.686847 0.615964 0.616949 0.612052 0.547141 0.519355 1.34652 1.05029 0.833957 0.760413
threshold=0.0058062700000000014 3.1157800000000004 4.4870550000000007e-05 2.7836250000000002 49.503750000000004 10.500000000000002 14.128900000000002 0.58129700000000006 13.336650000000001 10.233650000000003 0.57247550000000014 0.00041118550000000006 0.010333100000000001 0.0015757450000000001 0.00010215500000000001 4.5000000000000009 9.1583350000000028 0.004629465000000001 0.42404700000000006 1.3952250000000002 0.00057440700000000019 12.500000000000002 3.8186450000000005 6.8250000000000011 3.5000000000000004 1.0000000180025095e-35 0.0027932500000000002 0.10169850000000001 3.5000000000000004 1.0000000180025095e-35
decision_type=2 2 2 2 2 2 2 2 2 2 2 2 2 2 2 2 2 2 2 2 2 2 2 2 2 2 2 2 2 2
left_child=1 7 -2 12 8 6 -5 11 9 17 -11 14 -3 21 -1 16 -9 18 -4 -13 -18 -10 -23 -19 -20 26 29 -27 -28 -25
right_child=2 3 4 5 -6 -7 -8 15 13 10 -12 19 -14 -15 -16 -17 20 23 24 -21 -22 22 -24 25 -26 27 28 -29 -30 -31
leaf_value=0 -1.1428545596325778e-05 0 4.6124595124900404e-05 0 -2.5517748573226371e-07 0 0 9.8966518737228188e-06 3.2718447982343537e-05 0 8.5244246655583742e-10 0 0 0.0006400093216436313 0 0 0 0.00049598232457617622 2.0307840256942139e-06 0 0 1.0016624725691956e-05 -1.669984044877989e-05 -1.9308090367134293e-05 -4.006194944064129e-06 3.6923982557786725e-05 -5.3466140118579153e-05 -1.043106632666421e-05 3.6071235974234813e-07 -1.5881655399080035e-05
leaf_weight=88 89 62 576 85 95 140 61 131 224 105 129 63 85 573 78 65 97 77 502 62 184 67 77 97 391 246 70 60 339 114
leaf_count=88 89 62 576 85 95 140 61 131 224 105 129 63 85 573 78 65 97 77 502 62 184 67 77 97 391 246 70 60 339 114
internal_value=-0.0020151 -0.00732306 -0.000351083 -0.0117436 -0.000171031 -0.0142308 -0.0179452 -0.00483073 9.59712e-06 -0.000561715 -0.00440171 -0.00754295 -0.00690476 0.0016525 -0.00463855 -0.0031761 -0.00240291 -0.00019822 0.000507148 -0.0114 -0.00407473 -0.000434782 -0.00298611 -0.00123131 -0.00037514 -0.00158747 -0.00241935 9.80394e-05 -0.000745721 -0.00566351
internal_weight=5032 1201 3831 433 3742 286 146 768 3647 2706 234 291 147 941 166 477 412 2472 1469 125 281 368 144 1003 893 926 620 306 409 211
internal_count=5032 1201 3831 433 3742 286 146 768 3647 2706 234 291 147 941 166 477 412 2472 1469 125 281 368 144 1003 893 926 620 306 409 211
is_linear=0
shrinkage=0.05


Tree=20
num_leaves=31
num_cat=0
split_feature=4 0 5 1 11 2 0 1 6 4 5 1 4 11 10 8 5 1 15 0 8 0 2 6 8 1 2 4 1 3
split_gain=18.45 5.29284 2.08444 1.85751 1.64603 1.38245 1.37863 1.30396 1.2754 1.17337 2.45336 0.88115 0.814086 0.95814 0.72299 0.988033 0.696137 0.686847 0.668358 0.756812 0.738495 0.638418 0.611242 1.03615 0.605864 0.520764 0.516469 0.456209 0.697051 1.14308
threshold=0.0058062700000000014 3.1157800000000004 2.7836250000000002 4.4870550000000007e-05 10.500000000000002 14.128900000000002 0.58129700000000006 0.00041118550000000006 0.010333100000000001 0.10881300000000001 9.6344500000000028 0.00010215500000000001 46.566150000000007 17.500000000000004 4.5000000000000009 9.1583350000000028 1.3952250000000002 0.00057440700000000019 1.0000000180025095e-35 7.8161950000000013 6.408335000000001 -0.051815299999999995 2.9618650000000004 0.0051283950000000009 21.291650000000004 0.024024250000000004 3.1154950000000006 1.0089900000000003 0.0012276100000000003 5.5000000000000009
decision_type=2 2 2 2 2 2 2 2 2 2 2 2 2 2 2 2 2 2 2 2 2 2 2 2 2 2 2 2 2 2
left_child=1 6 8 -2 5 -4 7 11 -3 10 22 -1 18 -14 15 -8 -9 -17 20 -20 -11 -22 -5 -24 -21 27 -19 28 -23 -30
right_child=3 2 4 9 -6 -7 14 16 -10 12 -12 -13 13 -15 -16 17 -18 26 19 24 21 25 23 -25 -26 -27 -28 -29 29 -31
leaf_value=0 -1.0857118316509489e-05 0 0 1.3668736819980462e-05 0 0 9.4018192800366774e-06 0 0 8.1438205699313243e-05 0 0 0.00016840473695130056 -1.3802139890259849e-05 0 0 0 0 5.4198111279118175e-05 9.3671241047041318e-09 -1.0949282100765427e-05 5.5836965209332489e-05 2.0404759313826309e-06 -5.263805024099312e-06 -2.8899901373521178e-05 8.5778577880846811e-07 0 -1.2350190713134621e-05 -3.3104324045756126e-06 0.00015635546473582613
leaf_weight=88 89 62 85 310 140 61 131 63 85 71 64 78 487 121 65 97 62 88 816 74 65 173 73 86 77 164 96 769 252 140
leaf_count=88 89 62 85 310 140 61 131 63 85 71 64 78 487 121 65 97 62 88 816 74 65 173 73 86 77 164 96 769 252 140
internal_value=-0.00191574 -0.00732306 -0.0117436 -0.000220569 -0.0142308 -0.0179452 -0.00483073 -0.00754295 -0.00690476 -5.07748e-05 -0.00222326 -0.00463855 0.000310066 0.00195724 -0.0031761 -0.00240291 -0.0114 -0.00407473 -7.4971e-05 0.000966908 -0.000691554 -0.000918106 -0.000970149 -0.00349057 -0.00228477 -0.00070761 -0.00586956 -0.00103448 4.4248e-05 -0.00112245
internal_weight=5032 1201 433 3831 286 146 768 291 147 3742 533 166 3209 608 477 412 125 281 2601 967 1634 1563 469 159 151 1498 184 1334 565 392
internal_count=5032 1201 433 3831 286 146 768 291 147 3742 533 166 3209 608 477 412 125 281 2601 967 1634 1563 469 159 151 1498 184 1334 565 392
is_linear=0
shrinkage=0.05


Tree=21
num_leaves=31
num_cat=0
split_feature=4 0 5 11 10 1 2 0 1 6 4 11 9 1 10 8 5 1 4 5 3 6 6 4 2 9 2 11 4 11
split_gain=18.2471 5.29284 2.08444 1.64603 1.53235 1.65275 1.38245 1.37863 1.30396 1.2754 1.22394 1.0651 0.982551 0.88115 0.72299 0.988033 0.696137 0.686847 0.563771 2.21239 0.606181 0.534575 1.03756 0.992056 0.516469 0.502354 0.789917 0.451319 0.44749 1.32031
threshold=0.0058062700000000014 3.1157800000000004 2.7836250000000002 10.500000000000002 21.500000000000004 2.6873650000000003e-05 14.128900000000002 0.58129700000000006 0.00041118550000000006 0.010333100000000001 46.566150000000007 17.500000000000004 1445.0000000000002 0.00010215500000000001 4.5000000000000009 9.1583350000000028 1.3952250000000002 0.00057440700000000019 0.10881300000000001 9.6344500000000028 6.5000000000000009 0.00092126250000000012 0.0033602300000000005 2.0030300000000003 3.1154950000000006 2615.0000000000005 2.9618650000000004 16.500000000000004 0.94768600000000014 8.5000000000000018
decision_type=2 2 2 2 2 2 2 2 2 2 2 2 2 2 2 2 2 2 2 2 2 2 2 2 2 2 2 2 2 2
left_child=1 7 9 6 5 -2 -4 8 13 -3 18 -12 -6 -1 15 -9 -10 -17 19 20 25 23 -23 28 -19 26 -7 -5 29 -20
right_child=4 2 3 27 12 10 -8 14 16 -11 11 -13 -14 -15 -16 17 -18 24 21 -21 -22 22 -24 -25 -26 -27 -28 -29 -30 -31
leaf_value=0 -1.2035712901555445e-05 0 0 0 -2.967823942412177e-05 -3.0272842844836011e-06 0 8.9317283160348429e-06 0 0 0.00017063480072051826 -1.3112032895746856e-05 -7.8118172426328352e-06 0 0 0 0 0 -1.1120264094862832e-05 0 0.00011410616662744177 3.9326856078313113e-05 -1.2176055539088836e-06 -1.4502001519020806e-05 0 8.373273184842138e-07 -6.7049930541176535e-06 0 1.4785433524999396e-06 1.5053905870904543e-05
leaf_weight=88 66 62 85 65 74 170 61 131 63 85 479 121 105 78 65 97 62 88 64 60 84 434 1737 64 96 110 98 75 101 64
leaf_count=88 66 62 85 65 74 170 61 131 63 85 479 121 105 78 65 97 62 88 64 60 84 434 1737 64 96 110 98 75 101 64
internal_value=-0.00194555 -0.00732306 -0.0117436 -0.0142308 -0.000259723 -3.8335e-05 -0.0179452 -0.00483073 -0.00754295 -0.00690476 0.000105968 0.00216667 -0.00477654 -0.00463855 -0.0031761 -0.00240291 -0.0114 -0.00407473 -0.000308104 -0.00180077 -0.000627705 8.11707e-06 0.000278674 -0.00199659 -0.00586956 -0.00148148 -0.00264925 -0.0103571 -0.000458515 -0.00242187
internal_weight=5032 1201 433 286 3831 3652 146 768 291 147 3586 600 179 166 477 412 125 281 2986 522 462 2464 2171 293 184 378 268 140 229 128
internal_count=5032 1201 433 286 3831 3652 146 768 291 147 3586 600 179 166 477 412 125 281 2986 522 462 2464 2171 293 184 378 268 140 229 128
is_linear=0
shrinkage=0.05


Tree=22
num_leaves=31
num_cat=0
split_feature=4 0 5 11 1 2 0 1 6 4 5 11 4 1 10 8 1 5 1 8 6 1 9 7 2 11 11 2 4 3
split_gain=18.3823 5.29284 2.08444 1.64603 1.57041 1.38245 1.37863 1.30396 1.2754 1.21078 1.84111 1.19835 1.011 0.88115 0.72299 0.988033 0.716965 0.696137 0.686847 0.583816 0.555701 1.28083 0.788262 0.749659 0.516469 0.515595 0.511565 0.681677 0.506002 0.59879
threshold=0.0058062700000000014 3.1157800000000004 2.7836250000000002 10.500000000000002 4.4870550000000007e-05 14.128900000000002 0.58129700000000006 0.00041118550000000006 0.010333100000000001 13.336650000000001 11.998800000000001 17.500000000000004 0.27872300000000005 0.00010215500000000001 4.5000000000000009 9.1583350000000028 0.0015757450000000001 1.3952250000000002 0.00057440700000000019 26.883350000000004 0.011808900000000002 0.0018515550000000002 1713.5000000000002 -0.11709949999999998 3.1154950000000006 13.500000000000002 12.500000000000002 7.8111100000000002 0.79339350000000008 5.5000000000000009
decision_type=2 2 2 2 2 2 2 2 2 2 2 2 2 2 2 2 2 2 2 2 2 2 2 2 2 2 2 2 2 2
left_child=1 6 8 5 -2 -4 7 13 -3 10 19 12 -12 -1 15 -8 26 -9 -17 20 -6 -22 23 -23 -20 -24 -11 -28 29 -21
right_child=4 2 3 -5 9 -7 14 17 -10 16 11 -13 -14 -15 -16 18 -18 -19 24 28 21 22 25 -25 -26 -27 27 -29 -30 -31
leaf_value=0 -9.7124767556062421e-06 0 0 0 3.3372213660969571e-06 0 8.4851419002330995e-06 0 0 2.4655909243991635e-05 -1.7880623094002619e-06 1.1568232328803105e-08 -2.638656220839537e-06 0 0 0 0.00057867213332884657 0 0 -5.7063807529489884e-06 -2.1065685703229998e-05 -1.7823170138494363e-05 -4.363296791594243e-07 -2.4261305302990208e-06 0 0.00041057219749977857 2.6991525796156684e-06 -1.428857549459408e-05 -2.1410873158608605e-05 0.0001480596221905252
leaf_weight=88 89 62 85 140 1239 61 131 63 85 225 61 70 109 78 65 97 589 62 88 132 123 73 150 429 96 135 85 60 193 69
leaf_count=88 89 62 85 140 1239 61 131 63 85 225 61 70 109 78 65 97 589 62 88 132 123 73 150 429 96 135 85 60 193 69
internal_value=-0.00192568 -0.00732306 -0.0117436 -0.0142308 -0.00023362 -0.0179452 -0.00483073 -0.00754295 -0.00690476 -7.74985e-05 -0.000605462 -0.00479167 -0.00705882 -0.00463855 -0.0031761 -0.00240291 0.00145464 -0.0114 -0.00407473 -0.000210381 0.000114007 -0.000824176 -8.25919e-05 -0.0012749 -0.00586956 0.00201754 -0.00027027 -0.00258621 -0.0019797 -0.00022388
internal_weight=5032 1201 433 286 3831 146 768 291 147 3742 2783 240 170 166 477 412 959 125 281 2543 2149 910 787 502 184 285 370 145 394 201
internal_count=5032 1201 433 286 3831 146 768 291 147 3742 2783 240 170 166 477 412 959 125 281 2543 2149 910 787 502 184 285 370 145 394 201
is_linear=0
shrinkage=0.05


Tree=23
num_leaves=31
num_cat=0
split_feature=4 0 5 11 2 0 1 6 1 4 1 11 10 8 5 1 8 12 10 3 8 11 3 1 10 6 4 0 6 1
split_gain=18.9964 5.29284 2.08444 1.64603 1.38245 1.37863 1.30396 1.2754 1.22405 1.20181 0.88115 0.805479 0.72299 0.988033 0.696137 0.686847 0.675286 1.19575 0.928447 0.916284 0.797426 0.61141 0.581058 0.568329 0.670327 1.06733 1.26961 0.542702 0.795826 0.544124
threshold=0.0058062700000000014 3.1157800000000004 2.7836250000000002 10.500000000000002 14.128900000000002 0.58129700000000006 0.00041118550000000006 0.010333100000000001 2.6873650000000003e-05 46.566150000000007 0.00010215500000000001 17.500000000000004 4.5000000000000009 9.1583350000000028 1.3952250000000002 0.00057440700000000019 9.4250000000000025 3.5000000000000004 19.500000000000004 11.500000000000002 10.591650000000001 11.500000000000002 7.5000000000000009 0.014720150000000003 5.5000000000000009 0.0029744400000000005 0.28814550000000005 1.0615350000000003 0.017903950000000005 0.00049736450000000009
decision_type=2 2 2 2 2 2 2 2 2 2 2 2 2 2 2 2 2 2 2 2 2 2 2 2 2 2 2 2 2 2
left_child=1 5 7 4 -4 6 10 -3 -2 16 -1 -11 13 -7 -8 -15 17 -10 20 -20 21 -18 27 24 25 -19 -27 28 -22 -29
right_child=8 2 3 -5 -6 12 14 -9 9 11 -12 -13 -14 15 -16 -17 18 23 19 -21 22 -23 -24 -25 -26 26 -28 29 -30 -31
leaf_value=0 -1.0645713575684717e-05 0 0 0 0 8.0608848052214432e-06 0 0 6.4026731882962655e-05 0.00014400605951930863 0 -1.1742002476229808e-05 0 0 0 0 -2.2028918334676905e-06 5.233421722641433e-06 -4.5536434753888696e-06 -4.0832246902079495e-05 5.0421386264519295e-05 -1.6247356557027846e-05 3.9319195917292217e-05 3.8855055365124762e-06 8.0057829134354442e-06 -1.7485668578095023e-05 -1.6111465188718908e-05 -6.8751871026463283e-06 -1.2883940973569463e-05 -2.5043336009318745e-06
leaf_weight=88 68 62 85 140 61 131 63 85 501 487 78 121 65 97 62 184 124 82 74 63 175 102 317 72 118 61 114 105 68 1179
leaf_count=88 68 62 85 140 61 131 63 85 501 487 78 121 65 97 62 184 124 82 74 63 175 102 317 72 118 61 114 105 68 1179
internal_value=-0.00183625 -0.00732306 -0.0117436 -0.0142308 -0.0179452 -0.00483073 -0.00754295 -0.00690476 -0.000116157 3.98637e-06 -0.00463855 0.00203947 -0.0031761 -0.00240291 -0.0114 -0.00407473 -0.000388272 0.000727848 -0.000867693 -0.00485401 -0.000603865 -0.00340708 -0.000260303 -0.00115213 -0.00193333 -0.00336576 -0.00557143 -0.000664702 0.00150206 -0.00107477
internal_weight=5032 1201 433 286 146 768 291 147 3831 3763 166 608 477 412 125 281 3155 948 2207 137 2070 226 1844 447 375 257 175 1527 243 1284
internal_count=5032 1201 433 286 146 768 291 147 3831 3763 166 608 477 412 125 281 3155 948 2207 137 2070 226 1844 447 375 257 175 1527 243 1284
is_linear=0
shrinkage=0.05


Tree=24
num_leaves=31
num_cat=0
split_feature=4 0 5 11 2 0 1 6 10 2 8 9 6 4 1 11 10 8 5 1 5 10 7 15 4 1 8 7 1 6
split_gain=17.8448 5.29284 2.08444 1.64603 1.38245 1.37863 1.30396 1.2754 1.12884 1.26401 1.31782 1.07131 0.970893 0.887077 0.88115 0.792155 0.72299 0.988033 0.696137 0.686847 0.618847 0.732934 0.681353 0.534233 1.00002 1.26919 0.798222 0.732419 1.24966 1.04378
threshold=0.0058062700000000014 3.1157800000000004 2.7836250000000002 10.500000000000002 14.128900000000002 0.58129700000000006 0.00041118550000000006 0.010333100000000001 14.500000000000002 1.8072450000000002 21.291650000000004 1419.0000000000002 5.7342750000000006e-05 46.566150000000007 0.00010215500000000001 17.500000000000004 4.5000000000000009 9.1583350000000028 1.3952250000000002 0.00057440700000000019 19.946900000000003 11.500000000000002 0.32816550000000005 1.0000000180025095e-35 0.098188700000000018 0.0016780950000000003 6.408335000000001 0.0017366400000000002 0.0034733700000000004 0.035375350000000007
decision_type=2 2 2 2 2 2 2 2 2 2 2 2 2 2 2 2 2 2 2 2 2 2 2 2 2 2 2 2 2 2
left_child=1 5 7 4 -4 6 14 -3 12 -10 11 -11 -2 20 -1 -15 17 -7 -8 -19 21 22 23 26 25 -25 -14 29 -29 -28
right_child=8 2 3 -5 -6 16 18 -9 9 10 -12 -13 13 15 -16 -17 -18 19 -20 -21 -22 -23 -24 24 -26 -27 27 28 -30 -31
leaf_value=0 -8.5992666810410181e-06 0 0 0 0 7.6578405649603718e-06 0 0 3.2095383581454956e-06 -1.3579326891022704e-05 -1.9424937567994693e-05 9.9435263284153254e-05 3.9985834200912047e-05 0.00014370663032826258 0 -1.1458245688742052e-05 0 0 0 0 -2.3791169208852809e-06 0.00025500369714266555 -4.4328708286275977e-05 2.7597020213895343e-05 4.3937472794187044e-05 -1.58662548803978e-05 -9.7406161733484834e-07 -1.5094933428006528e-05 -2.4044382333303186e-07 0.0011282703163241429
leaf_weight=88 101 62 85 140 61 131 63 85 102 91 65 82 73 469 78 117 65 97 62 184 64 116 68 71 836 69 622 390 400 95
leaf_count=88 101 62 85 140 61 131 63 85 102 91 65 82 73 469 78 117 65 97 62 184 64 116 68 71 836 69 622 390 400 95
internal_value=-0.00200517 -0.00732306 -0.0117436 -0.0142308 -0.0179452 -0.00483073 -0.00754295 -0.00690476 -0.000338032 -0.00308824 -0.00508403 -0.00280347 -7.01803e-05 7.37465e-05 -0.00463855 0.001843 -0.0031761 -0.00240291 -0.0114 -0.00407473 -0.000296006 -0.000182482 -0.000354421 -0.000223005 0.000696721 -0.00321429 -0.000791139 -0.00103849 -0.00208861 0.00011855
internal_weight=5032 1201 433 286 146 768 291 147 3831 340 238 173 3491 3390 166 586 477 412 125 281 2804 2740 2624 2556 976 140 1580 1507 790 717
internal_count=5032 1201 433 286 146 768 291 147 3831 340 238 173 3491 3390 166 586 477 412 125 281 2804 2740 2624 2556 976 140 1580 1507 790 717
is_linear=0
shrinkage=0.05


Tree=25
num_leaves=31
num_cat=0
split_feature=4 0 5 11 2 0 1 6 1 4 5 4 7 4 1 10 8 5 1 8 11 8 8 6 2 12 10 4 1 7
split_gain=17.579 5.29284 2.08444 1.64603 1.38245 1.37863 1.30396 1.2754 1.008 1.11546 1.00813 1.38737 2.61466 1.02609 0.88115 0.72299 0.988033 0.696137 0.686847 0.669222 0.664973 0.596189 0.722214 0.661686 0.516469 0.491708 0.708463 0.630359 0.615076 0.509549
threshold=0.0058062700000000014 3.1157800000000004 2.7836250000000002 10.500000000000002 14.128900000000002 0.58129700000000006 0.00041118550000000006 0.010333100000000001 5.3032550000000008e-05 46.566150000000007 7.0466350000000011 2.7540500000000003 0.027086750000000003 0.39523900000000006 0.00010215500000000001 4.5000000000000009 9.1583350000000028 1.3952250000000002 0.00057440700000000019 15.625000000000002 17.500000000000004 9.6750000000000025 10.591650000000001 0.010967200000000002 3.1154950000000006 3.5000000000000004 5.5000000000000009 0.15258850000000004 0.00092242500000000005 0.0039890750000000008
decision_type=2 2 2 2 2 2 2 2 2 2 2 2 2 2 2 2 2 2 2 2 2 2 2 2 2 2 2 2 2 2
left_child=1 5 7 4 -4 6 14 -3 -2 10 21 12 13 19 -1 16 -7 -8 -18 -12 -11 25 23 -23 -20 29 27 -27 -29 -10
right_child=8 2 3 -5 -6 15 17 -9 9 20 11 -13 -14 -15 -16 -17 18 -19 24 -21 -22 22 -24 -25 -26 26 -28 28 -30 -31
leaf_value=0 -8.5981549925324596e-06 0 0 0 0 7.2749485367123533e-06 0 0 9.206295582820787e-05 0.00012835040477915307 -3.0632303978113773e-06 0.00021364739046689988 -1.1138219287978866e-05 6.0274902566667391e-06 0 0 0 0 0 -1.3737570644343992e-07 -1.0581990067981215e-05 -1.4683379257813205e-05 -1.8157677051412219e-06 -2.7916816638254458e-05 0 -1.1372543003035731e-05 8.8688750881685648e-06 -2.4449314952996174e-05 6.1615793855302552e-05 1.2781380284414312e-06
leaf_weight=88 102 62 85 140 61 131 63 85 243 486 109 130 113 127 78 65 97 62 88 68 121 74 1614 61 96 69 105 63 151 195
leaf_count=88 102 62 85 140 61 131 63 85 243 486 109 130 113 127 78 65 97 62 88 68 121 74 1614 61 96 69 105 63 151 195
internal_value=-0.00204491 -0.00732306 -0.0117436 -0.0142308 -0.0179452 -0.00483073 -0.00754295 -0.00690476 -0.000390237 -0.000256101 -0.000637412 -0.00258684 -0.00399281 -0.00157895 -0.00463855 -0.0031761 -0.00240291 -0.0114 -0.00407473 -0.00403955 0.00170511 -0.000223301 -0.00074614 -0.00425926 -0.00586956 0.000883777 -0.000412371 -0.00171378 -0.000373832 0.00203196
internal_weight=5032 1201 433 286 146 768 291 147 3831 3729 3122 547 417 304 166 477 412 125 281 177 607 2575 1749 135 184 826 388 283 214 438
internal_count=5032 1201 433 286 146 768 291 147 3831 3729 3122 547 417 304 166 477 412 125 281 177 607 2575 1749 135 184 826 388 283 214 438
is_linear=0
shrinkage=0.05


Tree=26
num_leaves=31
num_cat=0
split_feature=4 0 5 11 2 0 1 6 1 4 5 4 7 1 4 5 10 11 8 1 11 6 4 8 9 12 10 6 4 1
split_gain=17.8574 5.19362 2.08444 1.64603 1.38245 1.31324 1.30396 1.2754 1.04286 0.98316 0.883468 1.28592 2.79629 0.88115 0.851897 0.696137 0.692393 1.0187 0.861244 1.10175 0.783213 0.647592 0.632851 0.578745 0.83953 0.60594 0.753443 0.621969 0.84423 0.708815
threshold=0.0058062700000000014 3.1157800000000004 2.7836250000000002 10.500000000000002 14.128900000000002 0.58129700000000006 0.00041118550000000006 0.010333100000000001 7.006900000000001e-05 46.566150000000007 7.0466350000000011 2.7540500000000003 0.027086750000000003 0.00010215500000000001 0.39523900000000006 1.3952250000000002 4.5000000000000009 19.500000000000004 9.4750000000000032 0.00057440700000000019 9.5000000000000018 0.0016578750000000003 130.62750000000003 9.5250000000000004 849.50000000000011 3.5000000000000004 5.5000000000000009 0.0029744400000000005 0.28814550000000005 0.0041614750000000013
decision_type=2 2 2 2 2 2 2 2 2 2 2 2 2 2 2 2 2 2 2 2 2 2 2 2 2 2 2 2 2 2
left_child=1 5 7 4 -4 6 13 -3 -2 10 23 12 14 -1 -12 -8 17 18 -7 -20 -21 22 -11 25 -25 -10 27 -27 -29 -30
right_child=8 2 3 -5 -6 16 15 -9 9 21 11 -13 -14 -15 -16 -17 -18 -19 19 20 -22 -23 -24 24 -26 26 -28 28 29 -31
leaf_value=0 -7.0679183850562563e-06 0 0 0 0 0.00018018866765512627 0 0 7.6705268295985097e-05 2.4580477273984967e-05 -2.5025137047491091e-06 0.00020296502094355488 -1.0581308323579922e-05 0 5.7261157438334026e-06 0 0 -2.2132912824221265e-06 9.0550975735522675e-06 0 0 0.00038826769810531485 -3.7644229129938961e-05 -2.0395677887288533e-05 -1.753712510313411e-06 9.4407685978755261e-06 8.1332239546889882e-06 -1.4876880120622361e-05 -2.4031073104999147e-05 0.00056664512503840374
leaf_weight=88 114 62 85 140 61 110 63 85 428 103 176 130 113 78 127 62 65 74 77 83 68 428 74 98 1672 69 103 65 67 64
leaf_count=88 114 62 85 140 61 110 63 85 428 103 176 130 113 78 127 62 65 74 77 83 68 428 74 98 1672 69 103 65 67 64
internal_value=-0.00204491 -0.0073647 -0.0117436 -0.0142308 -0.0179452 -0.00489583 -0.00754295 -0.00690476 -0.000377186 -0.000232714 -0.000591259 -0.00241758 -0.00377404 -0.00463855 -0.00127063 -0.0114 -0.00328092 -0.00252427 -0.00136095 -0.00311403 -0.00559603 0.00161157 -0.000932203 -0.00020265 -0.000706214 0.000917086 -0.000570652 -0.00198113 -0.00341837 -0.00110687
internal_weight=5032 1201 433 286 146 768 291 147 3831 3717 3112 546 416 166 303 125 477 412 338 228 151 605 177 2566 1770 796 368 265 196 131
internal_count=5032 1201 433 286 146 768 291 147 3831 3717 3112 546 416 166 303 125 477 412 338 228 151 605 177 2566 1770 796 368 265 196 131
is_linear=0
shrinkage=0.05


Tree=27
num_leaves=31
num_cat=0
split_feature=4 0 5 0 11 2 1 6 10 6 10 1 1 4 4 1 11 0 7 12 5 5 8 1 11 10 15 7 1 5
split_gain=16.6035 5.80305 2.08444 1.72941 1.64603 1.38245 1.30396 1.2754 0.981147 1.12254 0.885897 0.88115 0.839102 1.15707 0.762014 0.766516 0.74869 0.698857 0.929816 0.836646 0.813996 0.696137 0.672463 0.710143 0.782609 0.616827 0.575597 0.746995 1.08019 1.01975
threshold=0.0058062700000000014 3.1157800000000004 2.7836250000000002 0.58129700000000006 10.500000000000002 14.128900000000002 0.00041118550000000006 0.010333100000000001 14.500000000000002 0.0061173600000000005 4.5000000000000009 0.00010215500000000001 0.00010215500000000001 1.8720900000000003 46.566150000000007 0.0015757450000000001 12.500000000000002 12.860800000000003 -0.024733699999999994 1.0000000180025095e-35 15.761000000000001 1.3952250000000002 19.458350000000003 0.0029634550000000007 6.5000000000000009 9.5000000000000018 1.0000000180025095e-35 0.0017366400000000002 0.0032533800000000006 0.87626650000000017
decision_type=2 2 2 2 2 2 2 2 2 2 2 2 2 2 2 2 2 2 2 2 2 2 2 2 2 2 2 2 2 2
left_child=1 3 7 6 5 -4 11 -3 12 -10 22 -1 13 -2 17 16 -16 20 -19 -20 25 -8 23 24 -5 26 27 29 -29 -14
right_child=8 2 4 10 -6 -7 21 -9 9 -11 -12 -13 14 -15 15 -17 -18 18 19 -21 -22 -23 -24 -25 -26 -27 -28 28 -30 -31
leaf_value=0 9.3831936872080623e-07 0 0 -1.9822333330607348e-06 0 0 0 0 -1.414969119705408e-05 -2.0098166896138415e-06 0 0 7.279861564706656e-05 -8.5975710735010463e-06 4.3407731935577658e-05 0.0007482483067783786 -2.5757749957596164e-05 4.3682317842625748e-07 -3.1667514380202247e-06 -4.1482039793672372e-05 -1.2133344619865662e-06 0 0 0.0011320756220318821 7.7465217476492395e-08 0.00023947058426762111 2.534400960390261e-05 -1.4018808417313903e-05 1.2030043203720178e-07 -3.0163443751492129e-06
leaf_weight=88 73 62 85 69 140 61 63 85 135 205 65 78 295 60 135 364 86 96 63 74 60 62 108 97 138 185 888 377 390 345
leaf_count=88 73 62 85 69 140 61 63 85 135 205 65 78 295 60 135 364 86 96 63 74 60 62 108 97 138 185 888 377 390 345
internal_value=-0.00198529 -0.0071149 -0.0117436 -0.00450521 -0.0142308 -0.0179452 -0.00754295 -0.00690476 -0.000377186 -0.00294118 -0.00265199 -0.00463855 -0.00012747 -0.00402256 2.68019e-05 0.00166667 -0.000656108 -0.000319149 -0.00293991 -0.00558394 -7.874e-05 -0.0114 -0.00179612 -0.000592105 -0.00224638 6.04841e-05 -0.000163399 -0.000792466 -0.00184485 0.00046875
internal_weight=5032 1201 433 768 286 146 291 147 3831 340 477 166 3491 133 3358 585 221 2773 233 137 2540 125 412 304 207 2480 2295 1407 767 640
internal_count=5032 1201 433 768 286 146 291 147 3831 340 477 166 3491 133 3358 585 221 2773 233 137 2540 125 412 304 207 2480 2295 1407 767 640
is_linear=0
shrinkage=0.05


Tree=28
num_leaves=31
num_cat=0
split_feature=4 0 0 5 11 2 1 6 10 8 1 2 5 6 1 4 11 4 2 5 4 7 4 0 1 8 1 10 11 11
split_gain=16.0329 6.33672 2.11992 2.08444 1.64603 1.38245 1.30396 1.2754 1.06534 1.01528 0.88115 0.756071 0.696137 0.603366 0.551112 0.7986 0.878843 0.754371 0.554359 0.996423 1.03418 1.08827 1.55074 0.698309 0.54183 0.509911 0.496093 0.568434 0.578346 0.460646
threshold=0.0058062700000000014 3.1157800000000004 0.58129700000000006 2.7836250000000002 10.500000000000002 14.128900000000002 0.00041118550000000006 0.010333100000000001 4.5000000000000009 18.658350000000002 0.00010215500000000001 59.852350000000008 1.3952250000000002 0.0015267400000000002 0.00010215500000000001 46.566150000000007 17.500000000000004 1.9240600000000001 2.6248600000000004 1.6832800000000001 0.33699250000000008 -2.5607499999999995e-05 1.0162200000000003 1.6994300000000002 0.00048322050000000003 9.0916650000000008 0.010785750000000002 6.5000000000000009 11.500000000000002 16.500000000000004
decision_type=2 2 2 2 2 2 2 2 2 2 2 2 2 2 2 2 2 2 2 2 2 2 2 2 2 2 2 2 2 2
left_child=1 2 6 7 5 -5 10 -3 9 13 -1 14 -8 -4 17 18 24 -2 29 -20 23 -22 -23 -21 -17 -24 27 28 -27 -16
right_child=11 3 8 4 -6 -7 12 -9 -10 -11 -12 -13 -14 -15 15 16 -18 -19 19 20 21 22 25 -25 -26 26 -28 -29 -30 -31
leaf_value=0 5.4578940939802993e-07 0 -1.9037186414778243e-06 0 0 0 0 0 0 0 0 -1.7785581155279841e-05 0 1.7750535409344516e-06 5.6370419041809516e-06 -1.7138777643178341e-05 -1.4282325818578177e-05 -7.9495447510487655e-06 -2.0666002337548644e-05 -5.862862821398656e-06 0.00017195877971845928 -1.5934072609194404e-05 6.6868602798549002e-05 -2.5914684521849767e-06 0.00027485091640133723 7.4325875319069333e-05 2.7871086862859574e-06 -1.5006034087445645e-05 -1.6574134268150015e-05 -9.0927823385177113e-06
leaf_weight=88 79 62 69 85 140 61 63 85 65 119 78 79 62 224 1263 69 117 60 66 67 267 91 188 305 405 106 138 90 78 363
leaf_count=88 79 62 69 85 140 61 63 85 65 119 78 79 62 224 1263 69 117 60 66 67 267 91 188 305 405 106 138 90 78 363
internal_value=-0.00186606 -0.00690674 -0.00417969 -0.0117436 -0.0142308 -0.0179452 -0.00754295 -0.00690476 -0.00212788 -0.00118932 -0.00463855 -0.000285826 -0.0114 0.000392492 -0.000183902 -6.50427e-05 0.00161591 -0.00327338 -0.000393779 -0.00112464 -0.000827067 4.17538e-05 -0.00100579 -0.00306452 0.00257384 -8.33331e-05 -0.00106796 -0.00229927 -0.000706522 0.000233703
internal_weight=5032 1201 768 433 286 146 291 147 477 412 166 3831 125 293 3752 3613 591 139 3022 1396 1330 958 691 372 474 600 412 274 184 1626
internal_count=5032 1201 768 433 286 146 291 147 477 412 166 3831 125 293 3752 3613 591 139 3022 1396 1330 958 691 372 474 600 412 274 184 1626
is_linear=0
shrinkage=0.05


Tree=29
num_leaves=31
num_cat=0
split_feature=4 0 0 5 11 2 1 6 10 8 1 5 10 8 1 4 4 1 5 2 4 2 8 7 0 6 3 0 6 6
split_gain=15.7065 6.44627 2.20278 2.08444 1.64603 1.38245 1.30396 1.2754 1.10321 1.07954 0.88115 0.696137 0.641597 1.31701 0.711654 0.913266 0.73747 0.770318 0.543711 0.956399 0.60609 0.880115 0.731914 0.696164 0.644707 0.608934 0.576429 0.558647 0.488287 0.579328
threshold=0.0058062700000000014 3.1157800000000004 0.58129700000000006 2.7836250000000002 10.500000000000002 14.128900000000002 0.00041118550000000006 0.010333100000000001 4.5000000000000009 18.658350000000002 0.00010215500000000001 1.3952250000000002 22.500000000000004 16.775000000000002 0.00010215500000000001 2.3052350000000001 46.566150000000007 0.0037383800000000003 0.068604000000000012 0.11583000000000002 0.33699250000000008 2.9618650000000004 6.3583350000000012 -2.5607499999999995e-05 17.560100000000002 0.00096227050000000016 1.5000000000000002 1.6994300000000002 0.0037172200000000007 0.0068507150000000011
decision_type=2 2 2 2 2 2 2 2 2 2 2 2 2 2 2 2 2 2 2 2 2 2 2 2 2 2 2 2 2 2
left_child=1 2 6 7 5 -5 10 -3 9 -4 -1 -8 14 -14 15 -2 18 -18 -16 -20 21 -21 -22 26 25 -25 -24 -23 -27 -30
right_child=12 3 8 4 -6 -7 11 -9 -10 -11 -12 -13 13 -15 16 -17 17 -19 19 20 22 27 23 24 -26 28 -28 -29 29 -31
leaf_value=0 3.5138937221916567e-07 0 1.0358989606314158e-08 0 0 0 0 0 0 0 0 0 3.8702291411977582e-07 -4.0005680816164919e-05 4.2248824983112199e-05 -7.7702152822735551e-06 1.549081895216472e-07 0.0012027983181537587 -2.2985210960928506e-05 4.1602798664792151e-05 0.00035107935724869847 -7.2572787556667641e-06 -1.2889513085673683e-05 -1.1010108463013396e-05 -3.2928432545044962e-05 5.1482453068852894e-05 0.00014431332899794247 -2.4890016486846159e-06 -2.2557812035918526e-05 -1.7537446632461113e-07
leaf_weight=88 78 62 293 85 140 61 63 85 65 119 78 62 98 70 462 60 325 272 107 158 70 64 101 117 72 214 374 312 153 724
leaf_count=88 78 62 293 85 140 61 63 85 65 119 78 62 98 70 462 60 325 272 107 158 70 64 101 117 72 214 374 312 153 724
internal_value=-0.00187599 -0.00686511 -0.00411458 -0.0117436 -0.0142308 -0.0179452 -0.00754295 -0.00690476 -0.00202306 -0.00106796 -0.00463855 -0.0114 -0.000311929 -0.00333333 -0.000173355 -0.00369565 -3.54608e-05 0.00156616 -0.000362022 -0.000656934 -0.000447223 -0.00192884 -1.36984e-05 -0.000213675 -0.000820312 -0.000546357 0.00142105 -0.00324468 -0.000178735 -0.000701254
internal_weight=5032 1201 768 433 286 146 291 147 477 412 166 125 3831 168 3663 138 3525 597 2928 2466 2359 534 1825 1755 1280 1208 475 376 1091 877
internal_count=5032 1201 768 433 286 146 291 147 477 412 166 125 3831 168 3663 138 3525 597 2928 2466 2359 534 1825 1755 1280 1208 475 376 1091 877
is_linear=0
shrinkage=0.05


Tree=30
num_leaves=31
num_cat=0
split_feature=4 0 0 5 11 2 1 6 10 8 1 5 1 4 4 1 7 8 10 1 15 7 9 9 7 3 11 4 4 6
split_gain=15.9577 6.44627 2.20278 2.08444 1.64603 1.38245 1.30396 1.2754 1.10321 1.07954 0.88115 0.696137 0.491194 0.78835 0.61938 0.963207 0.77374 0.79149 1.15485 1.06935 0.840185 0.766565 0.729654 0.694519 0.692287 1.10369 0.623408 0.569004 0.780611 0.715297
threshold=0.0058062700000000014 3.1157800000000004 0.58129700000000006 2.7836250000000002 10.500000000000002 14.128900000000002 0.00041118550000000006 0.010333100000000001 4.5000000000000009 18.658350000000002 0.00010215500000000001 1.3952250000000002 0.00010215500000000001 2.3052350000000001 11.933850000000001 0.0047976500000000014 0.005619980000000001 23.283350000000002 1.5000000000000002 0.0019312750000000003 1.0000000180025095e-35 0.038744850000000004 2820.5000000000005 2049.0000000000005 -0.010405199999999998 3.5000000000000004 4.5000000000000009 0.54238050000000004 0.047016300000000004 0.010827800000000002
decision_type=2 2 2 2 2 2 2 2 2 2 2 2 2 2 2 2 2 2 2 2 2 2 2 2 2 2 2 2 2 2
left_child=1 2 6 7 5 -5 10 -3 9 -4 -1 -8 13 -2 16 -16 22 18 -18 20 -20 -21 24 -19 25 27 -23 28 -14 -30
right_child=12 3 8 4 -6 -7 11 -9 -10 -11 -12 -13 14 -15 15 -17 17 23 19 21 -22 26 -24 -25 -26 -27 -28 -29 29 -31
leaf_value=0 8.3515141131456611e-07 0 9.8410401259984502e-09 0 0 0 0 0 0 0 0 0 -9.0033193126578092e-07 -7.3817045181598771e-06 -2.9262594604238326e-06 0.0010033288583905116 0.00027065118208721993 -3.8243531169961754e-05 -1.7920213476517115e-05 0.00025353659113643283 -3.5515150915317127e-06 -1.2957651232861767e-05 2.3980607321120962e-05 -1.3496645301955247e-05 8.2588373785189588e-06 5.9544279658205253e-07 -1.5433477707125319e-06 -5.901673405744861e-07 -4.6753049391492652e-06 -1.5227967191731959e-05
leaf_weight=88 81 62 293 85 140 61 63 85 65 119 78 62 81 60 629 353 143 77 94 153 67 67 376 178 670 299 283 78 65 77
leaf_count=88 81 62 293 85 140 61 63 85 65 119 78 62 81 60 629 353 143 77 94 153 67 67 376 178 670 299 283 78 65 77
internal_value=-0.00183625 -0.00686511 -0.00411458 -0.0117436 -0.0142308 -0.0179452 -0.00754295 -0.00690476 -0.00202306 -0.00106796 -0.00463855 -0.0114 -0.000259723 -0.00315603 -0.000149051 0.00092668 -0.000539143 -0.00159134 -0.000824039 -0.00170181 -0.00524845 -0.0005666 0.000139733 -0.00401961 -0.000433071 -0.00166667 -0.00185714 -0.00380399 -0.00508969 -0.00732394
internal_weight=5032 1201 768 433 286 146 291 147 477 412 166 125 3831 141 3690 982 2708 1062 807 664 161 503 1646 255 1270 600 350 301 223 142
internal_count=5032 1201 768 433 286 146 291 147 477 412 166 125 3831 141 3690 982 2708 1062 807 664 161 503 1646 255 1270 600 350 301 223 142
is_linear=0
shrinkage=0.05


Tree=31
num_leaves=31
num_cat=0
split_feature=4 0 0 5 11 2 1 6 10 8 1 5 4 7 9 8 7 6 6 15 6 4 9 8 8 11 6 0 8 15
split_gain=15.5816 6.44627 2.20278 2.08444 1.64603 1.38245 1.30396 1.2754 1.10321 1.07954 0.88115 0.696137 0.57804 0.962458 1.08811 2.04548 0.895769 0.624305 1.05266 0.593449 0.919806 0.901798 0.585681 1.67493 0.557249 0.451319 0.45092 0.446631 0.729087 0.441796
threshold=0.0058062700000000014 3.1157800000000004 0.58129700000000006 2.7836250000000002 10.500000000000002 14.128900000000002 0.00041118550000000006 0.010333100000000001 4.5000000000000009 18.658350000000002 0.00010215500000000001 1.3952250000000002 4.3473900000000016 0.03706845000000001 2750.5000000000005 21.291650000000004 0.045557500000000008 0.038487400000000005 0.027434450000000003 1.0000000180025095e-35 0.016656050000000002 130.62750000000003 857.50000000000011 7.5250000000000012 31.675000000000001 16.500000000000004 0.0015267400000000002 3.4018200000000003 10.591650000000001 1.0000000180025095e-35
decision_type=2 2 2 2 2 2 2 2 2 2 2 2 2 2 2 2 2 2 2 2 2 2 2 2 2 2 2 2 2 2
left_child=1 2 6 7 5 -5 10 -3 9 26 -1 -8 13 17 15 27 19 18 22 20 21 -14 23 -2 29 -6 -4 -15 -29 -24
right_child=12 3 8 4 25 -7 11 -9 -10 -11 -12 -13 16 14 -16 -17 -18 -19 -20 -21 -22 -23 24 -25 -26 -27 -28 28 -30 -31
leaf_value=0 0.0001894760680057299 0 -1.8095427108905483e-06 0 0 0 0 0 0 0 0 0 6.2966519863170865e-07 2.9122487623722502e-08 2.340594869107469e-06 -6.743444470043421e-05 0.00071478236787941179 0.00030982459797771443 -2.234574235501904e-05 2.5011842995651402e-05 -8.4659822222511434e-05 -1.6101943473309987e-05 -5.222240559051525e-07 -1.5157917471778489e-05 -8.9986252489940565e-06 0 1.6852908624011136e-06 -1.9100577781782789e-05 -2.7726695652202508e-06 2.6976858695621506e-05
leaf_weight=88 65 62 69 85 65 61 63 85 65 119 78 62 373 143 95 76 485 239 86 328 61 87 844 122 159 75 224 60 69 539
leaf_count=88 65 62 69 85 65 61 63 85 65 119 78 62 373 143 95 76 485 239 86 328 61 87 844 122 159 75 224 60 69 539
internal_value=-0.00189587 -0.00686511 -0.00411458 -0.0117436 -0.0142308 -0.0179452 -0.00754295 -0.00690476 -0.00202306 -0.00106796 -0.00463855 -0.0114 -0.000338032 -0.000786944 -0.00290068 -0.0041954 0.000502249 -0.000331061 -0.000647383 -0.000477032 -0.00152591 -0.000760869 -0.000378831 -0.00302139 -5.83656e-05 -0.0103571 0.00056314 -0.00216912 -0.00430233 0.000263919
internal_weight=5032 1201 768 433 286 146 291 147 477 412 166 125 3831 2497 443 348 1334 2054 1815 849 521 460 1729 187 1542 140 293 272 129 1383
internal_count=5032 1201 768 433 286 146 291 147 477 412 166 125 3831 2497 443 348 1334 2054 1815 849 521 460 1729 187 1542 140 293 272 129 1383
is_linear=0
shrinkage=0.05


Tree=32
num_leaves=31
num_cat=0
split_feature=4 0 0 5 0 1 3 6 1 5 10 1 8 1 1 0 10 9 4 3 10 6 4 2 4 11 1 0 2 3
split_gain=17.111 5.63971 2.17328 1.65956 1.59146 1.15647 1.15082 1.13885 0.88115 0.84558 0.786989 0.727039 0.69296 1.50679 0.603881 0.947015 0.641527 0.846545 0.660838 0.665027 0.980853 0.804688 0.781158 1.30613 0.635942 0.574382 0.574137 0.549779 0.603733 0.517522
threshold=0.0086387150000000017 3.1157800000000004 14.843500000000001 2.7836250000000002 0.58129700000000006 0.00041118550000000006 1.0000000180025095e-35 0.010333100000000001 0.00010215500000000001 1.3952250000000002 4.5000000000000009 0.0008204855000000002 18.491650000000003 0.00070581850000000005 0.00010215500000000001 0.32657050000000004 22.500000000000004 1445.0000000000002 46.566150000000007 6.5000000000000009 14.500000000000002 0.0034310350000000002 0.10881300000000001 2.9618650000000004 1.2337600000000004 6.5000000000000009 0.0043913700000000012 7.583470000000001 6.0725900000000008 2.5000000000000004
decision_type=2 2 2 2 2 2 2 2 2 2 2 2 2 2 2 2 2 2 2 2 2 2 2 2 2 2 2 2 2 2
left_child=1 4 3 7 5 8 11 -3 -1 -7 12 -5 25 -14 15 -2 18 -18 19 20 21 -16 23 -23 -21 -6 -20 28 29 -24
right_child=14 2 -4 6 10 9 -8 -9 -10 -11 -12 -13 13 -15 16 -17 17 -19 26 24 -22 22 27 -25 -26 -27 -28 -29 -30 -31
leaf_value=0 3.8400641972076669e-07 3.4998806748822646e-07 0 0 -3.4656841878913495e-07 0 0 0 0 0 0 0 1.0756595577988636e-07 -8.7742028502877586e-08 1.6378181682628026e-06 -7.0824849575355475e-06 -3.3830444703802387e-05 -2.1076138229538966e-07 1.2586668029132264e-06 8.6392722061063998e-05 -1.9648812476892374e-05 -7.6300573062489154e-07 -1.2820438412803107e-05 -1.0147094276890339e-05 -5.6919523061994063e-06 2.9144436937908471e-07 0.0011031339926203937 -1.1364361620277119e-05 2.9726633161513896e-06 4.8951601780419607e-06
leaf_weight=88 75 62 79 61 95 70 63 86 78 62 71 100 63 60 666 66 68 96 354 357 63 144 381 114 291 211 243 197 222 446
leaf_count=88 75 62 79 61 95 70 63 86 78 62 71 100 63 60 666 66 68 96 354 357 63 144 381 114 291 211 243 197 222 446
internal_value=-0.00197536 -0.00704964 -0.0115188 -0.00991935 -0.00452381 -0.00741611 -0.0126339 -0.00581081 -0.00463855 -0.0109091 -0.0028 -0.0148758 -0.00199301 -0.0051626 -0.000300026 -0.00351064 -0.000175727 -0.00323171 -3.16272e-05 -0.000345366 -0.00075459 -0.000576037 -0.00121676 -0.00372093 0.00106481 -0.000718954 0.00148241 -0.000698234 -0.000243088 -0.000864571
internal_weight=5032 1249 451 372 798 298 224 148 166 132 500 161 429 123 3783 141 3642 164 3478 2881 2233 2170 1504 258 648 306 597 1246 1049 827
internal_count=5032 1249 451 372 798 298 224 148 166 132 500 161 429 123 3783 141 3642 164 3478 2881 2233 2170 1504 258 648 306 597 1246 1049 827
is_linear=0
shrinkage=0.05


Tree=33
num_leaves=31
num_cat=0
split_feature=4 0 0 0 5 10 1 3 6 1 5 1 1 8 10 2 10 9 12 3 7 0 9 12 8 8 5 9 7 6
split_gain=14.885 7.02962 2.61406 2.17328 1.65956 1.26256 1.15647 1.15082 1.13885 0.88115 0.84558 0.727039 0.588527 0.615984 0.94078 1.00054 0.827753 0.645225 0.605317 1.01205 1.10072 0.497666 0.468342 0.539541 0.445787 0.510294 0.410172 0.403119 0.378574 0.377356
threshold=0.0086387150000000017 3.1157800000000004 0.58129700000000006 14.843500000000001 2.7836250000000002 4.5000000000000009 0.00041118550000000006 1.0000000180025095e-35 0.010333100000000001 0.00010215500000000001 1.3952250000000002 0.0008204855000000002 7.006900000000001e-05 9.0916650000000008 14.500000000000002 2.0261650000000002 28.500000000000004 857.50000000000011 3.5000000000000004 3.5000000000000004 -0.0084486399999999986 1.0844100000000003 1748.5000000000002 1.0000000180025095e-35 7.5583350000000005 6.408335000000001 2.7154500000000001 1867.0000000000002 0.006104860000000001 0.013831300000000003
decision_type=2 2 2 2 2 2 2 2 2 2 2 2 2 2 2 2 2 2 2 2 2 2 2 2 2 2 2 2 2 2
left_child=1 2 6 4 8 22 9 11 -3 -1 -8 -6 -2 18 17 -16 -17 -15 24 20 -20 -21 -4 26 25 -14 -24 -22 -27 -19
right_child=12 3 5 -5 7 -7 10 -9 -10 -11 -12 -13 13 14 15 16 -18 29 19 21 27 -23 23 -25 -26 28 -28 -29 -30 -31
leaf_value=0 -5.6349942862741652e-06 3.3248866411381513e-07 4.3871014251438793e-09 0 0 0 0 0 0 0 0 0 0.00017897268882825808 -1.4849709749787553e-05 2.8115167295479504e-06 -2.0879516138717985e-05 -4.7479657025595368e-06 6.9588125793282824e-07 -1.3463044974624966e-05 -7.3918707488428813e-06 2.0907537769767137e-06 0.00021873210643586117 4.2732138038506227e-05 -7.721347801118445e-07 8.3966106616475308e-05 6.7629146100695099e-05 -1.9726820265226087e-06 -2.4212265777583377e-05 -2.0684037487204449e-05 -8.1406399889579657e-06
leaf_weight=88 114 62 173 79 61 71 70 63 86 78 62 100 77 141 71 105 65 1424 65 60 144 154 71 111 233 137 74 61 97 835
leaf_count=88 114 62 173 79 61 71 70 63 86 78 62 100 77 141 71 105 65 1424 65 60 144 154 71 111 233 137 74 61 97 835
internal_value=-0.0017965 -0.00652922 -0.00370927 -0.0115188 -0.00991935 -0.0015 -0.00741611 -0.0126339 -0.00581081 -0.00463855 -0.0109091 -0.0148758 -0.000233941 -0.000124012 -0.000528209 -0.00350622 -0.00558823 -0.000229166 0.000914397 -0.000371901 -0.00240741 0.00219626 -0.000477855 -0.00183594 0.00205882 0.000819936 0.000172414 -0.000609756 -0.00034188 -2.43469e-05
internal_weight=5032 1249 798 451 372 500 298 224 148 166 132 161 3783 3669 2641 241 170 2400 1028 484 270 214 429 256 544 311 145 205 234 2259
internal_count=5032 1249 798 451 372 500 298 224 148 166 132 161 3783 3669 2641 241 170 2400 1028 484 270 214 429 256 544 311 145 205 234 2259
is_linear=0
shrinkage=0.05


Tree=34
num_leaves=31
num_cat=0
split_feature=4 0 0 0 5 10 1 3 6 1 5 1 9 10 2 8 10 6 12 7 6 4 5 1 3 7 1 1 4 5
split_gain=15.1415 6.69529 2.35567 2.17328 1.65956 1.25587 1.15647 1.15082 1.13885 0.88115 0.84558 0.727039 0.585914 0.553155 0.867709 0.694408 0.772697 0.489895 0.409864 0.397744 0.393293 0.88275 0.752614 0.835835 0.78443 1.03249 0.551087 0.509428 0.954348 0.68096
threshold=0.0086387150000000017 3.1157800000000004 0.58129700000000006 14.843500000000001 2.7836250000000002 3.5000000000000004 0.00041118550000000006 1.0000000180025095e-35 0.010333100000000001 0.00010215500000000001 1.3952250000000002 0.0008204855000000002 1748.5000000000002 14.500000000000002 2.0261650000000002 9.4250000000000025 28.500000000000004 7.3274950000000016e-05 1.0000000180025095e-35 -0.010405199999999998 0.014017050000000001 12.461350000000001 7.4714000000000009 0.0013621400000000002 1.5000000000000002 0.03706845000000001 0.005729070000000001 0.0027552150000000005 0.52240050000000016 9.6344500000000028
decision_type=2 2 2 2 2 2 2 2 2 2 2 2 2 2 2 2 2 2 2 2 2 2 2 2 2 2 2 2 2 2
left_child=1 2 6 4 8 12 9 11 -3 -1 -8 -6 -4 17 -15 -16 -17 -2 19 -14 27 22 23 -22 -25 -26 -23 -19 29 -29
right_child=13 3 5 -5 7 -7 10 -9 -10 -11 -12 -13 18 14 15 16 -18 20 -20 -21 21 26 -24 24 25 -27 -28 28 -30 -31
leaf_value=0 -6.6672567357692787e-06 3.1586423090812474e-07 4.167746353886685e-09 0 0 -1.6986809301690487e-06 0 0 0 0 0 0 -2.2294814838341782e-06 2.8752213084388133e-06 3.7013691532584569e-06 -1.9480182852485692e-05 -5.1387514986328546e-06 -3.5628960991296428e-07 -6.7869885369360958e-07 2.0241650500501112e-05 -2.5833834529123575e-05 -0.00015186562415174098 -1.2615653132373808e-05 -2.110605209125381e-05 0.00023369871231035345 -1.4663261745549475e-05 0.0011386197753113533 3.6015166065708765e-07 0.0004144086185193783 -6.6370329242946054e-06
leaf_weight=88 114 62 159 79 61 108 70 63 86 78 62 100 70 103 66 106 64 1498 100 63 65 60 64 131 354 287 216 123 458 74
leaf_count=88 114 62 159 79 61 108 70 63 86 78 62 100 70 103 66 106 64 1498 100 63 65 60 64 131 354 287 216 123 458 74
internal_value=-0.00187599 -0.00664932 -0.00389724 -0.0115188 -0.00991935 -0.0018 -0.00741611 -0.0126339 -0.00581081 -0.00463855 -0.0109091 -0.0148758 -0.000484694 -0.000300026 -0.00222714 -0.0038983 -0.00558823 -0.000110337 -0.00208154 -0.000263158 1.86265e-10 -0.000734919 -0.00149279 -0.00109319 -0.000634715 8.58036e-05 0.00173913 0.000401765 0.00156489 -0.00134518
internal_weight=5032 1249 798 451 372 500 298 224 148 166 132 161 392 3783 339 236 170 3444 233 133 3330 1177 901 837 772 641 276 2153 655 197
internal_count=5032 1249 798 451 372 500 298 224 148 166 132 161 392 3783 339 236 170 3444 233 133 3330 1177 901 837 772 641 276 2153 655 197
is_linear=0
shrinkage=0.05


Tree=35
num_leaves=31
num_cat=0
split_feature=4 0 0 0 5 1 3 6 1 5 7 1 11 2 9 8 6 15 5 0 0 1 7 9 5 4 7 1 4 9
split_gain=12.1857 8.44835 3.78206 2.17328 1.65956 1.15647 1.15082 1.13885 0.88115 0.84558 0.776089 0.727039 0.506463 0.611094 0.549027 0.56539 0.561654 0.486254 0.567314 0.501619 0.491758 0.43709 1.12857 0.431363 0.455817 0.5107 1.5582 0.942708 0.878951 0.74878
threshold=0.0086387150000000017 3.1157800000000004 0.58129700000000006 14.843500000000001 2.7836250000000002 0.00041118550000000006 1.0000000180025095e-35 0.010333100000000001 0.00010215500000000001 1.3952250000000002 0.61703500000000011 0.0008204855000000002 16.500000000000004 0.11583000000000002 857.50000000000011 8.9083350000000028 0.00057910450000000005 1.0000000180025095e-35 6.485450000000001 5.7483650000000006 2.6443500000000006 0.00023787600000000001 -0.0043585299999999985 436.00000000000006 0.063737700000000008 1.5644250000000002 0.004629465000000001 0.0020661300000000007 0.70221600000000006 2983.5000000000005
decision_type=2 2 2 2 2 2 2 2 2 2 2 2 2 2 2 2 2 2 2 2 2 2 2 2 2 2 2 2 2 2
left_child=1 2 5 4 7 8 11 -3 -1 -7 12 -6 23 -14 15 -15 -16 18 20 -20 -18 -4 -23 -2 -25 26 28 -27 29 -26
right_child=10 3 21 -5 6 9 -8 -9 -10 -11 -12 -13 13 14 16 -17 17 -19 19 -21 -22 22 -24 24 25 27 -28 -29 -30 -31
leaf_value=0 0.0002714609052287122 3.0007101936271788e-07 -6.5987186936028657e-07 0 0 0 0 0 0 0 -3.0151296432002612e-05 0 -1.6402245149093716e-05 -3.0997816110128379e-06 -1.2189633994875104e-05 -1.7112115568341187e-05 -5.3332900832910684e-06 9.7104428500244575e-05 -1.8035342218572625e-05 -1.2991699903891807e-06 2.1305097302436192e-05 -1.8213673172858657e-06 8.4934046508452444e-08 1.3243554668877887e-05 -7.4009529621556874e-06 -6.6038345725993095e-06 -1.4879711008100402e-05 0.00036957626997726801 1.3851557017200634e-05 2.603836414399147e-06
leaf_weight=88 62 62 66 79 61 70 63 86 78 62 65 100 113 79 62 67 109 128 61 82 188 306 128 369 435 619 245 721 274 104
leaf_count=88 62 62 66 79 61 70 63 86 78 62 65 100 113 79 62 67 109 128 61 82 188 306 128 369 435 619 245 721 274 104
internal_value=-0.00176669 -0.00604884 -0.00295739 -0.0115188 -0.00991935 -0.00741611 -0.0126339 -0.00581081 -0.00463855 -0.0109091 -0.000352894 -0.0148758 -0.000258203 -0.00129921 -0.000798969 -0.00356164 -0.00015873 0.000334507 -0.000454545 -0.00304196 0.000791246 -0.0003 0.000276498 6.89291e-05 -2.3491e-05 -0.000275229 -0.00109641 0.000373135 -4.30502e-05 -0.00121521
internal_weight=5032 1249 798 451 372 298 224 148 166 132 3783 161 3718 889 776 146 630 568 440 143 297 500 434 2829 2767 2398 1058 1340 813 539
internal_count=5032 1249 798 451 372 298 224 148 166 132 3783 161 3718 889 776 146 630 568 440 143 297 500 434 2829 2767 2398 1058 1340 813 539
is_linear=0
shrinkage=0.05


Tree=36
num_leaves=31
num_cat=0
split_feature=4 0 0 0 5 1 3 6 1 5 1 7 9 9 9 4 0 7 15 12 8 8 8 6 9 4 5 3 11 7
split_gain=12.7033 8.20285 3.57246 2.17328 1.65956 1.15647 1.15082 1.13885 0.88115 0.84558 0.727039 0.581092 0.588066 0.868037 0.825155 0.551812 0.835577 0.654011 0.630283 0.494202 0.498167 0.536845 0.488727 0.478035 0.400225 0.56285 0.786164 0.530915 0.478953 0.849485
threshold=0.0086387150000000017 3.1157800000000004 0.58129700000000006 14.843500000000001 2.7836250000000002 0.00041118550000000006 1.0000000180025095e-35 0.010333100000000001 0.00010215500000000001 1.3952250000000002 0.0008204855000000002 0.61703500000000011 857.50000000000011 436.00000000000006 1127.5000000000002 2.1888600000000005 3.4018200000000003 0.00028281500000000006 1.0000000180025095e-35 1.5000000000000002 7.8083350000000005 15.891650000000002 13.825000000000001 5.7342750000000006e-05 2799.5000000000005 32.757400000000011 15.761000000000001 2.5000000000000004 12.500000000000002 0.11798650000000001
decision_type=2 2 2 2 2 2 2 2 2 2 2 2 2 2 2 2 2 2 2 2 2 2 2 2 2 2 2 2 2 2
left_child=1 2 5 4 7 8 10 -3 -1 -7 -6 12 13 -2 22 16 -15 -18 -17 -4 -21 -22 -14 -16 25 26 28 -26 -25 -30
right_child=11 3 19 -5 6 9 -8 -9 -10 -11 -12 -13 14 15 23 18 17 -19 -20 20 21 -23 -24 24 27 -27 -28 -29 29 -31
leaf_value=0 0.00025123205767404224 2.8506746839458254e-07 -1.5706151321082204e-06 0 0 0 0 0 0 0 0 -2.8643731610402482e-05 4.5172686481885558e-05 -2.4982735483084289e-06 -6.0923841038434381e-06 -2.7719743139306734e-05 -1.033563696240177e-05 -1.5699837877345044e-05 0.00025965532117788406 -5.7838379517680214e-06 4.0693472933560865e-07 -7.6395535876053698e-08 -3.9214037647067371e-06 8.0794402466068806e-08 -4.3488217486598076e-06 3.7564576098126968e-05 -1.5179828500382399e-05 1.0666810097859382e-05 -4.5162009113246996e-06 -4.2591860896159529e-05
leaf_weight=88 65 62 194 79 61 70 63 86 78 62 100 65 271 114 83 93 69 60 63 60 148 98 142 887 345 366 78 507 515 60
leaf_count=88 65 62 194 79 61 70 63 86 78 62 100 65 271 114 83 93 69 60 63 60 148 98 142 887 345 366 78 507 515 60
internal_value=-0.00175676 -0.0061289 -0.00308271 -0.0115188 -0.00991935 -0.00741611 -0.0126339 -0.00581081 -0.00463855 -0.0109091 -0.0148758 -0.000313243 -0.000231307 -0.00189655 6.14647e-06 -0.00276942 -0.00425926 -0.0070155 -0.000448718 -0.0005 0.000751634 0.00174797 0.00209443 -0.00029743 -0.000184916 -0.000587618 -0.00100649 0.000715963 -0.000745554 -0.00186956
internal_weight=5032 1249 798 451 372 298 224 148 166 132 161 3783 3718 464 3254 399 243 129 156 500 306 246 413 2841 2758 1906 1540 852 1462 575
internal_count=5032 1249 798 451 372 298 224 148 166 132 161 3783 3718 464 3254 399 243 129 156 500 306 246 413 2841 2758 1906 1540 852 1462 575
is_linear=0
shrinkage=0.05


Tree=37
num_leaves=31
num_cat=0
split_feature=4 0 0 0 5 1 3 6 1 5 1 9 7 6 7 4 6 6 3 10 5 9 5 6 7 2 2 7 7 11
split_gain=11.5668 8.8234 4.10767 2.17328 1.65956 1.15647 1.15082 1.13885 0.88115 0.84558 0.727039 0.637513 0.564821 0.587565 1.79322 0.651526 0.760198 0.745657 0.748479 0.602712 1.06212 0.596617 0.930804 0.50065 0.63268 0.536508 0.498691 0.485613 0.905316 1.33595
threshold=0.0086387150000000017 3.1157800000000004 0.58129700000000006 14.843500000000001 2.7836250000000002 0.00041118550000000006 1.0000000180025095e-35 0.010333100000000001 0.00010215500000000001 1.3952250000000002 0.0008204855000000002 1748.5000000000002 0.61703500000000011 0.0013822000000000003 -0.00039072449999999996 48.775300000000009 0.0033602300000000005 0.0039281950000000015 6.5000000000000009 5.5000000000000009 7.3553000000000006 1436.5000000000002 3.1136400000000006 0.0015267400000000002 -0.0043585299999999985 6.7769600000000008 0.011192400000000002 0.00028281500000000006 0.0049991700000000016 12.500000000000002
decision_type=2 2 2 2 2 2 2 2 2 2 2 2 2 2 2 2 2 2 2 2 2 2 2 2 2 2 2 2 2 2
left_child=1 2 5 4 7 8 10 -3 -1 -7 -6 -4 13 14 -2 16 -15 -18 19 20 26 22 -21 -13 25 -25 -19 -16 -29 -30
right_child=12 3 11 -5 6 9 -8 -9 -10 -11 -12 23 -14 15 27 -17 17 18 -20 21 -22 -23 -24 24 -26 -27 -28 28 29 -31
leaf_value=0 1.9858886895602727e-05 2.7081409497485313e-07 8.2628010610702894e-08 0 0 0 0 0 0 0 0 -1.4096997276151797e-06 -2.7211545029882358e-05 2.9592039996537119e-05 -7.6790263280073322e-06 0.00023195470466683073 -1.7689597898799819e-05 -2.5218456269597396e-05 5.4741800484255778e-06 -4.4689287949999801e-05 -1.4990196384472212e-05 -8.6681498001604902e-06 -1.3899475423927386e-06 -3.9051154740306568e-06 6.8546902848554982e-05 2.3764748462840463e-07 6.535867923285856e-07 1.5666820976762215e-07 -7.8050326066719679e-07 -1.9221802366308612e-05
leaf_weight=88 198 62 208 79 61 70 63 86 78 62 100 88 65 419 164 425 95 86 542 69 70 240 71 84 60 60 979 211 89 60
leaf_count=88 198 62 208 79 61 70 63 86 78 62 100 88 65 419 164 425 95 86 542 69 70 240 71 84 60 60 979 211 89 60
internal_value=-0.00175676 -0.00592874 -0.00276942 -0.0115188 -0.00991935 -0.00741611 -0.0126339 -0.00581081 -0.00463855 -0.0109091 -0.0148758 1.86265e-10 -0.000379328 -0.000298547 -0.00157895 1.00135e-05 -0.00028977 -0.000669145 -0.00046913 -0.0010396 -0.000462555 -0.00276316 -0.00535714 -0.00150685 -0.000147059 -0.00194444 -7.04223e-05 -0.00311069 -0.00208333 -0.00506711
internal_weight=5032 1249 798 451 372 298 224 148 166 132 161 500 3783 3718 722 2996 2571 2152 2057 1515 1135 380 140 292 204 144 1065 524 360 149
internal_count=5032 1249 798 451 372 298 224 148 166 132 161 500 3783 3718 722 2996 2571 2152 2057 1515 1135 380 140 292 204 144 1065 524 360 149
is_linear=0
shrinkage=0.05


Tree=38
num_leaves=31
num_cat=0
split_feature=4 0 0 0 5 1 3 6 1 5 1 9 15 12 6 7 4 7 5 11 8 4 4 2 6 0 9 1 2 7
split_gain=12.3608 8.08145 3.46989 2.17328 1.65956 1.15647 1.15082 1.13885 0.88115 0.84558 0.727039 0.711404 0.615488 0.686794 0.589588 1.1411 0.800782 1.18409 1.24928 1.10582 0.603469 0.64806 1.11097 0.765207 0.565835 1.0868 0.919913 0.761821 0.740786 0.688006
threshold=0.0086387150000000017 3.1157800000000004 0.58129700000000006 14.843500000000001 2.7836250000000002 0.00041118550000000006 1.0000000180025095e-35 0.010333100000000001 0.00010215500000000001 1.3952250000000002 0.0008204855000000002 1748.5000000000002 1.0000000180025095e-35 1.0000000180025095e-35 0.0013822000000000003 -0.0005078359999999999 11.933850000000001 0.013828150000000003 9.6344500000000028 1.5000000000000002 6.9583350000000008 2.8299200000000004 0.75428750000000011 2.3903200000000004 0.013577150000000001 2.4535150000000003 2917.5000000000005 0.0010193650000000002 0.58203400000000005 -0.056854099999999991
decision_type=2 2 2 2 2 2 2 2 2 2 2 2 2 2 2 2 2 2 2 2 2 2 2 2 2 2 2 2 2 2
left_child=1 2 5 4 7 8 10 -3 -1 -7 -6 -4 13 -13 15 -2 17 18 24 -19 -21 22 -22 -24 25 -16 28 -27 -26 -30
right_child=14 3 11 -5 6 9 -8 -9 -10 -11 -12 12 -14 -15 16 -17 -18 19 -20 20 21 -23 23 -25 26 27 -28 -29 29 -31
leaf_value=0 1.8972098832124858e-05 2.5727339022611019e-07 7.8496610080167744e-08 0 0 0 0 0 0 0 0 -1.5086165732826569e-06 1.825658002235153e-07 -4.6400627118126745e-06 7.3490098474789822e-05 -7.2020486633127329e-06 0.00011855300498845793 -4.6233984621744187e-05 -4.6875519938727163e-06 0.00058736591095568899 2.2880094986487899e-06 4.2623325737587912e-05 -6.5023678934803203e-06 -2.2942112672889971e-05 4.3456353758518691e-06 -1.7251669117132674e-05 0.00033584896547049134 2.3318961321004984e-06 -1.4744926890738659e-05 -3.0581601318325595e-05
leaf_weight=88 191 62 208 79 61 70 63 86 78 62 100 158 67 67 426 531 786 94 119 60 125 215 129 190 193 129 88 326 112 69
leaf_count=88 191 62 208 79 61 70 63 86 78 62 100 158 67 67 426 531 786 94 119 60 125 215 129 190 193 129 88 326 112 69
internal_value=-0.00185612 -0.00616893 -0.00314536 -0.0115188 -0.00991935 -0.00741611 -0.0126339 -0.00581081 -0.00463855 -0.0109091 -0.0148758 -0.0006 -0.00219178 -0.00344444 -0.000432196 -0.00171745 -0.000129043 -0.000604395 0.000246238 -0.00213407 -0.00146732 -0.0019044 -0.0029955 -0.00456113 0.000681311 0.00142452 -0.000735931 -0.000274725 -0.00181818 -0.00411602
internal_weight=5032 1249 798 451 372 298 224 148 166 132 161 500 292 225 3783 722 3061 2275 1462 813 719 659 444 319 1343 881 462 455 374 181
internal_count=5032 1249 798 451 372 298 224 148 166 132 161 500 292 225 3783 722 3061 2275 1462 813 719 659 444 319 1343 881 462 455 374 181
is_linear=0
shrinkage=0.05


Tree=39
num_leaves=31
num_cat=0
split_feature=4 0 0 0 5 1 3 6 1 2 5 1 9 15 12 15 6 1 4 6 9 11 8 7 0 6 5 11 7 8
split_gain=11.6868 8.08145 3.46989 2.17328 1.65956 1.15647 1.15082 1.13885 0.88115 0.862212 0.84558 0.727039 0.711404 0.615488 0.686794 0.498553 0.827389 0.965636 0.731788 0.657736 0.929681 0.576965 0.697687 0.583015 0.963581 0.599675 0.727876 0.558068 0.546448 0.609799
threshold=0.0086387150000000017 3.1157800000000004 0.58129700000000006 14.843500000000001 2.7836250000000002 0.00041118550000000006 1.0000000180025095e-35 0.010333100000000001 0.00010215500000000001 59.852350000000008 1.3952250000000002 0.0008204855000000002 1748.5000000000002 1.0000000180025095e-35 1.0000000180025095e-35 1.0000000180025095e-35 0.071744250000000023 0.00066332100000000014 0.098188700000000018 0.044683900000000006 857.50000000000011 6.5000000000000009 13.725000000000001 0.047379650000000002 1.5310700000000002 0.013120300000000001 6.8441050000000017 14.500000000000002 0.027086750000000003 23.741650000000003
decision_type=2 2 2 2 2 2 2 2 2 2 2 2 2 2 2 2 2 2 2 2 2 2 2 2 2 2 2 2 2 2
left_child=1 2 5 4 7 8 11 -3 -1 15 -7 -6 -4 14 -14 19 17 -17 -19 20 -2 22 -22 25 -25 26 -23 -27 -21 -30
right_child=9 3 12 -5 6 10 -8 -9 -10 -11 -12 -13 13 -15 -16 16 -18 18 -20 28 21 23 -24 24 -26 27 -28 -29 29 -31
leaf_value=0 -1.6587698975746171e-05 2.4440972071480511e-07 7.4571779576159348e-08 0 0 0 0 0 0 -1.9055367207420856e-05 0 0 -1.4331857446185241e-06 1.7343751021233953e-07 -4.4080595762220405e-06 -6.8775103031211583e-06 -2.3276972534937696e-05 -7.30788592781381e-06 9.8633231219043494e-05 0.00073983763756266491 3.1213782992624114e-05 -2.9437499674952737e-06 -5.5749652729099618e-06 -9.2443070507461735e-05 0.0002135256554697798 -2.5476832397519251e-05 -7.9612889251222242e-06 -6.459798346753989e-06 0.00010483521149643088 -7.8357551684352263e-05
leaf_weight=88 213 62 208 79 61 70 63 86 78 79 62 100 158 67 67 265 114 98 842 122 305 591 272 61 191 93 211 82 166 78
leaf_count=88 213 62 208 79 61 70 63 86 78 79 62 100 158 67 67 265 114 98 842 122 305 591 272 61 191 93 211 82 166 78
internal_value=-0.00197536 -0.00616893 -0.00314536 -0.0115188 -0.00991935 -0.00741611 -0.0126339 -0.00581081 -0.00463855 -0.000590801 -0.0109091 -0.0148758 -0.0006 -0.00219178 -0.00344444 -0.000480561 0.000299469 0.000684647 0.00143617 -0.000911949 -0.00126548 -0.00089701 0.000407279 -0.00150936 0.000634921 -0.00206244 -0.00148379 -0.00471429 0.00103825 -0.000327869
internal_weight=5032 1249 798 451 372 298 224 148 166 3783 132 161 500 292 225 3704 1319 1205 940 2385 2019 1806 577 1229 252 977 802 175 366 244
internal_count=5032 1249 798 451 372 298 224 148 166 3783 132 161 500 292 225 3704 1319 1205 940 2385 2019 1806 577 1229 252 977 802 175 366 244
is_linear=0
shrinkage=0.05


Tree=40
num_leaves=31
num_cat=0
split_feature=4 0 0 0 5 1 3 6 1 5 10 2 9 8 1 6 5 9 15 4 1 11 6 1 6 4 12 2 3 2
split_gain=11.0824 8.32515 3.67651 2.17328 1.65956 1.15647 1.15082 1.13885 0.88115 0.84558 0.793227 0.92265 1.02224 0.854936 0.727039 0.678407 0.604416 0.58976 0.519354 0.49213 0.709711 0.558935 0.486312 0.75627 0.935242 1.38469 0.670137 0.644995 0.570589 0.755258
threshold=0.0086387150000000017 3.1157800000000004 0.58129700000000006 14.843500000000001 2.7836250000000002 0.00041118550000000006 1.0000000180025095e-35 0.010333100000000001 0.00010215500000000001 1.3952250000000002 14.500000000000002 1.8072450000000002 1419.0000000000002 21.825000000000006 0.0008204855000000002 1.4173350000000002e-05 21.174900000000004 1748.5000000000002 1.0000000180025095e-35 46.566150000000007 0.0033312750000000003 7.5000000000000009 0.0033602300000000005 0.00079384150000000005 0.0015643350000000002 1.9240600000000001 1.0000000180025095e-35 0.42404700000000006 10.500000000000002 0.011192400000000002
decision_type=2 2 2 2 2 2 2 2 2 2 2 2 2 2 2 2 2 2 2 2 2 2 2 2 2 2 2 2 2 2
left_child=1 2 5 4 7 8 14 -3 -1 -7 15 -12 -13 -14 -6 -2 19 -4 -19 22 21 -21 23 24 25 -17 -25 28 29 -24
right_child=10 3 17 -5 6 9 -8 -9 -10 -11 11 12 13 -15 -16 16 -18 18 -20 20 -22 -23 27 26 -26 -27 -28 -29 -30 -31
leaf_value=0 -6.0220725159364024e-06 2.321892346790644e-07 7.0843190597351387e-08 0 0 0 0 0 0 0 2.4565229916580537e-06 -1.8242425149384589e-05 9.5319538230127798e-05 -2.8224463013256444e-05 0 -1.558049668685956e-06 -1.4772925458661984e-05 -1.6613946540767534e-06 1.6476563470172257e-07 6.6898893133094766e-05 0.00096322750784111951 -2.2166388456341208e-05 -1.4808618683985302e-05 -4.4847058372284062e-06 4.0395421942636038e-05 -1.2406273641215564e-05 0.00014483451911879229 -8.8468771633199517e-06 0.0001650627465630144 4.4141387620650449e-06
leaf_weight=88 61 62 208 79 61 70 63 86 78 62 101 95 82 61 100 178 84 225 67 122 257 187 114 109 110 79 319 1292 60 472
leaf_count=88 61 62 208 79 61 70 63 86 78 62 101 95 82 61 100 178 84 225 67 122 257 187 114 109 110 79 319 1292 60 472
internal_value=-0.00200517 -0.00608887 -0.00302005 -0.0115188 -0.00991935 -0.00741611 -0.0126339 -0.00581081 -0.00463855 -0.0109091 -0.000656886 -0.0029646 -0.00466387 -0.00199301 -0.0148758 -0.000429733 -0.000335501 -0.0004 -0.00184931 -0.000228857 0.00111307 -0.000501618 -0.000506769 0.000534591 -0.00113079 -0.0027821 0.00196262 -0.000933952 0.000356037 -0.000119454
internal_weight=5032 1249 798 451 372 298 224 148 166 132 3783 339 238 143 161 3444 3383 500 292 3299 566 309 2733 795 367 257 428 1938 646 586
internal_count=5032 1249 798 451 372 298 224 148 166 132 3783 339 238 143 161 3444 3383 500 292 3299 566 309 2733 795 367 257 428 1938 646 586
is_linear=0
shrinkage=0.05


Tree=41
num_leaves=31
num_cat=0
split_feature=4 0 0 0 5 1 3 6 1 5 2 4 7 1 9 9 9 1 8 5 2 2 2 1 4 1 5 6 0 8
split_gain=11.6315 8.08145 3.46989 2.17328 1.65956 1.15647 1.15082 1.13885 0.88115 0.84558 0.803275 0.796665 2.08845 0.727039 0.495657 0.921781 0.915652 1.40631 0.621349 0.583075 1.15009 0.646726 0.72595 0.532638 0.729071 0.707585 0.647966 0.709698 0.569187 0.640265
threshold=0.0086387150000000017 3.1157800000000004 0.58129700000000006 14.843500000000001 2.7836250000000002 0.00041118550000000006 1.0000000180025095e-35 0.010333100000000001 0.00010215500000000001 1.3952250000000002 30.574300000000004 6.2932500000000013 0.010301200000000002 0.0008204855000000002 857.50000000000011 1127.5000000000002 611.50000000000011 0.0042618900000000008 13.825000000000001 0.089642550000000001 0.11583000000000002 0.42404700000000006 0.63489100000000021 0.0007829295000000002 99.636550000000014 0.00098773600000000013 5.9961900000000012 0.0033602300000000005 0.82927050000000013 9.0916650000000008
decision_type=2 2 2 2 2 2 2 2 2 2 2 2 2 2 2 2 2 2 2 2 2 2 2 2 2 2 2 2 2 2
left_child=1 2 5 4 7 8 13 -3 -1 -7 14 12 -12 -6 16 18 -2 -18 -16 -17 -21 -22 -23 26 25 -25 27 -24 29 -27
right_child=10 3 -4 -5 6 9 -8 -9 -10 -11 11 -13 -14 -15 15 19 17 -19 -20 20 21 22 23 24 -26 28 -28 -29 -30 -31
leaf_value=0 3.4002835445420307e-07 2.2057977294511169e-07 -7.7685723389050014e-08 0 0 0 0 0 0 0 8.2672202373982877e-07 6.9259587751857072e-06 -3.9515856543289696e-05 0 5.3863703116204686e-05 3.8294461639521268e-06 -2.525647679999638e-05 -2.9084087023072222e-06 -3.1975631782696001e-06 -3.0088236411798721e-05 1.2826811247901099e-05 -2.4499165214416638e-05 4.3425621729959154e-07 0.00017750336260128848 0.0002940615484954694 1.16719256667416e-06 -2.2377735830674146e-05 -2.339550767203988e-05 -4.232747389188298e-06 -2.6394849265943054e-05
leaf_weight=88 260 62 500 79 61 70 63 86 78 62 78 71 67 100 262 388 78 122 142 70 237 99 218 82 201 61 96 65 1095 91
leaf_count=88 260 62 500 79 61 70 63 86 78 62 78 71 67 100 262 388 78 122 142 70 237 99 218 82 201 61 96 65 1095 91
internal_value=-0.00198529 -0.00616893 -0.00314536 -0.0115188 -0.00991935 -0.00741611 -0.0126339 -0.00581081 -0.00463855 -0.0109091 -0.000604018 -0.00356481 -0.00568965 -0.0148758 -0.000424726 -0.00019794 -0.00195652 -0.0045 0.0020297 -0.000530891 -0.000831533 -0.000634744 -0.000926295 -0.000709796 -0.000294117 -0.000718585 -0.00238786 -0.00118375 -0.00101443 -0.00388158
internal_weight=5032 1249 798 451 372 298 224 148 166 132 3783 216 145 161 3567 3107 460 200 404 2703 2315 2245 2008 1909 1530 1329 379 283 1247 152
internal_count=5032 1249 798 451 372 298 224 148 166 132 3783 216 145 161 3567 3107 460 200 404 2703 2315 2245 2008 1909 1530 1329 379 283 1247 152
is_linear=0
shrinkage=0.05


Tree=42
num_leaves=31
num_cat=0
split_feature=4 0 0 0 5 1 3 6 1 5 1 7 15 9 9 9 1 7 4 2 2 4 5 1 1 6 5 4 8 4
split_gain=11.0809 8.44835 3.78206 2.17328 1.65956 1.15647 1.15082 1.13885 0.88115 0.84558 0.727039 0.702185 0.677896 0.686349 0.560056 0.533212 0.524098 1.65578 0.974803 0.907186 0.799147 0.549998 0.57465 0.740021 0.761218 0.808064 0.849301 0.595808 0.570218 0.520414
threshold=0.0086387150000000017 3.1157800000000004 0.58129700000000006 14.843500000000001 2.7836250000000002 0.00041118550000000006 1.0000000180025095e-35 0.010333100000000001 0.00010215500000000001 1.3952250000000002 0.0008204855000000002 0.61703500000000011 1.0000000180025095e-35 632.50000000000011 494.00000000000006 1748.5000000000002 0.0037383800000000003 0.0088846100000000029 118.47800000000002 3.8236550000000005 1.1203800000000002 12.461350000000001 0.58041850000000006 0.005842125000000001 0.024580600000000005 0.031213900000000006 4.5742200000000013 0.25676000000000004 22.875000000000004 0.36544750000000009
decision_type=2 2 2 2 2 2 2 2 2 2 2 2 2 2 2 2 2 2 2 2 2 2 2 2 2 2 2 2 2 2
left_child=1 2 5 4 7 8 10 -3 -1 -7 -6 12 13 14 -2 -4 17 18 -15 20 -19 22 28 -24 25 26 -25 -28 -18 -14
right_child=11 3 15 -5 6 9 -8 -9 -10 -11 -12 -13 29 16 -16 -17 21 19 -20 -21 -22 -23 23 24 -26 -27 27 -29 -30 -31
leaf_value=0 -2.397740609145379e-06 2.0955078429785594e-07 7.1185317236936315e-08 0 0 0 0 0 0 0 0 -2.2619999465953323e-05 -7.5695019945565628e-06 1.0953823633223211e-07 -2.1163627218388627e-05 -1.3306891090071693e-06 0.00063081489004726597 -1.6500440583901584e-05 -6.0672668932174566e-06 -2.3945477939623969e-05 -7.2498306363796022e-05 0.00052864915359384322 2.8311770258065643e-06 0.00024653684128961073 3.9951412846683788e-06 -0.00010144085803056728 -9.6688295316532625e-06 -8.4824387862974824e-06 -3.8632195854822552e-05 1.7666415460389073e-05
leaf_weight=88 61 62 208 79 61 70 63 86 78 62 100 65 284 803 83 292 108 92 61 171 67 287 119 78 83 88 73 147 76 1037
leaf_count=88 61 62 208 79 61 70 63 86 78 62 100 65 284 803 83 292 108 92 61 171 67 287 119 78 83 88 73 147 76 1037
internal_value=-0.00196542 -0.00604884 -0.00295739 -0.0115188 -0.00991935 -0.00741611 -0.0126339 -0.00581081 -0.00463855 -0.0109091 -0.0148758 -0.000617235 -0.000527165 -0.00102837 -0.004375 -0.0003 -0.000814469 -0.00153266 -0.000381944 -0.00454545 -0.00726415 -4.72125e-06 -0.000699482 -0.00146258 -0.00235608 -0.00329016 -0.00204698 -0.00363636 0.00173913 0.000382286
internal_weight=5032 1249 798 451 372 298 224 148 166 132 161 3783 3718 2397 144 500 2253 1194 864 330 159 1059 772 588 469 386 298 220 184 1321
internal_count=5032 1249 798 451 372 298 224 148 166 132 161 3783 3718 2397 144 500 2253 1194 864 330 159 1059 772 588 469 386 298 220 184 1321
is_linear=0
shrinkage=0.05


Tree=43
num_leaves=31
num_cat=0
split_feature=4 0 0 0 5 1 3 6 1 5 1 7 10 9 6 1 15 7 1 6 7 4 9 2 2 3 4 1 6 1
split_gain=11.5197 8.20285 3.57246 2.17328 1.65956 1.15647 1.15082 1.13885 0.88115 0.84558 0.727039 0.709409 0.573858 0.873421 0.7093 0.70075 0.420212 0.573475 0.925028 0.859731 0.855615 0.876202 0.829736 0.772063 1.28736 1.27687 0.701018 0.646358 0.756706 0.551684
threshold=0.0086387150000000017 3.1157800000000004 0.58129700000000006 14.843500000000001 2.7836250000000002 0.00041118550000000006 1.0000000180025095e-35 0.010333100000000001 0.00010215500000000001 1.3952250000000002 0.0008204855000000002 0.61703500000000011 14.500000000000002 1251.0000000000002 1.4173350000000002e-05 0.004889870000000001 1.0000000180025095e-35 0.0035958650000000006 0.0037383800000000003 0.044683900000000006 -0.0088949299999999988 0.86636500000000016 2970.5000000000005 3.8236550000000005 1.5816700000000001 2.5000000000000004 12.461350000000001 0.0031983500000000004 0.013120300000000001 0.00066332100000000014
decision_type=2 2 2 2 2 2 2 2 2 2 2 2 2 2 2 2 2 2 2 2 2 2 2 2 2 2 2 2 2 2
left_child=1 2 5 4 7 8 10 -3 -1 -7 -6 12 14 -14 -2 -15 17 19 23 20 21 22 27 24 -19 -25 -20 -16 -29 -18
right_child=11 3 -4 -5 6 9 -8 -9 -10 -11 -12 -13 13 15 16 -17 29 18 26 -21 -22 -23 -24 25 -26 -27 -28 28 -30 -31
leaf_value=0 -4.6482906872346432e-06 1.9907324508296292e-07 -3.3713692133299019e-08 0 0 0 0 0 0 0 0 -2.1488999492655654e-05 -1.0605420677883132e-05 -1.6048403206160262e-05 -1.2977480419332848e-05 8.6130272818296651e-06 -7.1851311568215813e-06 -1.2788072739123691e-05 -1.5291494299504167e-05 0.0010380875584380153 2.7624380275847992e-06 0.0002088077041779045 1.113978716713182e-06 7.0366227871735218e-05 -4.3871375335630252e-05 -6.4513761327017526e-05 0.00053561127033856151 -1.2125386216501269e-06 -1.3787457893815455e-05 5.548053638454895e-05
leaf_weight=88 61 62 500 79 61 70 63 86 78 62 100 65 107 116 60 88 242 208 378 87 477 103 71 170 75 69 258 102 70 976
leaf_count=88 61 62 500 79 61 70 63 86 78 62 100 65 107 116 60 88 242 208 378 87 477 103 71 170 75 69 258 102 70 976
internal_value=-0.00196542 -0.0061289 -0.00308271 -0.0115188 -0.00991935 -0.00741611 -0.0126339 -0.00581081 -0.00463855 -0.0109091 -0.0148758 -0.000590801 -0.000500269 -0.00255627 -0.000312592 -0.000637255 -0.000215182 -0.000639098 -0.00139033 0.000257732 -0.000209513 -0.00189655 -0.00325082 -0.00295019 -0.00471731 -0.00085774 -0.000110063 -0.00469828 -0.00313953 0.000525452
internal_weight=5032 1249 798 451 372 298 224 148 166 132 161 3783 3718 311 3407 204 3346 2128 1158 970 883 406 303 522 283 239 636 232 172 1218
internal_count=5032 1249 798 451 372 298 224 148 166 132 161 3783 3718 311 3407 204 3346 2128 1158 970 883 406 303 522 283 239 636 232 172 1218
is_linear=0
shrinkage=0.05


Tree=44
num_leaves=31
num_cat=0
split_feature=4 0 0 0 5 1 3 6 1 5 1 10 0 9 8 6 0 8 11 2 2 3 11 7 0 9 9 7 11 7
split_gain=11.5747 8.20285 3.57246 2.17328 1.65956 1.15647 1.15082 1.13885 0.88115 0.84558 0.727039 0.651883 0.983963 1.21503 0.942857 0.693568 0.484018 0.599265 0.823176 0.558803 0.55699 0.540313 0.852494 0.721187 0.783411 0.922524 0.550108 0.498945 0.48161 0.534727
threshold=0.0086387150000000017 3.1157800000000004 0.58129700000000006 14.843500000000001 2.7836250000000002 0.00041118550000000006 1.0000000180025095e-35 0.010333100000000001 0.00010215500000000001 1.3952250000000002 0.0008204855000000002 14.500000000000002 2.2730900000000003 1436.5000000000002 25.141650000000002 1.4173350000000002e-05 12.860800000000003 24.741650000000003 12.500000000000002 28.627000000000006 16.280600000000003 1.5000000000000002 3.5000000000000004 0.015466700000000002 0.60757950000000005 1684.5000000000002 1153.5000000000002 1.4578050000000002e-05 1.0000000180025095e-35 0.0043831250000000007
decision_type=2 2 2 2 2 2 2 2 2 2 2 2 2 2 2 2 2 2 2 2 2 2 2 2 2 2 2 2 2 2
left_child=1 2 5 4 7 8 10 -3 -1 -7 -6 15 -13 -14 -15 -2 19 18 -18 20 21 22 -17 24 -24 26 -26 -27 -23 -30
right_child=11 3 -4 -5 6 9 -8 -9 -10 -11 -12 12 13 14 -16 16 17 -19 -20 -21 -22 28 23 -25 25 27 -28 -29 29 -31
leaf_value=0 -4.4158761528729109e-06 1.8911958282881484e-07 -3.2028007526634066e-08 0 0 0 0 0 0 0 0 5.4818745968856481e-06 -2.1952811435363847e-05 2.5253174903839899e-05 -2.2477049466834137e-05 1.0461101782965459e-05 6.6420756288533201e-07 -3.9069670230638938e-06 -4.2646051073620103e-05 -5.6690182903170676e-06 2.5009946969771025e-05 -2.0338318038895584e-05 2.8226030750925864e-05 9.909610100551137e-06 -1.1435157898262785e-05 -1.7306661245578404e-05 3.7091319234518948e-05 -1.5280041452233742e-05 1.031698291693278e-05 -5.3987303631381365e-06
leaf_weight=88 61 62 500 79 61 70 63 86 78 62 100 84 90 105 60 169 66 167 82 89 191 206 75 164 61 101 63 68 911 970
leaf_count=88 61 62 500 79 61 70 63 86 78 62 100 84 90 105 60 169 66 167 82 89 191 206 75 164 61 101 63 68 911 970
internal_value=-0.00195548 -0.0061289 -0.00308271 -0.0115188 -0.00991935 -0.00741611 -0.0126339 -0.00581081 -0.00463855 -0.0109091 -0.0148758 -0.000577584 -0.00266962 -0.00421569 -0.00166667 -0.000371661 -0.000276382 -0.00214286 -0.00445946 -8.47456e-05 3.18901e-05 -0.000147059 -0.00134807 -0.00233083 -0.00355978 -0.00472696 -0.00145161 -0.00713018 0.000256349 0.000507709
internal_weight=5032 1249 798 451 372 298 224 148 166 132 161 3783 339 255 165 3444 3383 315 148 3068 2979 2788 701 532 368 293 124 169 2087 1881
internal_count=5032 1249 798 451 372 298 224 148 166 132 161 3783 339 255 165 3444 3383 315 148 3068 2979 2788 701 532 368 293 124 169 2087 1881
is_linear=0
shrinkage=0.05


Tree=45
num_leaves=31
num_cat=0
split_feature=4 0 0 0 5 1 3 6 1 5 1 2 1 0 4 2 8 7 9 15 9 2 1 6 8 4 5 10 7 9
split_gain=11.0255 8.57246 3.8891 2.17328 1.65956 1.15647 1.15082 1.13885 0.88115 0.84558 0.727039 0.564212 0.488789 0.779622 0.515271 0.831672 0.650317 0.622348 0.479513 0.434342 0.743445 0.731739 0.708434 0.796128 0.600789 0.510821 0.509094 0.718876 0.601531 0.477299
threshold=0.0086387150000000017 3.1157800000000004 0.58129700000000006 14.843500000000001 2.7836250000000002 0.00041118550000000006 1.0000000180025095e-35 0.010333100000000001 0.00010215500000000001 1.3952250000000002 0.0008204855000000002 49.503750000000004 0.00011059550000000002 0.32657050000000004 0.10881300000000001 2.9618650000000004 13.591650000000001 0.0030743300000000006 1748.5000000000002 1.0000000180025095e-35 632.50000000000011 18.825600000000005 0.00066332100000000014 0.11856900000000002 22.016650000000002 1.6788600000000002 0.77939550000000002 13.500000000000002 0.0019742500000000007 2132.5000000000005
decision_type=2 2 2 2 2 2 2 2 2 2 2 2 2 2 2 2 2 2 2 2 2 2 2 2 2 2 2 2 2 2
left_child=1 2 5 4 7 8 10 -3 -1 -7 -6 12 13 -2 15 17 -17 -14 -4 20 -16 26 29 24 -24 -23 28 -28 -22 -21
right_child=11 3 18 -5 6 9 -8 -9 -10 -11 -12 -13 14 -15 19 16 -18 -19 -20 22 21 25 23 -25 -26 -27 27 -29 -30 -31
leaf_value=0 2.2574143165519393e-08 1.7966360368737439e-07 7.0913136358086141e-08 0 0 0 0 0 0 0 0 -1.3052408516652661e-05 3.3116304210821091e-05 -3.8702566990921968e-06 -1.4899307954509638e-05 -8.1164704586001503e-06 -1.1838549029097844e-06 -1.5661179442222398e-05 -1.2608675685738142e-06 -1.081993339140796e-06 7.1468844592858298e-05 -3.9719103974969766e-06 0.00017182470545893159 -1.8666729343891654e-05 -8.3659836220634624e-06 0.00043701975384713025 -8.2835970833259428e-06 -2.6327538147897477e-05 -6.7186730151386032e-06 -2.7722153384337553e-05
leaf_weight=88 81 62 208 79 61 70 63 86 78 62 100 96 202 70 123 114 83 71 292 114 237 81 683 66 186 120 1051 72 267 66
leaf_count=88 81 62 208 79 61 70 63 86 78 62 100 96 202 70 123 114 83 71 292 114 237 81 683 66 186 120 1051 72 267 66
internal_value=-0.00193561 -0.00600881 -0.00289474 -0.0115188 -0.00991935 -0.00741611 -0.0126339 -0.00581081 -0.00463855 -0.0109091 -0.0148758 -0.000590801 -0.00049227 -0.00327815 -0.000373303 -0.00191489 -0.00439086 -0.000128205 -0.0002 -0.000136986 -0.000586878 -0.000333698 0.000650224 0.00120321 0.00160529 0.00251244 -0.00068531 -0.00127783 0.000634921 -0.00222222
internal_weight=5032 1249 798 451 372 298 224 148 166 132 161 3783 3687 151 3536 470 197 273 500 3066 1951 1828 1115 935 869 201 1627 1123 504 180
internal_count=5032 1249 798 451 372 298 224 148 166 132 161 3783 3687 151 3536 470 197 273 500 3066 1951 1828 1115 935 869 201 1627 1123 504 180
is_linear=0
shrinkage=0.05


Tree=46
num_leaves=31
num_cat=0
split_feature=4 0 0 0 5 1 3 6 1 5 1 6 5 7 4 11 2 8 8 4 7 4 9 9 1 10 8 12 4 8
split_gain=11.8519 8.20285 3.57246 2.17328 1.65956 1.15647 1.15082 1.13885 0.88115 0.84558 0.727039 0.616624 0.618082 1.01855 0.462627 0.681823 0.563115 0.846589 0.920302 0.478936 0.8589 0.469819 0.803116 0.715832 0.625637 0.791853 0.469125 0.44712 0.765905 0.649351
threshold=0.0086387150000000017 3.1157800000000004 0.58129700000000006 14.843500000000001 2.7836250000000002 0.00041118550000000006 1.0000000180025095e-35 0.010333100000000001 0.00010215500000000001 1.3952250000000002 0.0008204855000000002 2.3993700000000004e-05 21.174900000000004 0.027086750000000003 46.566150000000007 17.500000000000004 2.6248600000000004 7.408335000000001 7.8500000000000005 0.24543300000000004 -0.00029539399999999993 1.3651900000000003 1302.5000000000002 1929.5000000000002 0.009567995000000001 5.5000000000000009 10.858350000000002 4.5000000000000009 1.7238400000000003 11.358350000000002
decision_type=2 2 2 2 2 2 2 2 2 2 2 2 2 2 2 2 2 2 2 2 2 2 2 2 2 2 2 2 2 2
left_child=1 2 5 4 7 8 10 -3 -1 -7 -6 -2 14 -14 16 -16 27 -18 -19 26 -21 23 -23 -22 25 -24 -20 -13 -29 -30
right_child=11 3 -4 -5 6 9 -8 -9 -10 -11 -12 12 13 -15 15 -17 17 18 19 20 21 22 24 -25 -26 -27 -28 28 29 -31
leaf_value=0 -2.3007085286918297e-06 1.7068042350300534e-07 -2.7313409957019172e-08 0 0 0 0 0 0 0 0 3.3278532762822965e-06 2.1904097845965472e-06 -3.0982552006520005e-05 7.0499049328620118e-05 -3.0714092095345718e-05 6.2261251317135674e-05 -1.866168408672867e-05 -7.2206536995327829e-06 4.6739371380614583e-05 -1.8391421136585749e-05 2.4674973768553853e-05 -4.3232268275270997e-06 -5.5030522214665628e-06 0.00066262985036414171 -5.2525775964891845e-05 -7.1995743815807713e-06 1.816573491143651e-06 -7.9517848780099785e-05 -1.1964428438141486e-06
leaf_weight=88 75 62 500 79 61 70 63 86 78 62 100 1124 64 81 462 114 198 63 72 257 79 116 142 70 89 77 178 368 77 77
leaf_count=88 75 62 500 79 61 70 63 86 78 62 100 1124 64 81 462 114 198 63 72 257 79 116 142 70 89 77 178 368 77 77
internal_value=-0.0019058 -0.0061289 -0.00308271 -0.0115188 -0.00991935 -0.00741611 -0.0126339 -0.00581081 -0.00463855 -0.0109091 -0.0148758 -0.000511499 -0.000420712 -0.00362069 -0.000290485 0.00100694 -0.000540676 -0.00130127 -0.00182415 -0.00148148 -0.000903614 -0.0019808 -0.00113208 -0.00439597 -0.00246753 -0.00390411 -0.0034 7.89795e-05 -0.00113027 -0.00409091
internal_weight=5032 1249 798 451 372 298 224 148 166 132 161 3783 3708 145 3563 576 2987 1341 1143 1080 830 573 424 149 308 219 250 1646 522 154
internal_count=5032 1249 798 451 372 298 224 148 166 132 161 3783 3708 145 3563 576 2987 1341 1143 1080 830 573 424 149 308 219 250 1646 522 154
is_linear=0
shrinkage=0.05


Tree=47
num_leaves=31
num_cat=0
split_feature=4 0 0 0 5 1 3 6 1 5 1 1 4 7 6 3 4 15 7 1 6 6 6 4 0 1 8 8 6 8
split_gain=11.8519 8.20285 3.57246 2.17328 1.65956 1.15647 1.15082 1.13885 0.88115 0.84558 0.772566 0.727039 0.635437 1.07499 1.85389 0.825677 0.812503 1.13563 0.702381 0.671527 0.584299 0.898217 1.01529 0.542291 0.505952 0.502713 0.497399 0.462583 0.498103 0.459711
threshold=0.0086387150000000017 3.1157800000000004 0.58129700000000006 14.843500000000001 2.7836250000000002 0.00041118550000000006 1.0000000180025095e-35 0.010333100000000001 0.00010215500000000001 1.3952250000000002 5.3032550000000008e-05 0.0008204855000000002 13.336650000000001 0.03706845000000001 0.0072127150000000006 6.5000000000000009 2.0444900000000001 1.0000000180025095e-35 0.093710000000000016 0.0047976500000000014 0.011379850000000002 0.038487400000000005 0.024912200000000006 0.11576900000000001 12.860800000000003 0.0020180700000000003 23.283350000000002 9.0916650000000008 0.0038532000000000006 14.108350000000002
decision_type=2 2 2 2 2 2 2 2 2 2 2 2 2 2 2 2 2 2 2 2 2 2 2 2 2 2 2 2 2 2
left_child=1 2 5 4 7 8 11 -3 -1 -7 -2 -6 13 15 -15 20 17 18 -16 -14 -12 22 23 -22 -21 -25 -18 -17 -29 -20
right_child=10 3 -4 -5 6 9 -8 -9 -10 -11 12 -13 19 14 16 27 26 -19 29 24 21 -23 -24 25 -26 -27 -28 28 -30 -31
leaf_value=0 -2.3014045866679012e-06 1.621464023278552e-07 -2.5947739459168214e-08 0 0 0 0 0 0 0 -3.3299396044764287e-07 0 -1.8501385561437279e-06 -3.6349190057468509e-05 -2.7381758997378864e-05 0.00021812281242064037 0.00072971124846090752 -2.4328131173876677e-05 3.1809906515801898e-06 0.00092261356010040938 -1.2214770415208248e-05 0.00011453538281739299 -3.4059550194655413e-05 -3.4439869893859257e-05 -0.00010182751126144439 2.7924504734119523e-05 -0.00012929945260381002 -8.0996603531335366e-06 2.9370239267374473e-05 -1.2024468797068106e-05
leaf_weight=88 102 62 500 79 61 70 63 86 78 62 1149 100 617 68 63 142 175 67 74 280 69 158 86 73 60 112 67 111 238 72
leaf_count=88 102 62 500 79 61 70 63 86 78 62 1149 100 617 68 63 142 175 67 74 280 69 158 86 73 60 112 67 111 238 72
internal_value=-0.0019058 -0.0061289 -0.00308271 -0.0115188 -0.00991935 -0.00741611 -0.0126339 -0.00581081 -0.00463855 -0.0109091 -0.000511499 -0.0148758 -0.000392556 -0.000781938 -0.00267918 -0.000261927 -0.00166023 -0.00351449 -0.00169856 0.000715779 -0.000798421 -0.00222892 -0.00367647 -0.00208661 0.0025 -0.000675675 0.000454546 0.00153768 0.000558739 0.00020548
internal_weight=5032 1249 798 451 372 298 224 148 166 132 3783 161 3681 2724 586 2138 518 276 209 957 1647 498 340 254 340 185 242 491 349 146
internal_count=5032 1249 798 451 372 298 224 148 166 132 3783 161 3681 2724 586 2138 518 276 209 957 1647 498 340 254 340 185 242 491 349 146
is_linear=0
shrinkage=0.05


Tree=48
num_leaves=31
num_cat=0
split_feature=4 0 0 0 5 1 3 6 1 5 1 1 4 4 5 7 2 7 5 7 3 4 6 10 7 7 1 7 0 5
split_gain=11.1333 8.57246 3.8891 2.17328 1.65956 1.15647 1.15082 1.13885 0.88115 0.84558 0.727039 0.638315 0.834042 0.741021 1.51075 0.979367 0.893469 1.05398 0.928264 0.506606 0.500162 0.871428 0.554181 0.499142 0.974964 0.485148 0.7523 0.640029 0.745846 0.483798
threshold=0.0086387150000000017 3.1157800000000004 0.58129700000000006 14.843500000000001 2.7836250000000002 0.00041118550000000006 1.0000000180025095e-35 0.010333100000000001 0.00010215500000000001 1.3952250000000002 0.0008204855000000002 0.00010215500000000001 2.3052350000000001 4.3473900000000016 9.9791500000000024 0.29425900000000005 21.739100000000004 0.027086750000000003 19.187150000000006 0.045557500000000008 1.5000000000000002 1.4956500000000001 0.019238450000000001 1.5000000000000002 -0.0041789049999999993 0.0054193900000000005 0.0019823950000000001 0.03706845000000001 3.0752350000000006 0.019536600000000005
decision_type=2 2 2 2 2 2 2 2 2 2 2 2 2 2 2 2 2 2 2 2 2 2 2 2 2 2 2 2 2 2
left_child=1 2 5 4 7 8 10 -3 -1 -7 -6 12 -2 14 15 20 -16 18 -18 -15 21 22 23 -13 -25 29 -27 -28 -29 -22
right_child=11 3 -4 -5 6 9 -8 -9 -10 -11 -12 13 -14 19 16 -17 17 -19 -20 -21 25 -23 -24 24 -26 26 27 28 -30 -31
leaf_value=0 -2.9876998473476624e-08 1.5403908221146228e-07 -2.4650352486209805e-08 0 0 0 0 0 0 0 0 1.2512791478494786e-06 -4.6685949432879747e-06 -1.9712218305439701e-06 -2.55561987470578e-05 -2.9782052952067685e-05 -1.659067751203604e-06 -2.1283926270421837e-05 4.3610123748912231e-06 0.00053616804090979785 0.00011349042417533342 4.237528133906578e-05 -2.038057856443644e-05 1.0668039505748093e-05 -1.8705477242784752e-05 -2.0252093229145702e-05 0.00020175415991170295 0.00018096621914668221 -2.1770901212350721e-05 3.0296847992398721e-06
leaf_weight=88 81 62 500 79 61 70 63 86 78 62 100 119 60 801 61 71 91 69 61 485 137 78 84 81 98 134 147 96 148 881
leaf_count=88 81 62 500 79 61 70 63 86 78 62 100 119 60 801 61 71 91 69 61 485 137 78 84 81 98 134 147 96 148 881
internal_value=-0.00191574 -0.00600881 -0.00289474 -0.0115188 -0.00991935 -0.00741611 -0.0126339 -0.00581081 -0.00463855 -0.0109091 -0.0148758 -0.000564367 -0.00386525 -0.000436573 -0.000963497 -0.000496625 -0.00439716 -0.00291855 -0.000592105 0.000528772 -0.000292062 -0.00173913 -0.00272251 -0.00171141 -0.00337989 0.000139339 -0.00109524 1.27879e-05 -0.00155738 0.000776032
internal_weight=5032 1249 798 451 372 298 224 148 166 132 161 3783 141 3642 2356 2074 282 221 152 1286 2003 460 382 298 179 1543 525 391 244 1018
internal_count=5032 1249 798 451 372 298 224 148 166 132 161 3783 141 3642 2356 2074 282 221 152 1286 2003 460 382 298 179 1543 525 391 244 1018
is_linear=0
shrinkage=0.05


Tree=49
num_leaves=31
num_cat=0
split_feature=4 0 0 0 5 1 3 6 1 5 1 1 4 7 6 4 2 1 4 0 4 4 12 7 6 9 11 7 6 9
split_gain=11.1333 8.57246 3.8891 2.17328 1.65956 1.15647 1.15082 1.13885 0.88115 0.84558 0.727039 0.625064 0.697932 1.70056 1.23996 0.677194 1.02933 0.755362 0.807031 0.73882 0.560928 1.11353 1.51444 0.498309 0.503409 0.479513 0.474422 0.460437 0.473102 0.633731
threshold=0.0086387150000000017 3.1157800000000004 0.58129700000000006 14.843500000000001 2.7836250000000002 0.00041118550000000006 1.0000000180025095e-35 0.010333100000000001 0.00010215500000000001 1.3952250000000002 0.0008204855000000002 7.006900000000001e-05 4.3473900000000016 0.03706845000000001 0.0078729150000000012 0.38265000000000005 2.9618650000000004 0.0014744600000000001 1.2741100000000001 4.0393850000000011 0.72335200000000011 2.0444900000000001 4.5000000000000009 0.005619980000000001 0.014564550000000001 1748.5000000000002 6.5000000000000009 0.045557500000000008 0.016656050000000002 1302.5000000000002
decision_type=2 2 2 2 2 2 2 2 2 2 2 2 2 2 2 2 2 2 2 2 2 2 2 2 2 2 2 2 2 2
left_child=1 2 5 4 7 8 10 -3 -1 -7 -6 -2 13 15 -15 16 23 18 -17 26 -16 22 -22 24 -13 -4 -18 28 29 -14
right_child=11 3 25 -5 6 9 -8 -9 -10 -11 -12 12 27 14 20 17 19 -19 -20 -21 21 -23 -24 -25 -26 -27 -28 -29 -30 -31
leaf_value=0 -3.062545307502299e-06 1.4633712810088971e-07 7.1263054635301688e-08 0 0 0 0 0 0 0 0 5.0125381447716077e-05 0.00013113141465872827 -3.9402188135592601e-05 1.9847635105399767e-06 8.2789766818373914e-06 -4.689920518566482e-06 0.00011766936926887549 -9.4863151787384365e-06 -1.6499834004588454e-06 -2.8342293936995262e-05 0.00026865344037001101 2.0904011360517027e-06 -1.4179739422936074e-05 -2.0235672542871114e-05 -1.1939286150500038e-06 -8.3507152594913883e-06 0.00050935963886430805 -7.6165627703483863e-05 -6.9682366606206499e-06
leaf_weight=88 114 62 208 79 61 70 63 86 78 62 100 272 179 62 85 271 62 614 195 199 117 107 68 68 144 292 110 485 93 538
leaf_count=88 114 62 208 79 61 70 63 86 78 62 100 272 179 62 85 271 62 614 195 199 117 107 68 68 144 292 110 485 93 538
internal_value=-0.00191574 -0.00600881 -0.00289474 -0.0115188 -0.00991935 -0.00741611 -0.0126339 -0.00581081 -0.00463855 -0.0109091 -0.0148758 -0.000564367 -0.000451076 -0.000960404 -0.00376993 -0.000322997 -0.00137427 0.000509259 -0.00100858 -0.00335579 -0.00269231 -0.00373288 -0.00608108 0.000144628 0.000793269 -0.0002 -0.00575581 0.000482626 -0.000246913 0.000188285
internal_weight=5032 1249 798 451 372 298 224 148 166 132 161 3783 3669 2374 439 1935 855 1080 466 371 377 292 185 484 416 500 172 1295 810 717
internal_count=5032 1249 798 451 372 298 224 148 166 132 161 3783 3669 2374 439 1935 855 1080 466 371 377 292 185 484 416 500 172 1295 810 717
is_linear=0
shrinkage=0.05


Tree=50
num_leaves=31
num_cat=0
split_feature=4 0 0 0 5 1 3 6 1 5 1 4 7 6 6 5 15 4 4 12 3 9 4 2 0 1 4 1 8 0
split_gain=11.41 8.20285 3.57246 2.17328 1.65956 1.15647 1.15082 1.13885 0.88115 0.84558 0.727039 0.605538 1.3626 1.09812 1.01056 0.58815 0.622523 0.58772 1.13528 1.51444 0.563071 0.680341 1.04862 1.42301 1.80797 0.763214 1.04451 0.652141 0.721236 0.705609
threshold=0.0086387150000000017 3.1157800000000004 0.58129700000000006 14.843500000000001 2.7836250000000002 0.00041118550000000006 1.0000000180025095e-35 0.010333100000000001 0.00010215500000000001 1.3952250000000002 0.0008204855000000002 4.3473900000000016 0.03706845000000001 0.00055546050000000009 0.0078729150000000012 9.6344500000000028 1.0000000180025095e-35 0.72335200000000011 2.0444900000000001 4.5000000000000009 2.5000000000000004 2799.5000000000005 0.39523900000000006 0.42404700000000006 3.9977850000000008 0.0024799100000000005 1.6788600000000002 0.009167525000000001 7.408335000000001 1.0615350000000003
decision_type=2 2 2 2 2 2 2 2 2 2 2 2 2 2 2 2 2 2 2 2 2 2 2 2 2 2 2 2 2 2
left_child=1 2 5 4 7 8 10 -3 -1 -7 -6 12 20 -13 -14 16 -15 -16 19 -19 27 22 23 -22 -25 26 -24 28 -2 -30
right_child=11 3 -4 -5 6 9 -8 -9 -10 -11 -12 13 14 15 17 -17 -18 18 -20 -21 21 -23 25 24 -26 -27 -28 -29 29 -31
leaf_value=0 4.6605575522593462e-05 1.3902027169584526e-07 -2.0655076283036271e-08 0 0 0 0 0 0 0 0 -6.4756874503974242e-06 -3.7432078728812969e-05 -1.4443075839690477e-05 1.8879591300012887e-06 0.0005597966741963024 6.0158046724409263e-05 -2.6925179240145499e-05 0.00027102222108199412 1.9858810792491175e-06 1.7413701263818022e-05 1.9142824304649807e-05 7.155012955353304e-06 -2.7032537408049368e-05 -1.5896477676405997e-06 0.00057136886145032855 -1.1741689808391822e-05 -2.0679250319319522e-05 8.9661325051815828e-06 -5.7726787348054207e-06
leaf_weight=88 109 62 500 79 61 70 63 86 78 62 100 110 62 668 87 163 393 117 108 68 180 292 230 75 107 218 87 90 166 453
leaf_count=88 109 62 500 79 61 70 63 86 78 62 100 110 62 668 87 163 393 117 108 68 180 292 230 75 107 218 87 90 166 453
internal_value=-0.00198529 -0.0061289 -0.00308271 -0.0115188 -0.00991935 -0.00741611 -0.0126339 -0.00581081 -0.00463855 -0.0109091 -0.0148758 -0.000617235 -0.00108412 0.00023988 -0.00359728 0.000669935 0.000240339 -0.00263158 -0.00370307 -0.00608108 -0.000530643 0.000164004 -0.000518394 -0.00259668 -0.00571429 0.000887851 -0.000678233 -0.00154034 -0.00104396 -0.00170436
internal_weight=5032 1249 798 451 372 298 224 148 166 132 161 3783 2449 1334 442 1224 1061 380 293 185 2007 1189 897 362 182 535 317 818 728 619
internal_count=5032 1249 798 451 372 298 224 148 166 132 161 3783 2449 1334 442 1224 1061 380 293 185 2007 1189 897 362 182 535 317 818 728 619
is_linear=0
shrinkage=0.05


Tree=51
num_leaves=31
num_cat=0
split_feature=4 0 0 0 5 1 3 6 1 1 5 1 4 7 9 0 8 6 3 5 8 1 4 1 4 8 12 0 5 0
split_gain=11.3008 8.20285 3.57246 2.17328 1.65956 1.15647 1.15082 1.13885 0.928563 0.88115 0.84558 0.727039 0.721906 1.24575 0.833134 0.936089 1.13143 1.12426 0.644046 0.715929 0.649623 0.871866 0.534815 0.531294 0.594885 0.45096 0.467725 0.938658 0.426228 0.736279
threshold=0.0086387150000000017 3.1157800000000004 0.58129700000000006 14.843500000000001 2.7836250000000002 0.00041118550000000006 1.0000000180025095e-35 0.010333100000000001 7.006900000000001e-05 0.00010215500000000001 1.3952250000000002 0.0008204855000000002 4.3473900000000016 0.03706845000000001 2750.5000000000005 5.0750450000000003 15.050000000000002 0.024912200000000006 2.5000000000000004 9.9791500000000024 31.675000000000001 0.009167525000000001 0.27872300000000005 0.0024799100000000005 1.6575900000000001 7.408335000000001 5.5000000000000009 2.4001550000000003 9.6344500000000028 15.900200000000002
decision_type=2 2 2 2 2 2 2 2 2 2 2 2 2 2 2 2 2 2 2 2 2 2 2 2 2 2 2 2 2 2
left_child=1 2 5 4 7 9 11 -3 -2 -1 -7 -6 13 18 15 17 -17 -15 20 23 21 25 -21 24 -20 -10 -27 -28 29 -14
right_child=8 3 -4 -5 6 10 -8 -9 12 -11 -12 -13 28 14 -16 16 -18 -19 19 22 -22 -23 -24 -25 -26 26 27 -29 -30 -31
leaf_value=0 -2.8009318633185346e-06 1.320692581110525e-07 -1.9622322468884457e-08 0 0 0 0 0 0.00010132448817931291 0 0 0 2.4869447138901666e-06 -2.465226877866241e-05 6.2422458099160938e-06 -4.9025293957448529e-06 -8.4713245500584692e-05 7.8759526106573623e-06 2.1351651242401423e-06 -4.5004676359080659e-06 -1.9384147893397869e-05 -1.9221375629822736e-05 3.8769018497667084e-07 0.00028487479344513269 -8.7438383194290313e-06 -6.0661247431386846e-07 3.4677567907721785e-05 -1.2795505328098792e-05 0.00017677850190685342 -0.0001841485630470711
leaf_weight=88 114 62 500 79 61 70 63 86 102 78 62 100 1027 94 94 66 86 99 468 60 72 82 75 439 111 393 67 66 190 78
leaf_count=88 114 62 500 79 61 70 63 86 102 78 62 100 1027 94 94 66 86 99 468 60 72 82 75 439 111 393 67 66 190 78
internal_value=-0.00200517 -0.0061289 -0.00308271 -0.0115188 -0.00991935 -0.00741611 -0.0126339 -0.00581081 -0.000643669 -0.00463855 -0.0109091 -0.0148758 -0.000505587 -0.00102359 -0.00342825 -0.00456522 -0.0075 -0.00225389 -0.000478036 0.000273201 -0.00158568 -0.00112676 -0.00314815 0.000726916 -0.000267703 -0.00049363 -0.00108365 -0.00364662 0.000444016 6.78735e-05
internal_weight=5032 1249 798 451 372 298 224 148 3783 166 132 161 3669 2374 439 345 152 193 1935 1153 782 710 135 1018 579 628 526 133 1295 1105
internal_count=5032 1249 798 451 372 298 224 148 3783 166 132 161 3669 2374 439 345 152 193 1935 1153 782 710 135 1018 579 628 526 133 1295 1105
is_linear=0
shrinkage=0.05


Tree=52
num_leaves=31
num_cat=0
split_feature=4 0 0 0 5 1 3 6 1 1 5 1 4 7 5 0 1 12 3 1 5 4 2 4 2 1 15 7 4 1
split_gain=11.4648 8.20285 3.57246 2.17328 1.65956 1.15647 1.15082 1.13885 0.945207 0.88115 0.84558 0.727039 0.553504 0.830313 1.20184 0.685431 0.587001 1.04082 0.549606 0.805921 0.602069 1.02136 0.57198 0.899816 0.859881 0.511494 0.57526 0.470114 0.454833 0.45104
threshold=0.0086387150000000017 3.1157800000000004 0.58129700000000006 14.843500000000001 2.7836250000000002 0.00041118550000000006 1.0000000180025095e-35 0.010333100000000001 7.006900000000001e-05 0.00010215500000000001 1.3952250000000002 0.0008204855000000002 4.3473900000000016 0.004629465000000001 17.124650000000006 0.13728400000000004 0.017402800000000003 3.5000000000000004 2.5000000000000004 0.009167525000000001 0.025837000000000002 0.10881300000000001 1.1603250000000003 0.28814550000000005 0.36611800000000005 0.0026562650000000001 1.0000000180025095e-35 0.045557500000000008 1.1654100000000003 0.0013358100000000002
decision_type=2 2 2 2 2 2 2 2 2 2 2 2 2 2 2 2 2 2 2 2 2 2 2 2 2 2 2 2 2 2
left_child=1 2 5 4 7 9 11 -3 -2 -1 -7 -6 13 18 15 -15 25 -18 19 -10 -20 -22 24 -24 28 26 29 -14 -23 -17
right_child=8 3 -4 -5 6 10 -8 -9 12 -11 -12 -13 27 14 -16 16 17 -19 20 -21 21 22 23 -25 -26 -27 -28 -29 -30 -31
leaf_value=0 -2.6608852701526069e-06 1.2546579520549995e-07 -1.8641206345440236e-08 0 0 0 0 0 -1.3876862528899231e-06 0 0 0 -6.0605689520426361e-07 -1.9656455240336702e-05 -2.2864737463196833e-05 -1.6016836560125037e-06 -3.2676985096766729e-05 2.2377667639488258e-06 0.00013529761535877735 -1.82603068483316e-05 -1.5291845029540235e-05 7.2562711103384863e-05 -8.0652383872847283e-06 0.00018279304121793434 -5.9957621198112029e-05 3.4883046111286385e-06 1.8419343607763239e-05 0.0004836677664800511 -8.1774124679481579e-06 -1.5146206411834995e-05
leaf_weight=88 114 62 500 79 61 70 63 86 531 78 62 100 810 65 66 73 66 64 125 82 105 142 90 274 91 350 96 485 67 87
leaf_count=88 114 62 500 79 61 70 63 86 531 78 62 100 810 65 66 73 66 64 125 82 105 142 90 274 91 350 96 485 67 87
internal_value=-0.00197536 -0.0061289 -0.00308271 -0.0115188 -0.00991935 -0.00741611 -0.0126339 -0.00581081 -0.000604018 -0.00463855 -0.0109091 -0.0148758 -0.000464704 -0.000918281 -0.0021511 -0.00161673 -0.00118207 -0.00423077 -0.000209024 -0.00136215 0.000581656 5.85177e-05 0.000783133 0.00211538 -0.000833333 -0.000528053 -0.00222656 0.000366796 0.000933015 -0.0040625
internal_weight=5032 1249 798 451 372 298 224 148 3783 166 132 161 3669 2374 867 801 736 130 1507 613 894 769 664 364 300 606 256 1295 209 160
internal_count=5032 1249 798 451 372 298 224 148 3783 166 132 161 3669 2374 867 801 736 130 1507 613 894 769 664 364 300 606 256 1295 209 160
is_linear=0
shrinkage=0.05


end of trees

feature_importances:
atrPct=264
buySellRatio10m=201
atrPctZ=178
vol10m=172
absorption=138
dispFromBaseline=110
dormancyHours=108
rvol=105
hourUtc=85
uniqueBuyers10m=59
tokenAgeMin=58
tradesInMinute=55
chainId=32
dayOfWeek=24
priorEpisodes=1

parameters:
[boosting: gbdt]
[objective: quantile]
[metric: quantile]
[tree_learner: serial]
[device_type: cpu]
[data_sample_strategy: bagging]
[data: ]
[valid: ]
[num_iterations: 600]
[learning_rate: 0.05]
[num_leaves: 31]
[num_threads: 14]
[seed: 0]
[deterministic: 0]
[force_col_wise: 0]
[force_row_wise: 0]
[histogram_pool_size: -1]
[max_depth: -1]
[min_data_in_leaf: 60]
[min_sum_hessian_in_leaf: 0.001]
[bagging_fraction: 1]
[pos_bagging_fraction: 1]
[neg_bagging_fraction: 1]
[bagging_freq: 0]
[bagging_seed: 3]
[bagging_by_query: 0]
[feature_fraction: 1]
[feature_fraction_bynode: 1]
[feature_fraction_seed: 2]
[extra_trees: 0]
[extra_seed: 6]
[early_stopping_round: 0]
[early_stopping_min_delta: 0]
[first_metric_only: 0]
[max_delta_step: 0]
[lambda_l1: 0]
[lambda_l2: 0]
[linear_lambda: 0]
[min_gain_to_split: 0]
[drop_rate: 0.1]
[max_drop: 50]
[skip_drop: 0.5]
[xgboost_dart_mode: 0]
[uniform_drop: 0]
[drop_seed: 4]
[top_rate: 0.2]
[other_rate: 0.1]
[min_data_per_group: 100]
[max_cat_threshold: 32]
[cat_l2: 10]
[cat_smooth: 10]
[max_cat_to_onehot: 4]
[top_k: 20]
[monotone_constraints: ]
[monotone_constraints_method: basic]
[monotone_penalty: 0]
[feature_contri: ]
[forcedsplits_filename: ]
[refit_decay_rate: 0.9]
[cegb_tradeoff: 1]
[cegb_penalty_split: 0]
[cegb_penalty_feature_lazy: ]
[cegb_penalty_feature_coupled: ]
[path_smooth: 0]
[interaction_constraints: ]
[verbosity: -1]
[saved_feature_importance_type: 0]
[use_quantized_grad: 0]
[num_grad_quant_bins: 4]
[quant_train_renew_leaf: 0]
[stochastic_rounding: 1]
[linear_tree: 0]
[max_bin: 255]
[max_bin_by_feature: ]
[min_data_in_bin: 3]
[bin_construct_sample_cnt: 200000]
[data_random_seed: 1]
[is_enable_sparse: 1]
[enable_bundle: 1]
[use_missing: 1]
[zero_as_missing: 0]
[feature_pre_filter: 1]
[pre_partition: 0]
[two_round: 0]
[header: 0]
[label_column: ]
[weight_column: ]
[group_column: ]
[ignore_column: ]
[categorical_feature: ]
[forcedbins_filename: ]
[precise_float_parser: 0]
[parser_config_file: ]
[objective_seed: 5]
[num_class: 1]
[is_unbalance: 0]
[scale_pos_weight: 1]
[sigmoid: 1]
[boost_from_average: 1]
[reg_sqrt: 0]
[alpha: 0.1]
[fair_c: 1]
[poisson_max_delta_step: 0.7]
[tweedie_variance_power: 1.5]
[lambdarank_truncation_level: 30]
[lambdarank_norm: 1]
[label_gain: ]
[lambdarank_position_bias_regularization: 0]
[eval_at: ]
[multi_error_top_k: 1]
[auc_mu_weights: ]
[num_machines: 1]
[local_listen_port: 12400]
[time_out: 120]
[machine_list_filename: ]
[machines: ]
[gpu_platform_id: -1]
[gpu_device_id: -1]
[gpu_device_id_list: ]
[gpu_use_dp: 0]
[num_gpu: 1]

end of parameters

pandas_categorical:[]
