tree
version=v4
num_class=1
num_tree_per_iteration=1
label_index=0
max_feature_idx=15
objective=quantile
feature_names=atrPctZ atrPct rvol uniqueBuyers10m buySellRatio10m vol10m absorption dispFromBaseline dormancyHours tokenAgeMin tradesInMinute hourUtc dayOfWeek priorEpisodes prior2xEpisodes chainId
feature_infos=[-2.33541:7113.1700000000001] [0:2.8510200000000001] [1.92e-07:1486.5] [0:63] [0:3499.8099999999999] [3.1e-07:7368.2600000000002] [0:36.877699999999997] [-0.99085699999999999:239.56999999999999] [6:63.5167] [372:3885] [1:265] [0:23] [0:6] [0:4] [0:2] [0:1]
tree_sizes=2790 2908 2905 2908 2893 2898 2909 2907 2932 2902 2895 2922 2898 2904 2929 2908 2911 2912 2933 2929 2937 2932 2918 2923 2922 2929 2931 2926 2915 2908 2931 2928 2928 2926 2950 2936 2927 2909 2916 2926 2918 2934 2918 2929 2931 2956 2913 2909 2896 2944 2922 2941 2904 2943 2941 2912 2940 2919 2945 2930 2923 2925 2926 2939 2938 2936 2912 2937 2939 2916 2931 2927 2935 2906 2943 2907 2914 2896 2933 2951 2942 2947 2925 2927 2952 2960 2942 2932 2944 2943 2962 2938 2938 2945 2948 2913 2939 2945 2917 2972 2933 2943 2951 2935 2934 2944 2935 2941 2932 2910 2967 2927 2962 2939 2940 2932 2901 2933 2918 2944 2915 2947 2922 2946 2939

Tree=0
num_leaves=31
num_cat=0
split_feature=1 4 1 0 1 9 2 1 7 4 0 0 1 4 7 7 0 9 0 9 11 6 0 4 4 4 0 4 5 12
split_gain=214.492 26.7793 22.4252 10.1576 7.58984 6.63676 6.57604 4.36618 3.89414 3.52799 3.49664 3.42918 4.39824 2.92041 4.37426 2.68307 2.41289 2.36505 2.45628 2.36312 2.18606 2.10752 2.23601 2.03901 2.03896 2.02174 1.93005 1.80271 1.76838 3.3573
threshold=0.0018515550000000002 1.6788600000000002 0.0005391040000000001 1.5992300000000002 0.0038159700000000006 3484.5000000000005 14.370500000000002 0.0033312750000000003 0.0083441700000000014 8.0593750000000011 1.2196950000000002 0.91247250000000013 0.00027126800000000007 0.10881300000000001 -0.0076870999999999988 0.00041023800000000005 4.1424900000000013 2234.5000000000005 0.73121400000000014 1270.5000000000002 12.500000000000002 0.019866700000000004 5.9903050000000011 0.99300400000000011 0.33699250000000008 0.013752450000000001 8.6375250000000019 51.302600000000005 2.5726850000000003 1.5000000000000002
decision_type=2 2 2 2 2 2 2 2 2 2 2 2 2 2 2 2 2 2 2 2 2 2 2 2 2 2 2 2 2 2
left_child=2 4 11 8 10 9 13 27 17 16 -2 12 15 14 28 -1 -5 25 -19 -8 -11 22 -12 -15 26 -4 -21 -3 -6 -30
right_child=1 7 3 5 6 -7 19 -9 -10 20 21 -13 -14 23 -16 -17 -18 18 -20 24 -22 -23 -24 -25 -26 -27 -28 -29 29 -31
leaf_value=0.026634793146513402 0.030023542791604997 0.028840319253504276 0.027343161217868329 0.02733332975767553 0.032879135571420193 0.026841011806391181 0.027011067583225669 0.035398528911173344 0.028966927155852317 0.028004782274365425 0.028360039927065372 0.026726937945932151 0.027261746977455915 0.032123681902885434 0.027439646050333978 0.027076041838154197 0.026952101453207433 0.027756297681480645 0.027064179209992288 0.029269905481487512 0.027237371262162923 0.027549150772392748 0.027254115743562578 0.030089654587209226 0.033147473074495795 0.028113557305186988 0.027024128194898366 0.029899936355650424 0.03327618110924959 0.028010067576542497
leaf_weight=248 124 164 75 408 129 102 76 802 108 97 191 489 152 358 84 79 236 67 82 60 63 72 101 171 62 122 65 71 68 106
leaf_count=248 124 164 75 408 129 102 76 802 108 97 191 489 152 358 84 79 236 67 82 60 63 72 101 171 62 122 65 71 68 106
internal_value=0.0278826 0.037461 0.0167572 0.0208973 0.0335365 0.0178385 0.0357071 0.0437698 0.0270016 0.0193627 0.0282925 0.0109405 0.0139474 0.037708 0.0344072 0.0106808 0.0177118 0.0244144 0.0196612 0.0287382 0.0260076 0.0258222 0.0277114 0.0401227 0.0317596 0.0280095 0.0280826 0.0377763 0.0372061 0.0339171
internal_weight=5032 2704 2328 1360 1667 906 1179 1037 454 804 488 968 479 916 387 327 644 346 149 263 160 364 292 529 187 197 125 235 303 174
internal_count=5032 2704 2328 1360 1667 906 1179 1037 454 804 488 968 479 916 387 327 644 346 149 263 160 364 292 529 187 197 125 235 303 174
is_linear=0
shrinkage=1


Tree=1
num_leaves=31
num_cat=0
split_feature=1 4 1 0 6 9 0 7 5 0 4 0 1 4 4 7 7 4 0 11 0 1 4 9 9 6 7 1 4 6
split_gain=193.654 21.2832 20.697 9.55552 7.01709 6.65067 5.55511 4.85416 4.62022 3.82325 3.80881 3.32205 4.70425 3.30718 3.20429 2.87025 2.47605 3.17806 2.42886 2.20263 2.04829 2.03967 1.85128 1.72594 1.64342 1.92008 1.57415 1.54542 1.51481 1.4502
threshold=0.0018515550000000002 1.4625400000000002 0.0005391040000000001 1.5992300000000002 0.044683900000000006 3543.5000000000005 8.3881900000000016 -0.020216099999999997 2.4171950000000004 5.426470000000001 0.36544750000000009 0.91247250000000013 0.00027126800000000007 3.6180000000000003e-05 8.0593750000000011 0.00028281500000000006 -0.039200299999999993 0.13977850000000003 4.1424900000000013 12.500000000000002 1.0083100000000003 0.0038159700000000006 0.45993550000000005 1889.0000000000002 1477.5000000000002 0.0088678750000000025 0.0018822750000000003 0.0038629100000000002 0.22742700000000002 0.0021381300000000007
decision_type=2 2 2 2 2 2 2 2 2 2 2 2 2 2 2 2 2 2 2 2 2 2 2 2 2 2 2 2 2 2
left_child=2 4 11 10 6 14 7 22 9 -3 20 12 15 -6 18 -1 17 -8 26 -16 -4 -9 24 -13 -2 -26 -5 -10 -23 -12
right_child=1 8 3 5 13 -7 16 21 27 -11 29 23 -14 -15 19 -17 -18 -19 -20 -21 -22 28 -24 -25 25 -27 -28 -29 -30 -31
leaf_value=-0.0011894423339981587 0.00064533273689448833 0.0029035526793450119 -0.00029975449200719595 -0.00057496765395626437 0.00068194516934454445 -0.0010267974680755289 -0.00065262457588687549 -0.00010611400939524174 0.0018572154175490142 6.5951840952038765e-05 -0.0001830100617371499 -0.0010178633895702662 -0.00058984772418625665 0.0046573169156908989 0.00017635356634855271 -0.00077541123842820529 -0.00062681377516128124 0.001524712294340134 -0.00088624020921997722 -0.00061842346098273993 -0.00073980903136543934 -0.00012710884213447578 0.0043148424196988349 -0.0011417261604219676 0.001034896596102044 0.0038990791328251369 -0.00028250596253201373 0.0083816006314009431 0.0016344854235649112 0.00062746139243245128
leaf_weight=243 161 237 144 296 70 90 101 206 180 92 79 210 152 296 98 84 122 61 241 64 70 63 89 279 104 182 117 588 152 161
leaf_count=243 161 237 144 296 70 90 101 206 180 92 79 210 152 296 98 84 122 61 241 64 70 63 89 279 104 182 117 588 152 161
internal_value=-0.000317965 0.00878328 -0.0108892 -0.00691176 0.00511823 -0.00987859 0.00332393 0.00514629 0.0141522 0.00919453 -0.000991189 -0.0164773 -0.0135177 0.0112022 -0.00845588 -0.016896 -0.0028169 0.00123457 -0.0100153 -0.00216049 -0.00584112 0.00112827 0.00830224 -0.0193763 0.00699105 0.00926573 -0.00768765 0.016276 0.00453488 0.00333333
internal_weight=5032 2704 2328 1360 1607 906 1241 957 1097 329 454 968 479 366 816 327 284 162 654 162 214 421 536 489 447 286 413 768 215 240
internal_count=5032 2704 2328 1360 1607 906 1241 957 1097 329 454 968 479 366 816 327 284 162 654 162 214 421 536 489 447 286 413 768 215 240
is_linear=0
shrinkage=0.05


Tree=2
num_leaves=31
num_cat=0
split_feature=1 1 4 0 1 9 3 11 0 0 4 4 0 1 7 1 0 1 0 1 9 1 7 4 2 0 9 1 4 10
split_gain=179.614 20.9337 18.0841 8.88745 8.15577 6.6867 5.68037 5.32032 4.45816 4.33946 3.34387 3.23214 3.21973 4.34819 3.1978 2.98909 2.70675 2.6481 2.61959 2.90959 2.59013 2.36191 2.36181 2.18924 2.1204 2.04641 1.97254 1.85787 1.70376 1.76671
threshold=0.0018515550000000002 0.00051925000000000007 11.933850000000001 1.5992300000000002 0.0038159700000000006 3543.5000000000005 1.5000000000000002 1.0000000180025095e-35 8.6375250000000019 3.3222100000000006 8.0593750000000011 0.019858700000000003 0.91247250000000013 0.00027126800000000007 0.00028281500000000006 0.0069987300000000007 4.1424900000000013 0.0008204855000000002 12.860800000000003 0.012166400000000003 2854.5000000000005 0.00088371550000000004 -0.032796199999999991 0.32524800000000004 2.5184500000000005 2.9522050000000006 1889.0000000000002 0.0022328800000000005 0.39523900000000006 4.5000000000000009
decision_type=2 2 2 2 2 2 2 2 2 2 2 2 2 2 2 2 2 2 2 2 2 2 2 2 2 2 2 2 2 2
left_child=1 12 4 11 9 10 8 -8 22 27 16 -3 13 14 -1 -4 -5 -12 -9 -20 21 -13 25 -24 -23 -6 -14 -2 -11 -30
right_child=2 3 15 5 6 -7 7 18 -10 28 17 20 26 -15 -16 -17 -18 -19 19 -21 -22 24 23 -25 -26 -27 -28 -29 29 -31
leaf_value=-0.0011299702172982507 -8.7416169699281419e-05 -0.00050019319439888936 0.0028621123139746488 -0.00049211245647165936 0.0058587031923234461 -0.00097545759467175237 -0.00025110370246693507 0.0042438918650150306 -0.00064034843118861325 -0.00050190366571769109 -0.00067033081152476364 -0.00010503683076240126 -0.00096697022009175281 -0.00056035533797694375 -0.00073664067650679513 0.011768280894029886 -0.00084539630432846021 0.0001675358880311251 -5.5568304378539328e-05 0.0039642504993826159 -0.00045108020270708937 0.00023425438953563577 -0.00056983798928558836 0.0012168178264982999 0.0019472912796190942 0.0010726021723821758 -0.0010936056948266926 0.0015052235261537135 -0.00038128732098266488 0.00031481034494936459
leaf_weight=243 89 150 313 421 121 94 62 767 111 140 61 117 200 138 84 257 246 106 77 129 63 78 78 67 64 112 263 228 67 86
leaf_count=243 89 150 313 421 121 94 62 767 111 140 61 117 200 138 84 257 246 106 77 129 63 78 78 67 64 112 263 228 67 86
internal_value=-0.000536566 -0.0107174 0.00822855 -0.00685714 0.00611528 -0.00969828 0.00807087 0.0101691 0.00362986 0.00122951 -0.00827338 -0.00127119 -0.0165409 -0.0136022 -0.0167431 0.0161404 -0.00985757 -0.00194611 0.011074 0.00606796 0.0015528 0.00376448 0.00621693 0.0012069 0.00809859 0.00933476 -0.0194924 0.00528391 -0.003157 0.000490196
internal_weight=5032 2328 2704 1400 2134 928 1524 1035 489 610 834 472 928 465 327 570 667 167 973 206 322 259 378 145 142 233 463 317 293 153
internal_count=5032 2328 2704 1400 2134 928 1524 1035 489 610 834 472 928 465 327 570 667 167 973 206 322 259 378 145 142 233 463 317 293 153
is_linear=0
shrinkage=0.05


Tree=3
num_leaves=31
num_cat=0
split_feature=1 1 4 0 1 9 2 1 0 4 7 0 1 8 7 6 0 5 9 4 1 4 7 2 3 15 7 10 13 9
split_gain=167.344 19.4078 17.5171 8.66161 6.53588 6.24553 4.76687 4.4998 3.65619 3.60175 3.47009 3.27243 4.49467 3.03718 3.32515 2.98098 2.70675 2.63069 2.53976 2.78174 2.32652 2.29022 2.22979 2.07124 1.94475 1.92525 1.87431 1.76157 1.79256 1.71958
threshold=0.0018515550000000002 0.00051925000000000007 1.7238400000000003 1.5992300000000002 0.0038159700000000006 3543.5000000000005 11.908500000000002 0.0071385700000000012 1.2196950000000002 8.0593750000000011 0.0076195100000000003 1.2196950000000002 0.00014491050000000003 12.125000000000002 -0.00016695099999999998 0.065560350000000017 4.1424900000000013 0.60739200000000015 1029.5000000000002 0.3143645000000001 0.0008204855000000002 11.933850000000001 -0.029902849999999998 1.2622250000000002 2.5000000000000004 1.0000000180025095e-35 3.6332550000000008e-05 7.5000000000000009 1.0000000180025095e-35 942.50000000000011
decision_type=2 2 2 2 2 2 2 2 2 2 2 2 2 2 2 2 2 2 2 2 2 2 2 2 2 2 2 2 2 2
left_child=1 11 4 10 8 9 13 17 -2 16 25 12 26 14 24 23 -5 -4 -8 -20 -11 -9 -10 -15 -6 -3 -1 28 -19 -16
right_child=2 3 7 5 6 -7 18 21 22 20 -12 -13 -14 15 29 -17 -18 27 19 -21 -22 -23 -24 -25 -26 -27 -28 -29 -30 -31
leaf_value=-0.0011406507830368357 0.0018965119493892417 -0.00058668183334739297 0.00036406900363508601 -0.00046750683364807648 0.0042237633749842643 -0.00092668471493816476 -0.0012859047288075092 0.0062910016466863452 0.00033645300124189809 -0.00063681427094852542 0.00087707333846483387 -0.001010618952085497 -0.00060542965291533626 -0.00025223137321881957 0.00012194734290242177 0.0056683019842952492 -0.00080312648911203726 0.0045409928856184707 -6.4484223956242514e-06 0.0039201909915427676 0.00015915909362956891 0.011247852652217262 -0.00028806736319093032 0.0016687277908436953 0.0045396440589625855 6.4115665131248519e-05 -0.00105619310256443 0.00040223943784367287 0.0011559769351733849 0.0031328711494803432
leaf_weight=167 126 218 70 421 146 94 67 239 114 61 117 401 273 110 69 167 246 227 174 97 106 254 252 215 82 137 87 71 163 61
leaf_count=167 126 218 70 421 146 94 67 239 114 61 117 401 273 110 69 167 246 227 174 97 106 254 252 215 82 137 87 71 163 61
internal_value=-0.000675676 -0.0105026 0.00778476 -0.00678571 0.00464286 -0.00959052 0.00664983 0.0129395 -0.000203252 -0.00821343 -0.00127119 -0.0161099 -0.0135199 0.00864706 0.0121508 0.00609756 -0.00985757 0.00974576 0.00162722 0.00378229 -0.00164671 0.0163793 -0.00273224 0.00330769 0.0157895 -0.00373239 -0.0183071 0.0111171 0.0124359 0.00576923
internal_weight=5032 2328 2704 1400 1680 928 1188 1024 492 834 472 928 527 850 358 492 667 531 338 271 167 493 366 325 228 355 254 461 390 130
internal_count=5032 2328 2704 1400 1680 928 1188 1024 492 834 472 928 527 850 358 492 667 531 338 271 167 493 366 325 228 355 254 461 390 130
is_linear=0
shrinkage=0.05


Tree=4
num_leaves=31
num_cat=0
split_feature=1 1 4 0 9 1 0 7 0 4 0 1 0 4 7 6 9 6 8 8 2 11 9 4 6 0 4 2 2 0
split_gain=153.128 17.9176 17.0631 8.24158 6.17519 6.12365 5.22395 4.73357 4.15401 4.11349 3.65736 4.53196 3.28796 2.97564 3.58497 2.41562 2.38156 2.39359 3.72023 2.35051 2.33079 2.32087 2.2466 2.14536 2.14139 2.64108 2.0811 1.95543 1.8674 1.86133
threshold=0.0018515550000000002 0.0005391040000000001 2.4795100000000008 1.0318750000000003 3636.5000000000005 0.0043196450000000013 9.620415000000003 0.059081250000000009 1.2196950000000002 13.336650000000001 2.3633400000000004 0.00014491050000000003 4.1424900000000013 0.17905950000000001 0.0080074900000000008 0.00069009700000000008 1341.5000000000002 0.065560350000000017 18.133350000000004 15.050000000000002 11.269200000000003 12.500000000000002 2941.0000000000005 51.302600000000005 0.016299150000000002 5.9903050000000011 0.013752450000000001 5.8146050000000011 4.5669100000000009 5.0046200000000001
decision_type=2 2 2 2 2 2 2 2 2 2 2 2 2 2 2 2 2 2 2 2 2 2 2 2 2 2 2 2 2 2
left_child=1 10 5 26 9 8 16 23 -2 12 11 15 -5 -8 -15 -1 19 18 -18 20 -7 -11 27 29 25 -10 -3 -13 -20 -4
right_child=2 3 7 4 -6 6 13 -9 24 21 -12 22 -14 14 -16 -17 17 -19 28 -21 -22 -23 -24 -25 -26 -27 -28 -29 -30 -31
leaf_value=-0.0011173011777168723 0.002291295392923639 -0.00059415656329354536 0.0015628044832800517 -0.00044632882909101688 -0.00089550599622176394 0.0036599235025150112 -0.00057531346400151975 0.008022542793053436 0.00054541460113192454 0.00029661216468084613 -0.00099864225746510793 -0.00063462052959017468 -0.00075256689568588622 0.0028695635972183667 -0.00036300733841955653 -0.00066722683418716773 0.0029838985463519932 0.0070472655785689137 -0.0002700226835825015 -0.0005996676126914101 -0.00032975861001759789 -0.00039364165719191061 -0.00082725479544693372 0.0028529298608063257 -0.00035827698635461261 -0.00065337379511882327 0.0004548700919066326 -0.0001512035099434433 0.00381149318584241 0.00015576601098175169
leaf_weight=232 154 97 166 538 81 215 135 497 224 107 258 273 254 90 87 66 277 121 88 61 65 72 73 139 112 119 211 66 60 94
leaf_count=232 154 97 166 538 81 215 135 497 224 107 258 273 254 90 87 66 277 121 88 61 65 72 73 139 112 119 211 66 60 94
internal_value=-0.000844595 -0.0102448 0.00724852 -0.00654412 -0.00865019 0.00445243 0.00652627 0.0128906 0.000369458 -0.00754377 -0.0154442 -0.0135915 -0.00909091 0.000961538 0.00522599 -0.0182886 0.00848365 0.0105311 0.00876471 0.00520528 0.00714286 -0.000698324 -0.0101942 0.00883459 -0.00203297 -7.28863e-05 0.000649351 -0.00848083 0.00236486 0.00615385
internal_weight=5032 2328 2704 1360 1052 1808 1199 896 609 971 968 710 792 312 177 298 887 546 425 341 280 179 412 399 455 343 308 339 148 260
internal_count=5032 2328 2704 1360 1052 1808 1199 896 609 971 968 710 792 312 177 298 887 546 425 341 280 179 412 399 455 343 308 339 148 260
is_linear=0
shrinkage=0.05


Tree=5
num_leaves=31
num_cat=0
split_feature=1 4 1 1 0 0 9 7 3 0 7 1 9 7 9 0 1 0 4 7 8 6 5 7 15 0 2 4 9 9
split_gain=142.077 17.1239 14.2644 9.40138 6.56981 5.79988 5.67835 5.24109 3.84367 3.58212 4.62411 4.18382 3.2244 3.0678 2.60688 2.58528 2.47276 2.45794 3.05574 2.61383 2.30784 2.61652 2.30382 2.6837 2.26005 2.1681 1.96271 1.9076 1.89677 1.8411
threshold=0.0015518550000000002 2.4795100000000008 0.00051925000000000007 0.0025580900000000003 1.0318750000000003 3.2707350000000006 3636.5000000000005 0.035349600000000002 5.5000000000000009 2.3633400000000004 0.00041023800000000005 0.00035076900000000007 3265.5000000000005 -0.051868699999999997 719.50000000000011 4.5998600000000005 0.0046292750000000013 1.6257000000000004 0.38265000000000005 -0.019508999999999995 12.125000000000002 0.035375350000000007 0.58041850000000006 8.019165000000001e-05 1.0000000180025095e-35 0.26661750000000006 17.207300000000004 12.461350000000001 1477.5000000000002 2970.5000000000005
decision_type=2 2 2 2 2 2 2 2 2 2 2 2 2 2 2 2 2 2 2 2 2 2 2 2 2 2 2 2 2 2
left_child=2 3 9 17 -4 20 15 -3 14 10 11 -1 26 -10 -7 22 -16 -2 19 -19 25 28 23 -6 -12 -5 27 -9 -22 -24
right_child=1 7 4 5 6 8 -8 12 13 -11 24 -13 -14 -15 16 -17 -18 18 -20 -21 21 -23 29 -25 -26 -27 -28 -29 -30 -31
leaf_value=-0.00098107859280559934 0.00052531047287193364 0.0010799407719079173 -5.9386205545546543e-05 0.002972430888383264 -0.000617407569857061 -0.0011988540603248986 -0.00085256124385466319 0.003677726050064375 0.0038905409586083846 -0.00095895824225571418 -0.0006608857649915735 -0.00060291546567044132 0.00098109344663744528 0.00072119245049187878 -0.00036519609008243433 -0.00073227849667239207 0.00075027047750011143 -0.00072937422731070322 -0.00011604366283644768 -0.0008323739879975544 -0.00076035952459565311 0.005295967991421094 -0.00019437322170590045 -0.00035784186723312723 -0.00045320062130474242 0.0036485923526578925 0.0093111794645895137 0.0079968888516534949 0.0009510117752720399 -0.00077109426420784001
leaf_weight=367 108 318 287 84 114 75 76 181 115 243 128 80 63 202 137 230 406 66 124 78 62 94 317 109 110 306 105 287 93 67
leaf_count=367 108 318 287 84 114 75 76 181 115 243 128 80 63 202 137 230 406 66 124 78 62 94 317 109 110 306 105 287 93 67
internal_value=-0.000993641 0.00619835 -0.0108083 0.00351282 -0.00720833 0.00520966 -0.00928258 0.0116876 0.00270053 -0.0154634 -0.0136131 -0.0166107 0.0143082 0.00717666 0.000404531 -0.00809438 0.00161142 -0.00359043 -0.00615672 -0.0111111 0.00888106 0.00512048 -0.00638386 -0.010426 -0.00798319 0.0112821 0.0154887 0.0141026 0.00112903 -0.00403646
internal_weight=5032 2904 2128 1950 1200 1574 913 954 935 928 685 447 636 317 618 837 543 376 268 144 639 249 607 223 238 390 573 468 155 384
internal_count=5032 2904 2128 1950 1200 1574 913 954 935 928 685 447 636 317 618 837 543 376 268 144 639 249 607 223 238 390 573 468 155 384
is_linear=0
shrinkage=0.05


Tree=6
num_leaves=31
num_cat=0
split_feature=1 1 4 0 0 7 1 7 4 0 7 1 4 15 15 4 0 0 7 9 12 6 6 8 7 8 9 6 5 11
split_gain=132.691 18.4711 11.4481 7.59205 5.19978 4.80782 4.29572 4.15361 4.02319 3.81091 4.58247 4.16453 3.45499 3.01872 2.94209 2.48334 2.33961 2.2495 2.20454 3.59289 2.14359 2.03235 2.15297 1.9972 1.99674 1.96045 1.9292 1.73764 1.73466 1.71856
threshold=0.0018515550000000002 0.00051012250000000007 2.4075050000000005 3.2344900000000005 5.9903050000000011 0.059081250000000009 0.0038159700000000006 -0.054334999999999994 0.68787600000000015 2.3633400000000004 0.00041023800000000005 0.00035076900000000007 0.16973300000000002 1.0000000180025095e-35 1.0000000180025095e-35 0.33699250000000008 11.450850000000001 0.40538700000000005 0.0010034200000000003 2282.5000000000005 5.5000000000000009 0.0016578750000000003 0.0042380150000000004 24.325000000000006 -0.028748849999999996 10.041650000000002 3283.5000000000005 0.022539150000000004 0.81168600000000002 3.5000000000000004
decision_type=2 2 2 2 2 2 2 2 2 2 2 2 2 2 2 2 2 2 2 2 2 2 2 2 2 2 2 2 2 2
left_child=1 9 4 13 6 28 -2 12 -5 10 11 -1 16 17 -12 20 -6 -3 19 25 -8 -10 -23 -7 -17 -15 -19 -22 -4 -9
right_child=2 3 5 8 7 23 15 29 21 -11 14 -13 -14 18 -16 24 -18 26 -20 -21 27 22 -24 -25 -26 -27 -28 -29 -30 -31
leaf_value=-0.00093202466316531926 0.00030260691854306666 0.00010149092918709507 -0.00015632542017358485 -0.00074496029013503343 0.0011660909544352787 0.0077994718775726661 0.0036459317124464419 -0.00072586975629854687 -0.000620403463261521 -0.00091147483442200828 -0.00064885147683915268 -0.00054120367088895396 0.0032391560620021382 0.00029612651768593044 -0.00027507177255563735 0.0060369423615063414 -0.00076317400063716657 -0.00044047060344946519 0.00041318560716083148 -0.00070842651131382143 -0.00069226438289219706 0.00018206383450111146 -0.00041992538363303834 0.004115341853280107 0.002644603047055832 -0.0001980528579432964 -0.00071177594032546365 0.0018712729217358797 0.0016620563386144497 -0.00018326669567709649
leaf_weight=367 399 103 60 274 71 398 269 70 101 238 121 75 106 63 107 87 89 337 173 64 88 79 88 104 245 71 67 82 343 293
leaf_count=367 399 103 60 274 71 398 269 70 101 238 121 75 106 63 107 87 89 337 173 64 88 79 88 104 245 71 67 82 343 293
internal_value=-0.00104332 -0.00979381 0.00649038 -0.00623239 0.00418288 0.0110773 0.00615385 0.000516693 -0.0108856 -0.0153634 -0.0134328 -0.0164027 0.00526316 -0.00335991 -0.00767544 0.00833333 0.000625 -0.00586785 6.73854e-05 -0.00353535 0.0058656 -0.00652985 -0.00314371 0.0143426 0.0115964 0.0011194 -0.0075495 0.00147059 0.00700993 -0.00296143
internal_weight=5032 2328 2704 1420 1799 905 1170 629 542 908 670 442 266 878 228 771 160 507 371 198 439 268 167 502 332 134 404 170 403 363
internal_count=5032 2328 2704 1420 1799 905 1170 629 542 908 670 442 266 878 228 771 160 507 371 198 439 268 167 502 332 134 404 170 403 363
is_linear=0
shrinkage=0.05


Tree=7
num_leaves=31
num_cat=0
split_feature=1 1 4 0 1 7 0 1 2 4 7 0 9 7 7 9 8 9 4 1 6 0 4 1 11 8 13 8 9 4
split_gain=122.129 17.8519 10.1748 7.26702 5.2749 4.34285 4.09211 4.66466 4.06033 3.85832 3.51934 3.28249 2.80836 2.80202 2.70186 2.62401 2.52332 3.44436 2.39757 2.96401 2.36492 2.29579 2.20076 2.13304 2.07574 1.96559 1.93521 1.7352 1.70386 1.70139
threshold=0.0018515550000000002 0.00051012250000000007 1.5644250000000002 3.2344900000000005 0.005729070000000001 0.06137610000000001 1.2538450000000003 0.00027126800000000007 11.908500000000002 0.68787600000000015 0.00028281500000000006 1.2196950000000002 2951.5000000000005 0.0059184650000000012 -0.014883249999999999 1116.0000000000002 12.125000000000002 942.50000000000011 0.043196100000000008 0.018597300000000001 0.016966600000000002 5.0750450000000003 0.28814550000000005 0.0011598300000000004 4.5000000000000009 17.866650000000003 1.0000000180025095e-35 8.4083350000000028 1889.0000000000002 0.36544750000000009
decision_type=2 2 2 2 2 2 2 2 2 2 2 2 2 2 2 2 2 2 2 2 2 2 2 2 2 2 2 2 2 2
left_child=1 6 4 12 11 20 7 10 16 -5 -1 27 13 -3 22 -10 17 -6 -18 -20 -4 -22 24 -15 -13 -7 -11 -2 -8 -17
right_child=2 3 5 9 8 25 28 -9 15 26 -12 14 -14 23 -16 29 18 -19 19 -21 21 -23 -24 -25 -26 -27 -28 -29 -30 -31
leaf_value=-0.0009017609605646436 0.0029607613705451407 -0.00027372047961676338 0.0018925888086848469 -0.0007077122756282818 0.0026835425275917009 0.0083199139531204697 -0.00076689841890007708 -0.00043070164468341708 -0.0011917021534413909 -0.00017486827584124384 -0.00054468639664855478 -0.00075523780543112139 -0.00058030244913153219 -0.00012587258806590792 -0.0004029562308449175 -0.00012003002819688785 -0.00010415339477457195 0.0055963212561095507 0.0010866987671449915 0.0075767676878304747 0.0012023985613746498 -0.00029270500474187138 0.00079827297563532908 0.0013495219219122237 0.00049062077377278856 0.0045357567626141751 -0.00061033876694446603 0.00032369324765715477 -0.00086296125482735126 0.0041719921640061561
leaf_weight=270 66 511 355 274 117 340 167 157 60 152 94 73 164 118 218 120 121 161 157 87 94 63 70 85 208 215 116 107 220 72
leaf_count=270 66 511 355 274 117 340 167 157 60 152 94 73 164 118 218 120 121 161 157 87 94 63 70 85 208 215 116 107 220 72
internal_value=-0.00116256 -0.00955756 0.00606509 -0.00605634 0.00358888 0.0098641 -0.015033 -0.0121401 0.00617318 -0.0106089 -0.0152473 0.000471698 -0.00324601 -0.00189076 -0.00136204 0.000793651 0.00828149 0.0118705 0.00554795 0.00840164 0.00654297 0.00143312 0.00135328 0.00307882 -0.000622776 0.0129279 -0.00634328 0.00650289 -0.0189276 0.00364583
internal_weight=5032 2328 2704 1420 1637 1067 908 521 895 542 364 742 878 714 569 252 643 278 365 244 512 157 351 203 281 555 268 173 387 192
internal_count=5032 2328 2704 1420 1637 1067 908 521 895 542 364 742 878 714 569 252 643 278 365 244 512 157 351 203 281 555 268 173 387 192
is_linear=0
shrinkage=0.05


Tree=8
num_leaves=31
num_cat=0
split_feature=1 1 4 0 1 1 0 1 7 15 8 1 0 9 3 10 1 9 7 12 6 4 0 7 1 8 8 8 2 15
split_gain=112.595 14.6219 9.63673 8.51646 7.08595 4.80382 4.36717 3.6197 3.14497 4.50549 3.11129 2.77926 2.81249 2.49444 2.47711 4.41638 2.94018 2.74012 2.09481 2.27109 2.50519 2.07972 2.0394 2.89504 1.89315 1.83994 1.74828 1.69558 1.78152 1.67024
threshold=0.0017043800000000003 0.00037705150000000005 12.461350000000001 2.1155050000000002 0.0025580900000000003 0.0007435565000000001 17.560100000000002 0.0069987300000000007 0.00028281500000000006 1.0000000180025095e-35 18.025000000000002 0.0082908550000000015 3.2707350000000006 3484.5000000000005 1.5000000000000002 2.5000000000000004 0.028418900000000004 1445.0000000000002 0.0080074900000000008 1.0000000180025095e-35 0.0065148350000000009 0.68787600000000015 0.89211450000000003 -0.0012656149999999997 0.0099361450000000021 19.658350000000002 15.891650000000002 18.025000000000002 3.4437250000000001 1.0000000180025095e-35
decision_type=2 2 2 2 2 2 2 2 2 2 2 2 2 2 2 2 2 2 2 2 2 2 2 2 2 2 2 2 2 2
left_child=1 8 4 18 10 -5 11 -4 22 -10 -2 12 25 21 15 -13 17 -16 19 -3 -21 -7 23 -1 -8 -6 -19 28 -23 -14
right_child=2 3 7 5 6 13 24 -9 9 -11 -12 14 29 -15 16 -17 -18 26 -20 20 -22 27 -24 -25 -26 -27 -28 -29 -30 -31
leaf_value=-0.00037005014698190329 5.0106574225130578e-05 -0.00053936770425108856 0.0017351316041279458 -0.00076446394256742846 0.0017633809886696797 -0.00050787778042631993 -0.00063518731861678676 0.0092772489105065279 -0.00070126807248420842 -0.00047014749097177622 -0.00079578881910719035 0.0051612234832008469 -0.0001351319957099778 -0.00071865447434787781 0.0015151803625091957 -0.0011498669526533647 0.014585361200285186 0.0047844822493549634 0.0003210656023077919 -0.00038130689608516878 0.00010916038279031514 -0.0005490862336177295 -0.00089247357940937472 -0.00085150070798318894 0.00066788703566015943 -0.00022824005463013971 0.0030244974239189842 0.0001511688356880048 -4.5463121514810646e-05 0.00076547053945083283
leaf_weight=74 231 135 332 268 385 243 89 251 129 109 120 128 271 63 203 82 114 106 127 316 122 66 194 202 145 61 138 110 70 148
leaf_count=74 231 135 332 268 385 243 89 251 129 109 120 128 271 63 203 82 114 106 127 316 122 66 194 202 145 61 138 110 70 148
internal_value=-0.0012818 -0.00967235 0.00538516 -0.00690789 0.00388339 -0.0103659 0.00510695 0.0111063 -0.0156073 -0.0109244 -0.00263533 0.00602078 0.00407514 -0.00769928 0.00820363 0.00357143 0.00993761 0.00810962 -0.00285714 -0.00414485 -0.00239726 -0.00649284 -0.0179787 -0.0152174 -0.00128205 0.00683857 0.0116803 -0.00325203 -0.00698529 0.00113365
internal_weight=5032 2228 2804 1520 2221 820 1870 583 708 238 351 1636 865 552 771 210 561 447 700 573 438 489 470 276 234 446 244 246 136 419
internal_count=5032 2228 2804 1520 2221 820 1870 583 708 238 351 1636 865 552 771 210 561 447 700 573 438 489 470 276 234 446 244 246 136 419
is_linear=0
shrinkage=0.05


Tree=9
num_leaves=31
num_cat=0
split_feature=1 1 4 0 7 4 0 5 9 1 9 6 0 4 1 4 4 4 6 0 9 6 5 7 0 8 2 8 8 12
split_gain=100.758 14.1067 9.02685 6.4008 5.96971 5.3494 4.91292 4.79412 4.43856 4.3489 4.06163 3.66306 3.8648 3.35671 2.85224 2.5209 2.48849 2.33552 2.12937 2.5705 2.08748 2.00915 2.34257 1.98418 1.98248 1.90177 1.80508 1.7995 1.74552 1.73476
threshold=0.0017043800000000003 0.00049736450000000009 1.5644250000000002 1.0318750000000003 -0.028748849999999996 0.48910050000000005 1.8998200000000003 2.4795250000000006 3636.5000000000005 0.024580600000000005 3183.5000000000005 0.00031583100000000003 2.3633400000000004 0.043196100000000008 0.0061910900000000007 30.521150000000002 0.21466350000000003 0.090000550000000012 0.0022471950000000004 0.50553000000000015 1270.5000000000002 0.00083960400000000009 5.1744350000000008 -0.0071177099999999984 5.4923700000000011 21.291650000000004 12.580600000000002 23.741650000000003 20.458300000000005 2.5000000000000004
decision_type=2 2 2 2 2 2 2 2 2 2 2 2 2 2 2 2 2 2 2 2 2 2 2 2 2 2 2 2 2 2
left_child=1 10 4 17 5 7 -6 -2 16 15 11 -1 25 23 28 27 20 -3 -19 -20 -5 -18 -23 -8 -16 -13 29 -4 -15 -9
right_child=2 3 9 8 6 -7 13 26 -10 -11 -12 12 -14 14 24 -17 21 18 19 -21 -22 22 -24 -25 -26 -27 -28 -29 -30 -31
leaf_value=-0.00084844478585432623 0.0031656879122613879 -0.00057477479418190666 0.0012421531305522007 -0.00030235523650324893 0.0011763862271507489 0.0032113754135716906 -0.00017200149445828136 0.0037574637214283224 -0.00071388144013508775 0.012507529548115726 -0.00084363317008132911 -0.00039838799202658354 -0.00072352630623946342 -7.2623865697784426e-05 0.0040604701785265252 0.0036270116726820397 -0.00057131519520516212 -0.00033811605887713707 0.0015211670917836798 -6.8656300058851304e-07 -0.00065961415043125663 -0.00032263786055399972 0.0003432443345866374 -0.00095001180370621026 -0.00016817642211171757 -0.00067498533864466549 -0.00043552184707162754 -8.2503555600471276e-05 -0.00060206379270836988 0.00033007238759538877
leaf_weight=237 191 131 463 103 282 136 61 109 80 119 125 319 146 151 100 400 105 66 65 62 279 350 99 79 119 61 232 121 80 161
leaf_count=237 191 131 463 103 282 136 61 109 80 119 125 319 146 151 100 400 105 66 65 62 279 350 99 79 119 61 232 121 80 161
internal_value=-0.00142091 -0.00935817 0.00488588 -0.0061194 0.00260141 0.00563932 -0.000286697 0.00386003 -0.00807087 0.00840888 -0.0142455 -0.0128768 -0.0105513 -0.00288136 -0.000777778 0.00731707 -0.0071047 0 0.00349741 0.00728346 -0.0102094 -0.0049639 -0.0035078 -0.00964286 0.0033105 -0.00789474 0.00129482 0.0052226 -0.00465368 0.00407407
internal_weight=5032 2228 2804 1340 1701 829 872 693 1016 1103 888 763 526 590 450 984 936 324 193 127 382 554 449 140 219 380 502 584 231 270
internal_count=5032 2228 2804 1340 1701 829 872 693 1016 1103 888 763 526 590 450 984 936 324 193 127 382 554 449 140 219 380 502 584 231 270
is_linear=0
shrinkage=0.05


Tree=10
num_leaves=31
num_cat=0
split_feature=1 1 4 7 0 4 9 1 6 0 0 2 4 4 1 6 9 4 4 9 5 5 0 9 1 8 7 10 7 0
split_gain=91.7235 14.7518 8.91272 5.71155 5.39968 5.27171 4.96136 4.61488 4.5189 4.60543 3.98868 3.91206 3.0917 2.93155 2.61905 2.6055 2.07871 2.27719 1.96616 2.43037 2.34375 1.96217 2.57708 2.11798 1.92071 1.81304 1.78048 1.7642 1.73167 1.72977
threshold=0.0017043800000000003 0.0005496670000000001 1.5644250000000002 -0.028748849999999996 1.6475750000000002 0.48910050000000005 3636.5000000000005 0.024580600000000005 0.00031583100000000003 2.3633400000000004 1.8998200000000003 12.580600000000002 0.043196100000000008 0.08445575000000001 0.0089626450000000017 0.00083960400000000009 3301.5000000000005 30.521150000000002 0.68787600000000015 1251.0000000000002 5.237820000000001 3.6378450000000004 5.3773800000000014 2446.5000000000005 0.0053605600000000012 21.466650000000005 -0.0071177099999999984 4.5000000000000009 0.038744850000000004 5.4923700000000011
decision_type=2 2 2 2 2 2 2 2 2 2 2 2 2 2 2 2 2 2 2 2 2 2 2 2 2 2 2 2 2 2
left_child=1 8 3 5 13 11 15 16 -1 25 -5 24 26 -3 -14 -6 17 21 19 -17 -20 22 -4 27 -2 -10 -12 -23 -19 -16
right_child=2 4 7 10 6 -7 -8 -9 9 -11 12 -13 14 -15 29 18 -18 28 20 -21 -22 23 -24 -25 -26 -27 -28 -29 -30 -31
leaf_value=-0.0008068508766101044 0.00052115421240310174 -0.00054675774615678657 0.0011800454740245906 0.0011175669157932114 -0.00058603192545511563 0.0030508066428931056 -0.0007088860964674093 0.011882153070709941 -0.0004230022981901842 -0.00068974049290228094 -0.00016340141973536713 -0.00041374575471804623 -0.00033048872407065471 8.93812276492669e-05 0.0062486289288609734 -9.0992014067320821e-05 -0.00021914846607569619 0.0020187248986760706 -0.00035787012154981355 -0.00054467150079672965 0.00040561356175829004 0.0047547348715325441 -0.00031310575354862383 0.0042796296548869061 0.0034764454749555106 -0.00064434527988318688 -0.00090251121352089958 0.00043234336555585936 0.0055287547561241003 -4.3394226624118504e-05
leaf_weight=294 162 166 205 282 120 136 64 119 414 212 61 232 280 266 73 94 82 117 216 242 72 88 89 62 299 68 79 96 245 97
leaf_count=294 162 166 205 282 120 136 64 119 414 212 61 232 280 266 73 94 82 117 216 242 72 88 89 62 299 68 79 96 245 97
internal_value=-0.00138116 -0.00895422 0.00463623 0.00236626 -0.00532258 0.00533776 -0.00773515 0.0081369 -0.0135121 -0.0113112 -0.000458716 0.00357143 -0.00279661 -0.000810185 -0.000777778 -0.00658602 0.0070122 0.0077051 -0.00528846 -0.0078869 -0.00225694 0.00564815 0.00289116 0.00894309 0.00623644 -0.00860996 -0.00928571 0.00625 0.0107735 0.00411765
internal_weight=5032 2228 2804 1701 1240 829 808 1103 988 694 872 693 590 432 450 744 984 902 624 336 288 540 294 246 461 482 140 184 362 170
internal_count=5032 2228 2804 1701 1240 829 808 1103 988 694 872 693 590 432 450 744 984 902 624 336 288 540 294 246 461 482 140 184 362 170
is_linear=0
shrinkage=0.05


Tree=11
num_leaves=31
num_cat=0
split_feature=1 1 4 0 1 0 1 6 9 0 0 6 4 5 4 6 9 1 6 4 0 1 8 12 7 7 7 7 1 2
split_gain=83.2783 15.3177 7.59289 5.61969 4.50281 4.31398 6.31728 4.16304 4.06297 3.39779 2.82062 2.82057 2.91666 2.95283 2.71585 2.49536 2.42419 2.26766 2.16782 2.46144 2.30221 2.26656 2.03008 1.95334 1.78219 1.77469 1.77314 1.74136 1.6604 2.27107
threshold=0.0018515550000000002 0.0005496670000000001 1.5644250000000002 1.6475750000000002 0.024580600000000005 3.0268650000000004 0.00014491050000000003 0.049383900000000008 3636.5000000000005 6.0727500000000001 -0.23639949999999996 0.00083960400000000009 0.68787600000000015 5.237820000000001 0.08445575000000001 0.00069009700000000008 1251.0000000000002 0.0071385700000000012 0.0021844250000000007 30.521150000000002 5.426470000000001 0.010592250000000003 11.358350000000002 5.5000000000000009 -0.054334999999999994 0.038744850000000004 0.0072795700000000008 -0.0017741099999999997 0.00088371550000000004 3.4437250000000001
decision_type=2 2 2 2 2 2 2 2 2 2 2 2 2 2 2 2 2 2 2 2 2 2 2 2 2 2 2 2 2 2
left_child=1 5 7 14 18 6 10 9 11 17 -1 -5 16 26 -3 -12 -13 23 -4 20 -20 -22 -19 -2 -11 -21 -14 -18 -16 -30
right_child=2 3 4 8 -6 -7 -8 -9 -10 24 15 12 13 -15 28 -17 27 22 19 25 21 -23 -24 -25 -26 -27 -28 -29 29 -31
leaf_value=-0.00031106316528013939 0.00064335655020422884 -0.00044272485846879006 -0.00031294717611527194 -0.00055293923385274708 0.011288045417174444 -0.00073115428585510578 -0.00040417343144397036 0.0027054908955700539 -0.00064736297103806524 0.0002699643217568798 -0.00082179065138763782 -0.00010675479154696197 -7.0922312643406999e-06 0.00056285489323917024 -0.00019028977990083584 -0.00070850039672438981 -0.0005831876751436299 0.003667169368800341 0.0021884804839486529 0.0016137225341746918 -0.0003721791725524594 0.0056783464888252692 0.00064064548954828051 -0.0002176414434664117 -0.00052767021320796251 0.0046788680658271676 -0.00055192916777915216 -0.00030442298249008109 4.5232932614753914e-05 0.001768263860784862
leaf_weight=62 398 175 60 126 119 218 459 340 67 190 187 102 120 82 119 62 201 152 337 93 113 79 133 191 233 266 119 62 106 61
leaf_count=62 398 175 60 126 119 218 459 340 67 190 187 102 120 82 119 62 201 152 337 93 113 79 133 191 233 266 119 62 106 61
internal_value=-0.00140103 -0.00833333 0.00456731 -0.00485075 0.00784911 -0.0130567 -0.0112987 0.00242822 -0.00719568 0.00113724 -0.0168006 -0.00621921 -0.00495627 -0.00147975 -0.00037961 -0.0191767 -0.0080137 0.00291762 0.00669831 0.00731982 0.00515123 0.00078125 0.00657895 0.00114601 -0.00254137 0.0105153 -0.0042887 -0.0105513 0.00262238 0.00583832
internal_weight=5032 2328 2704 1340 1067 988 770 1637 879 1297 311 812 686 321 461 249 365 874 948 888 529 192 285 589 423 359 239 263 286 167
internal_count=5032 2328 2704 1340 1067 988 770 1637 879 1297 311 812 686 321 461 249 365 874 948 888 529 192 285 589 423 359 239 263 286 167
is_linear=0
shrinkage=0.05


Tree=12
num_leaves=31
num_cat=0
split_feature=1 1 4 6 1 0 12 7 10 0 6 0 4 0 15 4 9 4 10 1 4 15 0 1 1 5 3 7 8 0
split_gain=78.9084 11.9351 8.72958 5.16696 4.54718 4.51442 4.14781 4.13816 3.73215 3.13036 3.08522 2.98176 2.5905 2.48329 2.4292 2.408 2.13142 1.93155 2.57658 2.39499 1.89827 1.84824 2.92 1.78358 1.68518 2.29527 2.65974 1.62571 1.59348 1.58225
threshold=0.0015518550000000002 0.00051925000000000007 1.4625400000000002 0.049383900000000008 0.008621135000000002 3.2344900000000005 1.5000000000000002 -0.018455399999999993 7.5000000000000009 2.2525750000000007 5.7342750000000006e-05 1.3563200000000002 14.309950000000002 6.2737050000000005 1.0000000180025095e-35 7.2341200000000008 2012.5000000000002 0.33699250000000008 3.5000000000000004 0.0071385700000000012 0.025843150000000006 1.0000000180025095e-35 3.8739000000000003 0.0025580900000000003 0.012447850000000002 0.16617750000000003 2.5000000000000004 0.093710000000000016 15.408350000000002 0.40538700000000005
decision_type=2 2 2 2 2 2 2 2 2 2 2 2 2 2 2 2 2 2 2 2 2 2 2 2 2 2 2 2 2 2
left_child=1 6 3 7 8 14 -1 13 16 -9 -8 -12 27 17 29 -7 23 18 19 -2 -11 22 -18 -4 -5 -26 -27 -6 -25 -3
right_child=2 5 4 24 12 15 10 9 -10 20 11 -13 -14 -15 -16 -17 21 -19 -20 -21 -22 -23 -24 28 25 26 -28 -29 -30 -31
leaf_value=-0.00067720306860043211 0.00082233556494245197 0.00010434063153288536 0.00044121384453679887 0.00054707352095560789 0.006630296792885188 -0.00049037391334809659 -0.0007713485933374723 0.00012152720554691292 -0.00013368649454320591 -0.00072267751134929387 -0.00043745723003423573 -0.00059832028474492377 0.0090559470231586919 -0.00014125805640498659 1.6783700023623085e-05 -0.00040812253093609226 0.0018530964172255833 0.0028383687638892704 -0.00042277776723146851 0.0047000199428614458 -0.00037523063536689055 0.0018549985394338679 -0.00081450817661546078 0.0075018964755225381 0.0091377674306433298 -0.0011884314323207903 0.0059537641324355463 0.0029015663708136762 0.0017028547372919087 -0.0004469285782431519
leaf_weight=298 218 91 95 133 60 356 94 222 124 65 307 229 201 289 316 90 108 105 113 85 308 80 76 145 75 60 66 204 72 347
leaf_count=298 218 91 95 133 60 356 94 222 124 65 307 229 201 289 316 90 108 105 113 85 308 80 76 145 75 60 66 204 72 347
internal_value=-0.00152027 -0.00883459 0.00383953 0.00159574 0.00718884 -0.00554167 -0.0130927 0.000266904 0.00464286 -0.00289916 -0.0107937 -0.00932836 0.0110215 0.00259259 -0.00318302 -0.00952915 0.00633681 0.00465451 0.003125 0.00552805 -0.00569705 0.0030303 0.000271739 0.00913462 0.00718563 0.0100746 0.00595238 0.00776515 0.0116359 -0.00559361
internal_weight=5032 2128 2904 1739 1165 1200 928 1405 700 595 630 536 465 810 754 446 576 521 416 303 373 264 184 312 334 201 126 264 217 438
internal_count=5032 2128 2904 1739 1165 1200 928 1405 700 595 630 536 465 810 754 446 576 521 416 303 373 264 184 312 334 201 126 264 217 438
is_linear=0
shrinkage=0.05


Tree=13
num_leaves=31
num_cat=0
split_feature=1 6 1 1 0 4 0 1 0 4 0 2 4 7 9 9 1 0 9 13 8 10 7 0 0 4 9 7 4 10
split_gain=71.7114 14.849 6.67533 5.76714 5.72301 5.28401 4.02821 3.58851 4.57975 3.49003 4.0364 3.11202 3.05348 2.89248 2.77857 2.48168 2.2843 2.27526 2.26133 2.12775 2.07591 2.18675 2.16369 1.96186 1.93847 1.81505 1.73575 1.69038 1.60004 1.53224
threshold=0.0018515550000000002 0.00081000100000000008 0.008621135000000002 0.0007435565000000001 2.0249150000000005 3.4466150000000004 5.9903050000000011 0.00014491050000000003 3.2344900000000005 0.67335300000000009 3.2344900000000005 11.269200000000003 1.4625400000000002 -0.014883249999999999 3132.0000000000005 1075.5000000000002 0.021279800000000005 -0.13812649999999996 1505.5000000000002 1.0000000180025095e-35 12.075000000000001 1.5000000000000002 0.0019742500000000007 13.386050000000003 1.6994300000000002 0.39523900000000006 1399.5000000000002 0.059081250000000009 0.25676000000000004 15.500000000000002
decision_type=2 2 2 2 2 2 2 2 2 2 2 2 2 2 2 2 2 2 2 2 2 2 2 2 2 2 2 2 2 2
left_child=1 7 6 4 20 11 12 17 -9 10 18 -4 13 26 -11 -13 -7 -1 -5 27 21 -3 -22 -17 -15 -26 -2 -14 -28 -8
right_child=2 3 5 9 -6 16 29 8 -10 14 -12 15 19 24 -16 23 -18 -19 -20 -21 22 -23 -24 -25 25 -27 28 -29 -30 -31
leaf_value=-0.00052309381232248085 -0.00023029395728310469 0.00010008879531355746 0.0028836675031545245 8.4227619076285466e-05 -0.00058979458513095263 0.0054252048515526039 -0.00013306728865577835 -0.00044711475827370975 -0.00057138857858677933 9.1930962295790587e-05 -0.00055966002307794832 -0.0011299798202992542 0.001986401638889941 0.00085844383920136375 -0.00049435279263097061 0.0027707149288479088 0.010483870802244701 -0.00075013193035033 -0.00034159656340258831 0.00040468629840101773 -0.00056448497278074178 -0.00029678582286221515 -4.628573007767565e-05 -0.00054767880141410924 -0.00065153356618416914 -8.7223504280583435e-06 0.00081271711715209338 0.0060509291110294634 0.0032231623590022076 -0.00076522910111415522
leaf_weight=82 137 83 528 119 298 219 405 244 151 371 177 61 165 106 61 97 101 199 172 197 142 166 63 98 88 86 214 74 67 61
leaf_count=82 137 83 528 119 298 219 405 244 151 371 177 61 165 106 61 97 101 199 172 197 142 166 63 98 88 86 214 74 67 61
internal_value=-0.00159976 -0.00803265 0.00393861 -0.00547821 -0.00871011 0.00692935 0.001875 -0.0142751 -0.0112025 -0.00277778 -0.00576923 0.00471939 0.00348325 0.00143266 0.000462963 0.000195313 0.0123438 -0.0185943 -0.00214777 0.00676606 -0.00517621 -0.00210843 -0.00890244 0.00294872 -0.0025 -0.00574713 0.00406699 0.00993724 0.00631673 -0.00203863
internal_weight=5032 2328 2704 1652 752 1104 1600 676 395 900 468 784 1134 698 432 256 320 281 291 436 454 249 205 195 280 174 418 239 281 466
internal_count=5032 2328 2704 1652 752 1104 1600 676 395 900 468 784 1134 698 432 256 320 281 291 436 454 249 205 195 280 174 418 239 281 466
is_linear=0
shrinkage=0.05


Tree=14
num_leaves=31
num_cat=0
split_feature=1 6 1 4 8 1 0 9 11 0 7 4 15 0 11 3 4 7 0 7 7 1 0 7 1 1 0 2 1 4
split_gain=66.2962 12.7268 7.62577 6.01038 5.03587 4.03601 4.42538 3.95483 3.9013 2.98415 2.92832 2.81872 2.7313 2.72342 2.86954 2.64322 2.57092 2.37649 2.27526 2.19712 2.17275 2.41034 2.13253 1.76814 1.76219 1.65325 2.0297 1.4564 1.3967 1.36413
threshold=0.0015518550000000002 0.00081000100000000008 0.0043913700000000012 12.461350000000001 21.825000000000006 0.00014491050000000003 3.3222100000000006 3132.0000000000005 1.0000000180025095e-35 2.0841500000000006 0.011213250000000003 0.12930150000000004 1.0000000180025095e-35 11.450850000000001 20.500000000000004 1.5000000000000002 0.16973300000000002 -0.032796199999999991 -0.13812649999999996 0.056234900000000011 0.022767450000000005 0.0025580900000000003 4.547575000000001 0.028446650000000004 0.014103750000000002 0.00051925000000000007 0.98387550000000012 9.0910000000000011 0.019327500000000004 1.2576050000000001
decision_type=2 2 2 2 2 2 2 2 2 2 2 2 2 2 2 2 2 2 2 2 2 2 2 2 2 2 2 2 2 2
left_child=1 5 9 8 7 18 -7 10 -4 29 22 -6 -11 14 15 17 -15 27 -1 -5 21 -14 25 -18 -21 26 -3 -10 -17 -2
right_child=2 4 3 19 11 6 -8 -9 13 12 -12 -13 20 16 -16 28 23 -19 -20 24 -22 -23 -24 -25 -26 -27 -28 -29 -30 -31
leaf_value=-0.00049693912170635675 0.00013860683222856814 -0.00018726181716006759 -0.00089440627202641294 0.00044405477555925916 -0.00056155801628097958 -0.00040593239292035295 -0.00056318479511020629 -0.0004643329389558848 0.0053710442764581335 -0.00039151830612694231 0.00045465979581472315 -0.00040997656524880067 -0.00046947637207346598 -0.00051043699691661064 -7.4198467211207544e-05 0.0022026566115652835 0.0025950973537323834 -0.00089275295135082247 -0.00071262533383281343 0.004706501338082248 0.0024207759696868638 0.00030451076220439825 -0.00054902987094661477 -2.6444564153295036e-05 0.011551004083189284 -8.9738176622359425e-05 -0.00046896468613103989 0.00060823322130821493 0.0072416855543535807 0.0013115335800772704
leaf_weight=82 248 165 82 71 179 242 139 126 123 427 105 198 120 103 141 434 85 105 199 201 83 85 76 112 94 501 116 74 159 157
leaf_count=82 248 165 82 71 179 242 139 126 123 427 105 198 120 103 141 434 85 105 199 201 83 85 76 112 94 501 116 74 159 157
internal_value=-0.00158983 -0.00829417 0.003323 0.00535314 -0.00569577 -0.0140483 -0.0106955 -0.00397153 0.0038787 8.92857e-05 -0.00288162 -0.0106764 -0.00185315 0.00452844 0.00574324 0.00678771 0.000333333 0.00298013 -0.0185943 0.0110656 0.00190972 -0.000853659 -0.00384615 0.0036802 0.0129661 -0.00306905 -0.00613879 0.00621827 0.00872681 0.00351852
internal_weight=5032 2128 2904 1784 1466 662 381 1089 1418 1120 963 377 715 1336 1036 895 300 302 281 366 288 205 858 197 295 782 281 197 593 405
internal_count=5032 2128 2904 1784 1466 662 381 1089 1418 1120 963 377 715 1336 1036 895 300 302 281 366 288 205 858 197 295 782 281 197 593 405
is_linear=0
shrinkage=0.05


Tree=15
num_leaves=31
num_cat=0
split_feature=1 1 0 1 4 1 0 0 0 7 12 9 6 7 11 11 5 15 10 4 4 0 1 0 9 3 8 6 9 2
split_gain=60.8549 12.8296 7.30852 6.77288 4.88231 4.5122 3.48959 3.35539 2.57422 2.54687 2.52413 2.37163 2.41166 2.32137 2.22956 2.35144 2.16043 2.09026 2.63536 2.33353 2.06284 2.04334 2.007 2.30902 1.88221 1.86525 2.71058 2.53642 2.16971 2.00007
threshold=0.0015518550000000002 0.00019370050000000003 1.4557800000000001 0.0043913700000000012 12.461350000000001 0.0007435565000000001 11.450850000000001 0.24606250000000005 1.5992300000000002 3.6332550000000008e-05 4.5000000000000009 3484.5000000000005 0.00083960400000000009 0.0076195100000000003 20.500000000000004 3.5000000000000004 0.9408780000000001 1.0000000180025095e-35 7.5000000000000009 0.098188700000000018 0.18543550000000003 3.3222100000000006 0.020630250000000006 3.8739000000000003 2679.5000000000005 2.5000000000000004 10.358350000000002 0.051148500000000006 1029.5000000000002 5.6819250000000006
decision_type=2 2 2 2 2 2 2 2 2 2 2 2 2 2 2 2 2 2 2 2 2 2 2 2 2 2 2 2 2 2
left_child=1 7 13 8 6 10 14 9 -2 -1 21 12 -7 24 15 -5 -10 18 -18 -19 -8 -4 23 -6 -3 28 -27 29 -17 -28
right_child=3 2 5 4 22 11 20 -9 16 -11 -12 -13 -14 -15 -16 25 17 19 -20 -21 -22 -23 -24 -25 -26 26 27 -29 -30 -31
leaf_value=-0.00057020352959817253 0.00082651748048441194 -0.00011784881519024136 -0.00047208675259733518 5.781097459197863e-05 0.0076694155360987077 -0.00043555642505433442 -0.00048491514707078024 -0.00067748929578926741 -0.00033712043469641878 -0.00036159241959658181 -0.00033438244379551692 -0.00050893450975695556 -0.0001770456252757109 0.00040806675612252121 -7.0488543850646965e-05 -0.0008516903407538378 1.2386032103403872e-05 -0.00078031360802446816 -0.00045799007869929027 0.00082087043116830106 0.00050276079939124839 -0.00059669019986755716 0.014372586966648157 0.0011683697525479396 -0.00036260209726820722 0.0062583189145023546 -0.00029660578550690862 0.0044002356301079777 0.0019582169329595629 0.0031318437765128627
leaf_weight=133 331 396 187 186 145 86 115 204 241 71 130 67 435 92 141 60 250 61 71 166 209 185 65 156 142 130 83 99 314 81
leaf_count=133 331 396 187 186 145 86 115 204 241 71 130 67 435 92 141 60 250 61 71 166 209 185 65 156 142 130 83 99 314 81
internal_value=-0.00165938 -0.00808271 -0.00619186 0.00304752 0.00496076 -0.00866972 0.00363188 -0.0160539 0 -0.0115196 -0.0121514 -0.00569728 -0.00455854 -0.00190476 0.00498172 0.00584995 -0.0015526 0.000182482 -0.00241433 0.00385463 -0.000925926 -0.0142473 0.0101093 0.0083887 -0.00315985 0.00707301 0.00947837 0.00655894 0.00454545 0.0027439
internal_weight=5032 2128 1720 2904 1784 1090 1418 408 1120 204 502 588 521 630 1094 953 789 548 321 227 324 372 366 301 538 767 393 263 374 164
internal_count=5032 2128 1720 2904 1784 1090 1418 408 1120 204 502 588 521 630 1094 953 789 548 321 227 324 372 366 301 538 767 393 263 374 164
is_linear=0
shrinkage=0.05


Tree=16
num_leaves=31
num_cat=0
split_feature=1 6 7 8 4 1 0 9 1 0 4 0 7 0 8 7 5 0 2 7 2 4 6 15 1 0 8 9 9 1
split_gain=56.8755 14.4218 5.53779 5.20819 4.29136 3.80149 4.2327 3.72659 3.51781 3.18512 3.00203 2.98701 2.82224 2.80393 2.60444 2.93533 2.75122 2.52573 2.44813 2.19553 2.19013 1.6697 1.6272 1.46104 1.41 2.10681 1.40945 1.37345 1.349 1.19014
threshold=0.0018515550000000002 0.00083960400000000009 0.056234900000000011 21.825000000000006 3.4466150000000004 0.00014491050000000003 3.4018200000000003 3283.5000000000005 0.021279800000000005 2.9914650000000003 0.12930150000000004 -0.13812649999999996 0.011213250000000003 4.4096550000000008 39.20835000000001 -0.034107149999999996 0.87626650000000017 11.226100000000001 4.2623550000000003 -0.056854099999999991 10.630150000000002 0.3143645000000001 0.0062810300000000008 1.0000000180025095e-35 0.00051925000000000007 0.91247250000000013 12.125000000000002 1251.0000000000002 782.50000000000011 0.00098773600000000013
decision_type=2 2 2 2 2 2 2 2 2 2 2 2 2 2 2 2 2 2 2 2 2 2 2 2 2 2 2 2 2 2
left_child=1 5 9 7 20 11 -7 12 17 19 -5 -1 13 24 15 16 -11 -6 -17 26 -4 -18 -20 -14 25 -3 -2 28 -26 -30
right_child=2 3 4 10 8 6 -8 -9 -10 14 -12 -13 23 -15 -16 18 21 -19 22 -21 -22 -23 -24 -25 27 -27 -28 -29 29 -31
leaf_value=-0.00043338506632851944 0.0050045812159872482 -0.00015028720041748833 0.002464368159704656 -0.0005122195662200542 0.0049294070222174555 -0.00041271753387854169 -0.00049037468960894234 -0.00048348778426910783 0.0087954539557008032 0.005568971894841456 -0.00038173157398545753 -0.00064532729101661457 -4.9017703354082952e-05 -0.00049537324711293451 0.001739090021608468 -0.00044171897558559355 -0.00023514524185966578 -6.2155753352123241e-05 -0.00031661359948428165 0.00053742378902340291 -0.0006729447877510614 0.0011639094616093769 0.0011060394802986442 0.0012760635395577082 -0.00014732149053096758 -0.00038326495596262533 0.0017219796259915253 -0.00018419669343207733 2.1279091148409916e-05 0.00064820261338401671
leaf_weight=83 121 163 244 191 300 267 143 91 85 72 226 199 77 99 106 267 307 70 183 585 116 114 73 77 72 120 61 378 71 71
leaf_count=83 121 163 244 191 300 267 143 91 85 72 226 199 77 99 106 267 307 70 183 585 116 114 73 77 72 120 61 378 71 71
internal_value=-0.00165938 -0.00738832 0.00327293 -0.00482885 0.00671779 -0.0134393 -0.0103659 -0.00317884 0.00994505 0.00178666 -0.00965228 -0.0179078 -0.00239362 -0.00338809 8.91266e-05 -0.000688976 0.00207911 0.00783784 -0.00329828 0.00426988 0.00263889 0.000534442 0.000195313 0.0038961 -0.00248571 -0.00538869 0.00906593 -0.00109797 0.0021028 0.00492958
internal_weight=5032 2328 2704 1636 815 692 410 1219 455 1889 417 282 1128 974 1122 1016 493 370 523 767 360 421 256 154 875 283 182 592 214 142
internal_count=5032 2328 2704 1636 815 692 410 1219 455 1889 417 282 1128 974 1122 1016 493 370 523 767 360 421 256 154 875 283 182 592 214 142
is_linear=0
shrinkage=0.05


Tree=17
num_leaves=31
num_cat=0
split_feature=1 1 6 8 4 0 0 11 7 0 7 0 8 1 1 10 9 6 1 5 3 2 2 1 3 8 9 9 4 6
split_gain=52.3001 12.0587 8.47054 4.47673 3.87667 3.72481 3.50273 3.28886 3.0077 2.96978 2.44574 2.29285 2.28212 2.27424 2.2558 2.35146 2.169 2.12792 1.89456 2.40533 1.86251 1.8607 1.78711 1.68221 1.46042 1.48653 1.46942 1.43756 1.4183 1.39734
threshold=0.00085518450000000011 0.0025580900000000003 0.00033355150000000008 20.775000000000002 48.775300000000009 1.6664450000000002 5.9903050000000011 1.5000000000000002 0.0034078850000000003 -0.068901299999999985 0.022767450000000005 2.2525750000000007 14.108350000000002 0.014103750000000002 0.010137200000000001 9.5000000000000018 1981.5000000000002 0.00057910450000000005 0.00022266400000000005 0.27590200000000004 5.5000000000000009 0.29176200000000002 4.2623550000000003 0.023044300000000004 1.5000000000000002 11.125000000000002 1469.5000000000002 3118.5000000000005 0.068260600000000018 0.0091986100000000012
decision_type=2 2 2 2 2 2 2 2 2 2 2 2 2 2 2 2 2 2 2 2 2 2 2 2 2 2 2 2 2 2
left_child=2 5 9 11 6 22 14 -8 -5 -1 17 18 -13 16 15 21 -6 -7 -4 -20 -9 28 -2 -22 -16 -26 -27 29 -3 -19
right_child=1 4 3 8 13 10 7 20 -10 -11 -12 12 -14 -15 24 -17 -18 27 19 -21 23 -23 -24 -25 25 26 -28 -29 -30 -31
leaf_value=-0.0004000717719139543 -4.4431807385612694e-05 -0.00053275000282820948 -0.00046577636311882602 -0.00048204307512909059 0.0055214940151934976 -0.00033784417855128781 -0.00081172108336117804 -7.4941226742639841e-05 -0.00027094263050361198 -0.0006094075085981012 0.00040098190224616001 -0.00046604146647667548 -0.00028410197490635588 0.013533123518190894 0.0020945303216885415 -0.00043836102835428763 0.00029177398015283498 -0.00014173074963269496 5.9841404314587776e-05 -0.0003352476842302032 0.00021457044086606246 0.0011175808863413412 0.0010258917730553388 0.0056315524267517222 0.0071627368392096604 0.00054799067337274053 0.0038470729557164951 -0.00061635702385967649 0.00030180612429177235 -0.00041492544153944435
leaf_weight=89 261 61 125 234 128 60 87 394 70 248 79 156 60 76 119 68 110 416 160 306 179 629 125 91 142 77 98 113 105 166
leaf_count=89 261 61 125 234 128 60 87 394 70 248 79 156 60 76 119 68 110 416 160 306 179 629 125 91 142 77 98 113 105 166
internal_value=-0.00157989 0.00166016 -0.00959945 -0.00749325 0.00374365 -0.00237705 0.00295122 0.000233023 -0.0126645 -0.016543 -0.00425659 -0.00554523 -0.0099537 0.0089172 0.00452271 0.00304171 0.00651261 -0.00513245 -0.00393401 -0.00246781 0.00143072 0.00380503 0.00168394 0.00462963 0.00745413 0.00922713 0.00614286 -0.00435252 -0.000903614 -0.00335052
internal_weight=5032 3584 1448 1111 2364 1220 2050 751 304 337 834 807 216 314 1299 863 238 755 591 466 664 795 386 270 436 317 175 695 166 582
internal_count=5032 3584 1448 1111 2364 1220 2050 751 304 337 834 807 216 314 1299 863 238 755 591 466 664 795 386 270 436 317 175 695 166 582
is_linear=0
shrinkage=0.05


Tree=18
num_leaves=31
num_cat=0
split_feature=1 1 6 0 8 4 9 11 0 7 2 4 1 10 0 8 0 1 11 1 5 0 3 1 7 1 11 5 11 15
split_gain=49.4939 11.2118 8.63988 4.54339 4.34873 4.02521 3.22187 3.09574 2.96978 2.89988 2.73632 2.75492 3.58093 2.47274 2.35776 2.28212 2.20353 2.20123 2.17185 1.95367 2.30255 1.78552 1.78385 3.01437 2.41407 1.68667 1.52665 1.48485 1.90903 1.3972
threshold=0.00085518450000000011 0.0043913700000000012 0.00033355150000000008 1.0083100000000003 20.775000000000002 14.309950000000002 3636.5000000000005 1.0000000180025095e-35 -0.068901299999999985 0.0034078850000000003 2.4664950000000005 0.0030038350000000003 0.0024799100000000005 14.500000000000002 2.2525750000000007 14.108350000000002 17.560100000000002 0.020630250000000006 21.500000000000004 0.00022266400000000005 0.27590200000000004 3.8739000000000003 1.5000000000000002 0.023044300000000004 -0.032796199999999991 0.015868300000000005 7.5000000000000009 0.0048740200000000006 19.500000000000004 1.0000000180025095e-35
decision_type=2 2 2 2 2 2 2 2 2 2 2 2 2 2 2 2 2 2 2 2 2 2 2 2 2 2 2 2 2 2
left_child=2 3 8 29 14 7 10 -3 -1 -6 27 12 -12 -13 19 -16 18 21 22 -4 -21 -7 24 25 -9 -24 -23 -5 -29 -2
right_child=1 5 4 6 9 17 -8 16 -10 -11 11 13 -14 -15 15 -17 -18 -19 -20 20 -22 26 23 -25 -26 -27 -28 28 -30 -31
leaf_value=-0.00038006818331825658 0.00031012775118505843 -0.00082265052547625677 -0.00044248754496288475 -0.00053032482355989171 -0.00045794092137263612 0.0070218877855076668 -0.00061911622178592498 0.0017184037013543551 -0.00057893713316819616 -0.00025739549897843143 -0.0007641655605405695 0.00029382220891533811 0.00046383176291359476 -0.00042694411857938975 -0.0004427393931528416 -0.00026989687616103814 -5.3279286911396296e-05 0.012537528744621163 -0.00046023272057480906 5.6849334098858439e-05 -0.00031848530001869302 0.0020737985002353509 0.0015103792107416436 0.007842979912159001 -0.00070134095916271676 -7.0902497200883011e-05 -8.5458778394882642e-05 -0.00016224815811977778 -0.00055273039989250082 0.0015451615810294342
leaf_weight=89 255 83 125 76 234 141 71 225 248 70 89 546 69 62 156 60 196 65 106 160 306 61 449 152 117 100 89 447 67 118
leaf_count=89 255 83 125 76 234 141 71 225 248 70 89 546 69 62 156 60 196 65 106 160 306 61 449 152 117 100 89 447 67 118
internal_value=-0.00172893 0.00142299 -0.00953039 -0.00136111 -0.00740324 0.00423206 -0.00264541 0.00304622 -0.016543 -0.0125 -0.00210177 -0.000130548 -0.00601266 0.00139803 -0.00548327 -0.0099537 0.00362454 0.00898876 0.0044604 -0.00384941 -0.00236052 0.00713058 0.0051534 0.00659772 0.00219298 0.0048725 0.00333333 -0.00466102 -0.0036965 0.00355228
internal_weight=5032 3584 1448 1800 1111 1784 1427 1428 337 304 1356 766 158 608 807 216 1345 356 1149 591 466 291 1043 701 342 549 150 590 514 373
internal_count=5032 3584 1448 1800 1111 1784 1427 1428 337 304 1356 766 158 608 807 216 1345 356 1149 591 466 291 1043 701 342 549 150 590 514 373
is_linear=0
shrinkage=0.05


Tree=19
num_leaves=31
num_cat=0
split_feature=1 1 6 0 4 0 11 9 0 5 1 0 11 3 7 4 8 1 8 1 4 9 7 4 1 2 4 6 4 8
split_gain=44.2 10.0099 9.01888 4.73846 4.07171 4.0611 2.89104 2.84033 2.78732 2.67823 2.53935 2.43325 2.39255 2.14172 2.51774 2.04129 1.99927 1.95038 1.8235 1.74251 1.6952 1.59366 1.58757 1.61968 1.58089 1.57856 1.50486 1.50206 1.78982 1.39551
threshold=0.00085518450000000011 0.0043913700000000012 0.00033355150000000008 3.4018200000000003 14.309950000000002 1.0083100000000003 1.0000000180025095e-35 3636.5000000000005 -1.0000000180025095e-35 0.0048740200000000006 0.00016161400000000003 11.450850000000001 20.500000000000004 1.5000000000000002 -0.032796199999999991 51.302600000000005 33.850000000000009 0.020630250000000006 17.008350000000004 0.012166400000000003 0.043196100000000008 2951.5000000000005 -0.015606399999999998 0.28814550000000005 0.00014491050000000003 0.25271400000000005 10.894500000000003 0.024912200000000006 1.5644250000000002 9.7416650000000029
decision_type=2 2 2 2 2 2 2 2 2 2 2 2 2 2 2 2 2 2 2 2 2 2 2 2 2 2 2 2 2 2
left_child=2 5 8 10 6 -2 -3 9 -1 -7 20 12 13 14 -8 22 19 18 -6 -13 -4 25 23 29 -10 -12 -5 28 -15 -11
right_child=1 4 3 26 17 7 11 -9 24 15 21 16 -14 27 -16 -17 -18 -19 -20 -21 -22 -23 -24 -25 -26 -27 -28 -29 -30 -31
leaf_value=-0.00037270881525048292 0.00077877965068834831 -0.00078151799920244411 -0.00052862403913026717 -0.00045254291046209434 0.0051464290064921732 -0.00050380858238189706 0.0016472062089786278 -0.00058816041069662873 -0.00055422455946191839 0.0010751840663657344 1.4380599670317171e-05 -0.00044250110194155625 -0.00029576357523003612 0.00035978757107761226 -0.00081164352471564411 0.00059187301783050273 0.0020518120520574214 0.011910652307390107 0.0006215107258787122 0.00017519570185458059 -0.0002839859957898469 -0.00040537924228093439 -0.0001814683857127633 0.00026961570053511729 -0.00049881782822843259 -0.0002842488103156964 -0.00037592181909835672 0.0040224748876611233 0.0048004537346488978 -0.00041784145158602385
leaf_weight=107 373 83 61 202 178 76 198 71 136 69 191 91 143 202 106 158 88 65 113 123 66 136 784 82 94 395 60 316 78 187
leaf_count=107 373 83 61 202 178 76 198 71 136 69 191 91 143 202 106 158 88 65 113 123 66 136 784 82 94 395 60 316 78 187
internal_value=-0.00170906 0.00126953 -0.00908149 -0.00690819 0.00392377 -0.00136111 0.00273109 -0.00257533 -0.0162463 -0.0020649 -0.00509423 0.00328996 0.00443432 0.00538889 0.00197368 -0.00152344 -0.000662252 0.00870787 0.00695876 -0.00327103 -0.0116142 -0.00394737 -0.00227273 0.000591716 -0.0193478 -0.0028157 -0.0127863 0.00713087 0.00446429 -0.00136719
internal_weight=5032 3584 1448 1111 1784 1800 1428 1427 337 1356 849 1345 1043 900 304 1280 302 356 291 214 127 722 1122 338 230 586 262 596 280 256
internal_count=5032 3584 1448 1111 1784 1800 1428 1427 337 1356 849 1345 1043 900 304 1280 302 356 291 214 127 722 1122 338 230 586 262 596 280 256
is_linear=0
shrinkage=0.05


Tree=20
num_leaves=31
num_cat=0
split_feature=1 6 1 0 0 0 4 11 4 1 9 4 5 0 11 4 7 8 7 3 7 12 7 7 1 12 0 7 1 4
split_gain=42.0436 8.88088 8.48677 4.32312 3.50705 3.38524 3.29866 2.82437 2.36608 2.36591 2.34434 2.29289 2.27309 2.10402 2.24226 2.07474 1.92317 1.72118 1.70384 1.68418 2.27513 1.66796 1.77574 1.58206 1.55824 1.42819 1.59214 1.61809 1.41097 1.38788
threshold=0.00085518450000000011 0.00033355150000000008 0.0043913700000000012 2.1529750000000005 1.0083100000000003 -0.068901299999999985 14.309950000000002 1.0000000180025095e-35 30.521150000000002 0.00035936500000000005 3693.5000000000005 51.302600000000005 0.72122750000000013 11.450850000000001 20.500000000000004 0.18543550000000003 0.056234900000000011 18.025000000000002 -0.015606399999999998 1.5000000000000002 -0.032796199999999991 1.5000000000000002 0.00028281500000000006 0.028446650000000004 0.023044300000000004 5.5000000000000009 7.583470000000001 0.024025250000000001 0.00014491050000000003 0.28814550000000005
decision_type=2 2 2 2 2 2 2 2 2 2 2 2 2 2 2 2 2 2 2 2 2 2 2 2 2 2 2 2 2 2
left_child=1 5 4 9 -2 -1 7 -4 -5 21 11 18 -11 14 19 -15 -8 -18 29 20 -9 -3 -23 -17 -21 26 27 -20 -7 -6
right_child=2 3 6 8 10 28 16 13 -10 12 -12 -13 -14 15 -16 23 17 -19 25 24 -22 22 -24 -25 -26 -27 -28 -29 -30 -31
leaf_value=-0.0003424293333898196 0.00073984066815393091 -0.00035442977389021934 -0.00074244209924232178 -0.0004146368648535936 -0.0002271660234332368 -0.00052651333148882244 6.4865119259781978e-05 0.0015648458985296964 -0.00019840623913947334 9.9626107355623412e-05 -0.00055875239016179733 0.00056227936693897752 -0.00040307496931496056 -0.00041089000306675271 -0.00028097539646853437 0.0020250135439043681 0.0062670352818431294 0.00208627416344077 -0.00012845811914290116 0.001610059259594706 -0.00077106134847986191 -0.00043083622790571143 -4.9674761815877301e-06 -4.7356126993089966e-05 0.0088058076120245722 -0.00039847019520757417 -0.00060547178835468709 0.0010832511901146019 -0.00047907634963943079 0.00024370523142923557
leaf_weight=89 373 83 83 375 261 150 67 198 67 182 61 158 200 106 143 84 180 109 485 475 106 112 92 112 121 205 77 96 98 84
leaf_count=89 373 83 83 375 261 150 67 198 67 182 61 158 200 106 143 84 180 109 485 475 106 112 92 112 121 205 77 96 98 84
internal_value=-0.00164944 -0.00883978 0.00125558 -0.00668317 -0.00116667 -0.0159496 0.00369955 0.00262605 -0.0105204 -0.00414798 -0.00229502 -0.00186676 -0.00157068 0.00317844 0.00424257 -0.000496689 0.00800562 0.00977509 -0.00260762 0.00516667 0.00213816 -0.0075784 -0.00514706 0.00255102 0.00671141 -0.0037949 -0.00265957 -0.0017642 -0.0189516 0.000362319
internal_weight=5032 1448 3584 1111 1800 337 1784 1428 442 669 1427 1366 382 1345 1043 302 356 289 1208 900 304 287 204 196 596 863 658 581 248 345
internal_count=5032 1448 3584 1111 1800 337 1784 1428 442 669 1427 1366 382 1345 1043 302 356 289 1208 900 304 287 204 196 596 863 658 581 248 345
is_linear=0
shrinkage=0.05


Tree=21
num_leaves=31
num_cat=0
split_feature=1 6 1 0 0 4 1 4 0 10 1 12 7 8 2 3 2 13 9 8 0 6 2 4 6 7 7 4 8 1
split_gain=39.7838 9.38558 6.53477 4.07186 2.81473 2.79818 2.74269 6.13443 2.75949 2.72061 2.6739 2.6595 2.35902 2.33972 2.2395 2.21503 2.35368 2.17351 2.44656 2.10289 2.03357 1.98947 1.89677 1.86488 3.42446 1.80613 1.77518 1.80384 1.75446 1.70081
threshold=0.0010193650000000002 0.00033355150000000008 0.0025580900000000003 2.1529750000000005 -0.15297499999999997 41.492150000000002 0.023044300000000004 0.043196100000000008 2.5799250000000002 20.500000000000004 0.00014491050000000003 1.5000000000000002 -0.00039072449999999996 33.850000000000009 4.0917850000000007 1.5000000000000002 10.768200000000002 1.0000000180025095e-35 1642.5000000000002 12.125000000000002 0.78762650000000012 0.00081000100000000008 0.26841600000000004 2.8299200000000004 0.044683900000000006 -0.0029258849999999996 -0.027678299999999996 14.309950000000002 33.850000000000009 0.00064165750000000008
decision_type=2 2 2 2 2 2 2 2 2 2 2 2 2 2 2 2 2 2 2 2 2 2 2 2 2 2 2 2 2 2
left_child=1 4 5 11 -1 13 8 -8 19 14 -6 25 -5 21 28 16 -16 18 20 26 22 -2 -13 24 -9 -3 -4 -28 -10 -14
right_child=2 3 6 12 10 -7 7 23 9 -11 -12 17 29 -15 15 -17 -18 -19 -20 -21 -22 -23 -24 -25 -26 -27 27 -29 -30 -31
leaf_value=-0.00026722957839340523 -0.00033000959011152256 -0.00020301790533792751 0.0039750551345850279 -0.00040885286705197397 -0.00050213920149733539 0.0010399068669382839 -0.0012970445158540331 -0.00077296875066481814 -0.00026124698733734976 -0.0008097479465182597 -0.00043541713368450575 1.9033146736345109e-05 -0.00038130153789357074 -0.00060794271401928162 0.0012397809821303595 0.0014091785493600226 -0.00052578981452688391 7.9641510732277913e-05 -0.00055911918084067768 0.00031742203429365752 0.00012514751378453587 -0.00010998422443441667 -0.00054612141941611414 0.0083655172314233434 0.0082098645866363444 -0.00034562299801218517 0.00034657983763340536 0.0058239459328121666 0.00098492499629613205 -8.2354943507771509e-05
leaf_weight=73 81 61 163 291 164 115 60 67 367 73 117 62 130 68 120 491 179 202 72 250 123 756 93 97 118 151 189 107 83 109
leaf_count=73 81 61 163 291 164 115 60 67 367 73 117 62 130 68 120 491 179 202 72 250 123 756 93 97 118 151 189 107 83 109
internal_value=-0.00166932 -0.00804005 0.00143322 -0.00606646 -0.0152542 -0.00191176 0.00287648 0.00701754 0.00217606 0.000818736 -0.0175267 -0.00373037 -0.00943396 -0.0028453 0.00137097 0.00297468 -0.00041806 -0.00190217 -0.00428571 0.0046897 -0.00215827 -0.00212067 -0.00596774 0.0101064 0.00716216 -0.00849057 0.00669935 0.00439189 -0.00144444 -0.00575314
internal_weight=5032 1648 3384 1294 354 1020 2364 342 2022 1313 281 764 530 905 1240 790 299 552 350 709 278 837 155 282 185 212 459 296 450 239
internal_count=5032 1648 3384 1294 354 1020 2364 342 2022 1313 281 764 530 905 1240 790 299 552 350 709 278 837 155 282 185 212 459 296 450 239
is_linear=0
shrinkage=0.05


Tree=22
num_leaves=31
num_cat=0
split_feature=1 6 1 8 4 0 7 6 0 15 0 4 5 11 0 10 1 9 2 13 8 2 0 9 2 5 8 0 3 8
split_gain=37.2745 8.54847 6.82319 4.07797 3.89737 3.80965 3.08277 2.65597 2.92974 2.52732 2.50806 2.38284 1.96651 1.936 1.9348 1.92315 1.78663 1.76022 1.54911 1.59785 1.54076 1.48013 1.46269 1.43536 1.42821 1.76831 1.26685 1.61403 1.21004 1.7574
threshold=0.00085518450000000011 0.00033355150000000008 0.0088221450000000017 20.775000000000002 48.775300000000009 -1.0000000180025095e-35 0.0034078850000000003 0.0013352950000000002 1.0083100000000003 1.0000000180025095e-35 2.3078400000000001 14.309950000000002 0.14805500000000002 15.500000000000002 5.5678050000000008 4.5000000000000009 0.00014491050000000003 2869.0000000000005 0.36611800000000005 1.5000000000000002 13.491650000000002 8.506115000000003 3.6853600000000006 3060.5000000000005 4.3387600000000015 0.53789700000000018 8.1416650000000015 1.4285750000000002 3.5000000000000004 13.825000000000001
decision_type=2 2 2 2 2 2 2 2 2 2 2 2 2 2 2 2 2 2 2 2 2 2 2 2 2 2 2 2 2 2
left_child=1 5 4 10 7 -1 -5 -2 9 24 17 14 28 21 26 -13 -7 -3 -14 -20 -12 -6 -21 -16 25 -9 -4 -28 29 -10
right_child=2 3 11 6 13 16 -8 8 12 -11 20 15 18 -15 23 -17 -18 -19 19 22 -22 -23 -24 -25 -26 -27 27 -29 -30 -31
leaf_value=-0.00032359042889879756 -0.00025088466768970555 -0.00014619749929367879 0.0074585260032426623 -0.00038092522656214605 0.0035281327638548039 -0.00047508070483951457 -0.00019689661615563829 0.0009727608231001922 -0.00047010357463394187 0.0029651725608586688 -0.00039308998393015166 0.0045210673016404376 0.00021335132120851353 -0.00020843509765498789 -7.9945579164766162e-05 0.0083591990983676659 -0.00042815226265081419 -0.00033656663570548755 -6.7594861340271843e-05 -2.1647385464860366e-05 -0.00028960867081569922 0.0013565364239747045 -0.00060270480044309974 0.001664397155339341 0.002208047312018849 -0.00045874894625771089 -0.0001838716227626089 0.0032985280495612247 -0.00012800707443037492 -0.00023419904854451795
leaf_weight=107 239 485 130 234 60 136 70 84 60 106 144 126 110 96 345 71 94 115 1024 67 63 149 67 82 74 117 89 241 162 85
leaf_count=107 239 485 130 234 60 136 70 84 60 106 144 126 110 96 345 71 94 115 1024 67 63 149 67 82 74 117 89 241 162 85
internal_value=-0.00175874 -0.00852901 0.000976562 -0.00641314 -0.00046 -0.0155045 -0.0113487 -0.0011959 -0.000587935 0.00334646 -0.0045539 0.00428967 -0.00153968 0.00483607 0.00318489 0.00926396 -0.0191304 -0.00291667 -0.000670347 -0.00120898 -0.00929952 0.00753589 -0.00634328 0.000761124 0.000818182 -0.00136816 0.00543478 0.00378788 -0.00513029 -0.00844828
internal_weight=5032 1448 3584 1111 2500 337 304 2195 1956 381 807 1084 1575 305 887 197 230 600 1268 1158 207 209 134 427 275 201 460 330 307 145
internal_count=5032 1448 3584 1111 2500 337 304 2195 1956 381 807 1084 1575 305 887 197 230 600 1268 1158 207 209 134 427 275 201 460 330 307 145
is_linear=0
shrinkage=0.05


Tree=23
num_leaves=31
num_cat=0
split_feature=1 6 1 0 0 12 4 3 11 7 0 1 10 7 4 0 0 1 4 5 0 8 1 12 10 8 1 8 4 7
split_gain=35.5498 8.71858 6.27915 3.94317 3.80965 2.67274 2.62298 2.75139 2.40881 2.37262 2.26679 2.08457 2.21455 3.07043 2.03664 1.88657 1.87705 1.78663 1.7835 1.78638 1.65475 1.59179 1.57685 1.42361 1.40398 1.39351 2.1183 1.34277 1.33937 2.16199
threshold=0.00085518450000000011 0.00033355150000000008 0.0025580900000000003 2.2730900000000003 -1.0000000180025095e-35 1.5000000000000002 127.72250000000001 2.5000000000000004 1.5000000000000002 0.024025250000000001 0.50553000000000015 0.0099361450000000021 6.5000000000000009 0.015466700000000002 10.894500000000003 3.4427550000000005 6.1698400000000015 0.00014491050000000003 0.23165950000000002 4.700260000000001 2.1529750000000005 8.2583350000000006 0.00019370050000000003 2.5000000000000004 2.5000000000000004 11.791650000000002 0.0039280100000000009 11.708350000000001 0.68787600000000015 -0.0025139449999999996
decision_type=2 2 2 2 2 2 2 2 2 2 2 2 2 2 2 2 2 2 2 2 2 2 2 2 2 2 2 2 2 2
left_child=1 4 9 5 -1 24 8 -8 16 10 -2 12 18 -14 -5 27 23 -6 25 20 -20 -17 -7 -4 -3 26 -10 -13 -12 -30
right_child=2 3 6 14 17 22 7 -9 11 -11 28 15 13 -15 -16 21 -18 -19 19 -21 -22 -23 -24 -25 -26 -27 -28 -29 29 -31
leaf_value=-0.0003074109074538577 0.00026267544559606431 -0.00023964996443904133 -0.00025894592144696924 -0.00036128486355380238 -0.00045132666959753887 -0.00036816038932199627 0.00013424321513067546 0.0063573490778160852 0.0021075544032048655 0.00057007415748869326 -0.00032454526280438544 0.0074432180252477003 0.00019292680311547018 -0.00077856827992658299 -0.00018449767501259562 -0.0006014404682053179 -0.00065316394704127028 -0.00040674464951827348 0.0026363672169179907 0.0026757586546000004 -4.2009075777329002e-05 0.0021131936231074747 -4.7360976517218413e-05 0.0015176704241034124 -0.00031679470693026922 -0.00033380793908156271 -0.000101866566660698 0.0021345683498067924 0.00027036509956758248 -0.00029534910625839757
leaf_weight=107 140 111 73 324 136 108 62 68 62 97 493 153 123 111 91 80 93 94 160 171 203 478 389 83 88 228 103 113 91 399
leaf_count=107 140 111 73 324 136 108 62 68 62 97 493 153 123 111 91 80 93 94 160 171 203 478 389 83 88 228 103 113 91 399
internal_value=-0.00184817 -0.00845994 0.000823103 -0.00632313 -0.0155045 -0.00402299 0.00232657 0.00923077 0.0019248 -0.00209016 -0.0027382 0.0025063 0.00114126 -0.00320513 -0.0101807 0.00442961 -0.00271084 -0.0191304 0.0022384 0.00411985 0.00213499 0.00277778 -0.00206237 0.000641026 -0.0089196 -0.000318066 0.00318182 0.00789474 -0.00358596 -0.00173469
internal_weight=5032 1448 3584 1111 337 696 2364 130 2234 1220 1123 1985 1161 234 415 824 249 230 927 534 363 558 497 156 199 393 165 266 983 490
internal_count=5032 1448 3584 1111 337 696 2364 130 2234 1220 1123 1985 1161 234 415 824 249 230 927 534 363 558 497 156 199 393 165 266 983 490
is_linear=0
shrinkage=0.05


Tree=24
num_leaves=31
num_cat=0
split_feature=1 1 0 0 7 9 6 4 7 2 2 5 5 9 12 0 0 3 4 9 4 4 0 12 1 5 15 1 10 15
split_gain=32.94 8.09779 5.74467 5.69521 4.73447 3.43909 3.369 3.14859 2.40219 2.65667 3.17825 2.39798 2.14119 2.04523 2.00644 2.42603 1.94685 2.03655 1.71184 1.68471 1.65116 3.49448 2.39083 1.59453 1.86275 1.53382 1.86597 1.52614 2.2895 1.71612
threshold=0.0010193650000000002 0.00019370050000000003 -0.11911949999999999 3.2707350000000006 0.056234900000000011 3693.5000000000005 0.00062946200000000012 14.309950000000002 -0.054334999999999994 4.2623550000000003 5.1092850000000007 1.8045850000000001 0.87626650000000017 2679.5000000000005 4.5000000000000009 4.9449450000000015 2.7446800000000002 1.5000000000000002 2.2425350000000006 2328.5000000000005 1.2986050000000002 3.9218700000000006 3.2707350000000006 5.5000000000000009 0.00053207050000000011 0.013004900000000002 1.0000000180025095e-35 0.026805550000000001 2.5000000000000004 1.0000000180025095e-35
decision_type=2 2 2 2 2 2 2 2 2 2 2 2 2 2 2 2 2 2 2 2 2 2 2 2 2 2 2 2 2 2
left_child=1 2 -1 13 5 8 -4 27 12 11 -11 14 -2 19 15 -10 -14 -18 -13 25 22 -22 -12 24 -5 -3 -27 28 -6 -30
right_child=4 3 6 23 7 -7 -8 -9 9 10 20 18 16 -15 -16 -17 17 -19 -20 -21 21 -23 -24 -25 -26 26 -28 -29 29 -31
leaf_value=-0.0001276733872832895 0.0041284477068090309 0.00014479690134529787 -0.00043219540189918718 -0.00040266837841755604 0.0022789978712391044 -0.00051728135579447068 -0.00039063432027331124 0.0038627860647818036 0.00011515682565820928 0.0034363863283212587 0.00042721100441788342 -0.0007826269249800945 0.0023352197352125913 -0.00028900932547773413 -0.00029982538950718945 -0.00036767194455051904 -0.00066858883629916871 0.00073682204903195161 -2.5325591483250574e-05 0.00025675295786849227 0.002331037873106448 4.9880233525344268e-05 -0.00040679700565784548 -0.00012577711246164258 -0.00032989771742227084 -0.00032227528834855327 -6.3419177242419848e-05 0.0051021848721173896 -0.0010066144105666175 0.00343741050215364
leaf_weight=109 101 67 206 105 115 76 93 306 439 71 180 113 144 243 294 148 171 191 60 92 87 258 236 78 184 254 217 121 204 69
leaf_count=109 101 67 206 105 115 76 93 306 439 71 180 113 144 243 294 148 171 191 60 92 87 258 236 78 184 254 217 121 204 69
internal_value=-0.00181836 -0.00761529 -0.0137255 -0.00560484 0.00100473 -4.86571e-05 -0.0173077 0.00432515 0.000270758 -0.000609756 0.0015024 -0.00227704 0.00300659 -0.00340779 -0.0012202 0.000468484 0.00167984 -0.000276243 -0.00765896 -0.00190476 0.000558476 0.00311594 -0.0015625 -0.0108311 -0.0125433 -0.00297398 -0.00398089 0.00191552 0.000386598 -0.00210623
internal_weight=5032 1648 408 1240 3384 2569 299 815 2493 1886 832 1054 607 873 881 587 506 362 173 630 761 345 416 367 289 538 471 509 388 273
internal_count=5032 1648 408 1240 3384 2569 299 815 2493 1886 832 1054 607 873 881 587 506 362 173 630 761 345 416 367 289 538 471 509 388 273
is_linear=0
shrinkage=0.05


Tree=25
num_leaves=31
num_cat=0
split_feature=1 6 1 0 0 4 1 15 0 6 7 2 1 6 0 11 1 0 5 9 10 0 4 12 1 11 9 3 10 8
split_gain=30.9192 6.44233 5.97646 3.97443 3.44556 2.42501 3.27784 2.48228 2.30372 2.66656 2.23387 2.09869 2.04657 2.02117 2.01294 1.92807 1.89394 1.86496 2.45862 1.72702 2.28745 1.71443 1.64273 1.63727 1.63759 1.57592 1.43599 1.42982 1.76112 1.40661
threshold=0.0007435565000000001 0.00033355150000000008 0.0025580900000000003 2.3078400000000001 -1.0000000180025095e-35 1.6788600000000002 0.024024250000000004 1.0000000180025095e-35 17.560100000000002 0.092566800000000019 0.024025250000000001 0.34614550000000005 0.0051561400000000009 0.022984250000000001 -0.18120599999999998 1.0000000180025095e-35 0.00013756500000000003 4.5998600000000005 0.0040564750000000012 1889.0000000000002 4.5000000000000009 2.9914650000000003 9.9388600000000018 1.5000000000000002 0.00019370050000000003 3.5000000000000004 1713.5000000000002 1.5000000000000002 4.5000000000000009 13.825000000000001
decision_type=2 2 2 2 2 2 2 2 2 2 2 2 2 2 2 2 2 2 2 2 2 2 2 2 2 2 2 2 2 2
left_child=1 4 10 14 -1 8 7 19 9 11 17 12 -4 25 -3 -5 -6 18 -2 20 -7 -15 -17 -16 -25 -13 -11 -21 -29 -27
right_child=2 3 5 15 16 6 -8 -9 -10 26 -12 13 -14 21 23 22 -18 -19 -20 27 -22 -23 -24 24 -26 29 -28 28 -30 -31
leaf_value=-0.00028565669271700037 -0.000473455125762148 0.00028857028971093307 1.8565710415504451e-05 -0.0003363203342797762 -0.0004079769183767336 0.0040408092142917573 0.0066971257854368032 0.0022105489480141174 -0.00057594377323964623 0.0016010381194331476 0.00052160264963738232 -0.00026860903551471433 -0.00083709984168458022 0.003539235052368707 -0.00028356090831992506 -0.00034680753781232004 -0.0003625936678744435 -0.00038761066453662368 -5.7687250224218622e-05 -0.00096747941369328691 -0.00047912028282082447 0.0005987821590045057 -0.00015345591262939931 -0.00040113893592697079 -0.00016345207809570947 0.00050412048707307387 0.0048033325536932072 -0.0009570734173158607 0.0015409011245754675 -0.00020593640141395206
leaf_weight=107 67 61 111 68 132 200 123 218 179 114 98 127 84 105 165 208 88 338 877 61 102 126 60 84 315 321 86 120 83 204
leaf_count=107 67 61 111 68 132 200 123 218 179 114 98 127 84 105 165 208 88 338 877 61 102 126 60 84 315 321 86 120 83 204
internal_value=-0.00185811 -0.00854037 0.000440705 -0.00647763 -0.0146024 0.00196701 0.00399669 0.00280612 0.0007035 0.00144757 -0.00217391 0.000463822 -0.00423077 0.00150057 -0.00412 -0.0108631 -0.0181818 -0.00273011 -0.00158898 0.00106007 0.00364238 0.00551948 -0.00895522 -0.00505319 -0.0033208 7.66871e-05 0.00675 -0.00189394 0.000123153 0.00128571
internal_weight=5032 1288 3744 961 327 2364 907 784 1457 1278 1380 1078 195 883 625 336 220 1282 944 566 302 231 268 564 399 652 200 264 203 525
internal_count=5032 1288 3744 961 327 2364 907 784 1457 1278 1380 1078 195 883 625 336 220 1282 944 566 302 231 268 564 399 652 200 264 203 525
is_linear=0
shrinkage=0.05


Tree=26
num_leaves=31
num_cat=0
split_feature=1 6 6 0 7 0 4 6 11 8 4 2 8 4 0 0 1 4 15 8 4 12 6 7 8 0 8 1 5 1
split_gain=27.2582 6.77135 5.59257 3.60368 3.58853 3.54527 2.39191 2.35041 2.24985 2.20492 1.99997 2.70777 2.39535 2.36128 2.11597 1.89252 1.82651 1.69233 1.73493 2.22391 1.67748 1.5668 1.56149 1.48321 1.67373 1.46945 1.42087 1.33153 1.81715 1.38231
threshold=0.0007435565000000001 0.00031583100000000003 0.0018263750000000001 2.3078400000000001 0.056234900000000011 -1.0000000180025095e-35 14.309950000000002 0.12917150000000002 1.0000000180025095e-35 17.008350000000004 0.33699250000000008 4.3387600000000015 19.308350000000004 3.6267400000000003 4.8562100000000008 -0.18120599999999998 4.4870550000000007e-05 1.0050150000000002 1.0000000180025095e-35 13.358350000000002 10.894500000000003 1.5000000000000002 0.012032050000000001 0.096820850000000014 8.0416650000000018 5.5678050000000008 8.4750000000000032 0.0010835900000000002 3.6378450000000004 0.0017477950000000001
decision_type=2 2 2 2 2 2 2 2 2 2 2 2 2 2 2 2 2 2 2 2 2 2 2 2 2 2 2 2 2 2
left_child=1 5 27 15 7 -1 22 10 -5 -8 12 14 -4 25 17 -3 -7 -12 19 26 -10 -17 -6 -24 -25 -13 -19 -2 -29 -30
right_child=2 3 4 8 6 16 9 -9 20 -11 11 13 -14 -15 -16 21 -18 18 -20 -21 -22 -23 23 24 -26 -27 -28 28 29 -31
leaf_value=-0.00027116743879620537 -0.00032515923625399802 0.00027414177522538648 -2.7757015745601134e-05 -0.00031950431756578738 -0.0012587162015343554 -0.0003913604616647456 0.0055884161914103577 0.0041969309901088202 -0.00033153369312646899 0.0011573592401286955 0.00024481346752022341 0.0023434018218173704 -0.00044695806555800462 0.00013945180158366299 -0.00046758469733789869 -0.00027490042796695459 -0.00033303751020528455 -0.00044830295514159405 0.00012976671520888457 -0.00061025293934102688 -0.00011449982210391293 -0.00021466018659474438 0.0018823479708230048 0.007236312860306785 -0.00017487274876151968 0.00027065873573250152 0.00030938138100697164 -0.00026575945775830675 0.00027959622458829128 -0.00028722946424237123
leaf_weight=106 161 61 804 68 62 78 181 105 211 123 169 157 351 258 182 167 131 63 161 65 60 406 91 69 282 93 66 102 86 113
leaf_count=106 161 61 804 68 62 78 181 105 211 123 169 157 351 258 182 167 131 63 161 65 60 406 91 69 282 93 66 102 86 113
internal_value=-0.00187798 -0.00815217 0.000280449 -0.00608941 0.00100548 -0.0145238 0.00389851 6.06306e-05 -0.0102507 0.00740132 -0.000263824 0.00115321 -0.00175325 0.00393701 -0.000849858 -0.00386435 -0.0183014 0.000763359 -0.00119718 -0.00438144 -0.00821033 -0.00475567 0.00178571 0.00282805 0.00135328 0.0074 -0.000581395 -0.00487013 -0.00290698 -0.000125628
internal_weight=5032 1288 3744 973 3282 315 808 2474 339 304 2369 1214 1155 508 706 634 209 524 355 194 271 573 504 442 351 250 129 462 301 199
internal_count=5032 1288 3744 973 3282 315 808 2474 339 304 2369 1214 1155 508 706 634 209 524 355 194 271 573 504 442 351 250 129 462 301 199
is_linear=0
shrinkage=0.05


Tree=27
num_leaves=31
num_cat=0
split_feature=1 6 1 0 0 7 1 0 7 7 2 3 9 6 9 11 13 6 8 12 4 4 1 15 4 8 0 8 5 5
split_gain=25.6814 6.51169 5.03954 3.70285 3.61524 2.23387 2.15821 1.99987 2.17652 2.79887 2.40816 2.16324 2.7446 1.94605 2.0291 1.93634 1.87888 1.74937 1.79768 1.71193 1.70375 1.67748 1.58259 1.64643 1.55017 1.53636 1.51206 1.44808 2.38332 1.44608
threshold=0.0007435565000000001 0.00031583100000000003 0.0025580900000000003 -0.020533949999999995 2.3078400000000001 0.024025250000000001 4.4870550000000007e-05 5.9903050000000011 0.056234900000000011 -0.025981899999999999 12.051450000000001 5.5000000000000009 719.50000000000011 0.016966600000000002 1603.5000000000002 1.0000000180025095e-35 1.0000000180025095e-35 0.00081000100000000008 27.583350000000006 1.5000000000000002 2.1008350000000005 10.894500000000003 0.029931300000000004 1.0000000180025095e-35 14.309950000000002 9.9083350000000028 1.9845050000000002 12.125000000000002 2.9968350000000004 0.082878900000000019
decision_type=2 2 2 2 2 2 2 2 2 2 2 2 2 2 2 2 2 2 2 2 2 2 2 2 2 2 2 2 2 2
left_child=1 3 5 -1 19 17 -5 8 9 10 27 12 -9 16 -15 -6 20 -2 -19 29 -11 -17 23 -13 -10 -18 -8 -4 -29 -3
right_child=2 4 7 6 15 -7 26 11 24 13 -12 22 -14 14 -16 21 25 18 -20 -21 -22 -23 -24 -25 -26 -27 -28 28 -30 -31
leaf_value=-0.00025178704630732555 -0.00028351757066686869 -8.7676142948098744e-05 0.0034970476728265077 -0.00037275910154036456 -0.00030352910168749797 0.00048742565392791566 -0.00024441234452877194 -0.0010777780712930573 0.0016953530829911458 9.1159101694018169e-05 -0.00027238335980144527 -0.00027286799103025259 -5.9367747419325489e-05 -0.00051327025266728642 6.4034524744464166e-05 -0.00031495700847014552 0.00024448514628442963 -7.4602608224094192e-05 -0.00042724904985357807 -0.00015942194315252987 0.0050428051590915611 -0.00010877483099871727 0.0081485501054254592 0.0028524607715794664 0.004403022465713659 -0.00066306713231255158 -0.00037006108027072375 0.0032948417728104907 -0.00067214704075981154 -0.00033355843402112977
leaf_weight=102 156 65 222 81 68 98 68 62 290 117 107 181 486 98 87 211 60 975 151 456 72 60 66 88 183 72 64 102 71 113
leaf_count=102 156 65 222 81 68 98 68 62 290 117 107 181 486 98 87 211 60 975 151 456 72 60 66 88 183 72 64 102 71 113
internal_value=-0.00186804 -0.00795807 0.00022703 -0.0142063 -0.00593525 -0.00217391 -0.0179577 0.0016286 0.00275152 0.00143849 0.00408367 -0.000254813 -0.00218978 -0.00118577 -0.00527027 -0.0101032 0.00116822 -0.00273011 -0.00204263 -0.00370662 0.00436508 -0.00821033 0.00291045 0.00120818 0.00554968 -0.00340909 -0.0140152 0.00588608 0.00245665 -0.00786517
internal_weight=5032 1288 3744 315 973 1380 213 2364 1481 1008 502 883 548 506 185 339 321 1282 1126 634 189 271 335 269 473 132 132 395 173 178
internal_count=5032 1288 3744 315 973 1380 213 2364 1481 1008 502 883 548 506 185 339 321 1282 1126 634 189 271 335 269 473 132 132 395 173 178
is_linear=0
shrinkage=0.05


Tree=28
num_leaves=31
num_cat=0
split_feature=1 6 1 0 0 6 4 8 13 8 4 2 1 1 9 0 9 3 10 0 9 8 4 1 6 9 11 5 2 6
split_gain=24.1933 6.412 5.01031 3.47233 3.34256 2.55678 2.54237 2.36636 2.31541 2.03334 2.0087 2.22628 2.44719 2.0595 2.02094 1.75888 1.8538 1.63068 2.83074 1.50355 1.79818 1.86917 1.7355 1.49143 1.37083 1.36207 1.34923 1.21965 1.18528 1.15987
threshold=0.00069247600000000014 0.00033355150000000008 0.0099361450000000021 -0.15297499999999997 0.98387550000000012 0.0017420350000000001 0.33699250000000008 17.141650000000002 1.5000000000000002 19.308350000000004 30.521150000000002 0.022769650000000002 0.00051925000000000007 0.00061483750000000008 2571.5000000000005 4.1956550000000012 2854.5000000000005 1.5000000000000002 1.5000000000000002 6.7829950000000006 1469.5000000000002 12.225000000000001 2.8299200000000004 4.4870550000000007e-05 0.00083960400000000009 3144.5000000000005 2.5000000000000004 2.8235250000000005 0.55482250000000011 0.083298850000000021
decision_type=2 2 2 2 2 2 2 2 2 2 2 2 2 2 2 2 2 2 2 2 2 2 2 2 2 2 2 2 2 2
left_child=1 3 5 -1 7 -2 9 24 15 26 11 -6 14 -14 -13 -8 -17 18 -4 20 21 -19 29 -5 -3 -10 -7 -22 -26 -21
right_child=2 4 17 23 10 6 8 -9 25 -11 -12 12 13 -15 -16 16 -18 19 -20 22 27 -23 -24 -25 28 -27 -28 -29 -30 -31
leaf_value=-0.0001755038044009112 -0.00021269437402945046 -0.0003701572717951668 0.0058030294933406786 -0.00035627112485819075 -5.92588363506159e-05 -0.00024267237860804174 0.00043364276500004739 -0.00031758132855448635 -4.0717409442809528e-05 -0.00042094776975980887 -0.00010157152013320453 -0.00029244245650701331 -8.2137562089379398e-05 -0.00039878652565052082 -0.00037964875923507293 -0.000222042514911356 0.0010235074464716805 0.0054563663003741967 -0.001047588658876102 -0.00050589920245415823 0.0021561459608279519 -0.00065326044607409153 0.0034085361467232145 -0.00028987115013540652 0.00015923512084990425 -0.00055219760205782659 3.2050957512654803e-05 0.0043612207262835713 -0.00013306035130309534 0.0012432472000885382
leaf_weight=73 448 83 85 101 60 138 765 69 94 315 87 164 75 61 70 375 87 142 141 149 78 82 128 145 108 69 564 93 112 71
leaf_count=73 448 83 85 101 60 138 765 69 94 315 87 164 75 61 70 375 87 142 141 149 78 82 128 145 108 69 564 93 112 71
internal_value=-0.00177862 -0.00794702 0.000169979 -0.0140282 -0.0057649 -0.000884413 -0.000238887 -0.00215054 0.00115108 -0.00213864 -0.00836557 -0.00976744 -0.0112162 -0.00588235 -0.0143162 0.00189487 -0.000541126 0.00327657 -0.000442478 0.00440781 0.00651899 0.00357143 0.00201149 -0.0168699 -0.000247525 -0.00444785 -0.000641026 0.0103801 0.00181818 -0.000681818
internal_weight=5032 1208 3824 319 889 2855 2407 372 1390 1017 517 430 370 136 234 1227 462 969 226 743 395 224 348 246 303 163 702 171 220 220
internal_count=5032 1208 3824 319 889 2855 2407 372 1390 1017 517 430 370 136 234 1227 462 969 226 743 395 224 348 246 303 163 702 171 220 220
is_linear=0
shrinkage=0.05


Tree=29
num_leaves=31
num_cat=0
split_feature=1 6 1 0 0 6 4 0 1 12 7 1 0 4 11 11 8 3 9 2 0 4 0 8 4 8 9 6 6 6
split_gain=22.4553 6.52448 4.30702 3.18145 3.09811 2.42185 2.21568 2.19697 2.58436 2.0629 2.01974 1.90165 1.86822 1.78647 1.7734 2.07479 2.04252 1.52392 2.66686 2.2992 1.47722 1.67269 1.45445 1.32931 1.74672 3.20292 1.20359 1.20236 1.43487 1.12416
threshold=0.0007435565000000001 0.00017186800000000002 0.0099361450000000021 2.3078400000000001 -0.020533949999999995 0.0018263750000000001 48.775300000000009 -0.23639949999999996 0.00019370050000000003 3.5000000000000004 8.019165000000001e-05 4.4870550000000007e-05 2.4001550000000003 26.430800000000001 1.5000000000000002 18.500000000000004 24.933350000000001 5.5000000000000009 2547.0000000000005 3.9879100000000007 6.9951300000000005 2.5388800000000002 4.5998600000000005 7.158335000000001 2.4075050000000005 8.6250000000000018 3085.5000000000005 0.026075500000000005 0.013577150000000001 0.025313800000000001
decision_type=2 2 2 2 2 2 2 2 2 2 2 2 2 2 2 2 2 2 2 2 2 2 2 2 2 2 2 2 2 2
left_child=1 4 5 7 -1 -2 12 -3 10 -8 -9 -6 -7 -5 -4 20 22 23 19 -19 27 -22 -17 -14 25 -25 -10 28 -16 -27
right_child=2 3 14 13 11 6 9 8 26 -11 -12 -13 17 -15 15 16 -18 18 -20 -21 21 -23 -24 24 -26 29 -28 -29 -30 -31
leaf_value=-0.00026951893009830795 -0.00019450565033227822 0.00033468646132712852 -0.00035458305623165546 -0.00028458703522128757 -0.00033683263928972599 0.00010013927874575978 2.6248989935295094e-05 -0.00031874557218192299 -0.00013205692339303437 0.0015041396422653592 -0.00030044686100997166 -0.00026355446958395336 0.00079069740403290905 -0.0001022335690380401 0.0036353610282551909 0.0011149205800890787 0.0011810848400841116 1.1181974086272792e-05 -0.00042712221364672726 0.0011613024652957493 -0.00022908003837893327 0.0037609183406008746 -0.0013100744747510315 -0.00077162679491117971 4.4692634935561503e-05 -0.00036363486627088575 -0.00022858940453812293 0.0041429332581912753 -0.00081866318989268433 6.5895319018030246e-05
leaf_weight=79 440 61 93 299 78 860 150 84 402 131 66 88 64 60 77 64 69 145 92 60 182 100 63 63 176 482 71 252 69 112
leaf_count=79 440 61 93 299 78 860 150 84 402 131 66 88 64 60 77 64 69 145 92 60 182 100 63 63 176 482 71 252 69 112
internal_value=-0.00175874 -0.00745342 0.000200321 -0.00572867 -0.0147959 -0.000801802 -0.0001606 -0.00372807 -0.00461477 0.00400356 -0.0103333 -0.0186747 -0.000730282 -0.00954039 0.00307018 0.00376712 -0.000765306 -0.00201005 0.00109428 0.00426829 0.00507353 0.00230496 -0.00452756 -0.0030379 -0.00357143 -0.00475647 -0.00280127 0.00703518 0.00342466 -0.00361953
internal_weight=5032 1288 3744 1043 245 2775 2335 684 623 281 150 166 2054 359 969 876 196 1194 297 205 680 282 127 897 833 657 473 398 146 594
internal_count=5032 1288 3744 1043 245 2775 2335 684 623 281 150 166 2054 359 969 876 196 1194 297 205 680 282 127 897 833 657 473 398 146 594
is_linear=0
shrinkage=0.05


Tree=30
num_leaves=31
num_cat=0
split_feature=1 6 1 0 0 13 4 3 4 1 5 9 8 1 8 8 0 11 12 0 11 11 8 12 8 7 7 1 0 6
split_gain=21.4767 6.43804 3.89293 3.4327 3.06375 2.37981 2.31831 2.26051 2.23842 2.38007 2.86349 2.54225 2.08895 1.90165 1.8576 1.85216 1.95733 1.82765 1.71783 1.80647 1.69075 1.92098 2.04252 1.62221 1.60832 1.59414 2.57468 1.55859 1.45445 1.36394
threshold=0.0007435565000000001 0.00017186800000000002 0.0099361450000000021 -0.020533949999999995 0.98387550000000012 2.5000000000000004 48.775300000000009 13.500000000000002 30.521150000000002 0.00051925000000000007 0.046640200000000014 2571.5000000000005 16.775000000000002 4.4870550000000007e-05 19.458350000000003 20.775000000000002 11.450850000000001 15.500000000000002 5.5000000000000009 1.5649750000000002 1.5000000000000002 18.500000000000004 24.933350000000001 3.5000000000000004 16.775000000000002 -0.012819199999999998 -0.0039710799999999992 0.0028850650000000005 4.5998600000000005 0.0046614050000000013
decision_type=2 2 2 2 2 2 2 2 2 2 2 2 2 2 2 2 2 2 2 2 2 2 2 2 2 2 2 2 2 2
left_child=1 3 5 -1 12 6 7 14 9 10 -6 -12 -3 -5 18 -16 25 23 19 -2 -4 -22 28 -8 29 -17 -27 -28 -23 -21
right_child=2 4 20 13 8 -7 17 -9 -10 -11 11 -13 -14 -15 15 16 -18 -19 -20 24 21 22 -24 -25 -26 26 27 -29 -30 -31
leaf_value=-0.00025604298359339255 0.00057335322591068813 -3.4810544954352268e-05 -0.00033685390342007293 -0.00031999100732523969 -7.8378121164229516e-05 -0.00038861940352392308 0.000313107113762674 0.00063072496444147898 -7.9249767289584598e-05 -0.00021348526289969314 -0.00026622461905069332 -0.00036795341341201775 -0.00028365029064965781 -0.00025037674610475569 -0.00079629746519578712 0.0002259472072696319 -0.00043539229599008514 -0.00034142655030527209 -0.0002673334787508278 -0.00022617684136188427 0.0025342099234097991 0.0010591745510846247 0.0011220305980799061 0.0016993580118027528 0.0002995443156328771 -0.00050177881802667128 -0.00022109733887212772 0.0011142579846722047 -0.0012445707510134797 4.800775742321018e-06
leaf_weight=79 397 342 93 78 62 67 126 72 100 211 169 73 86 88 83 133 132 103 470 270 680 64 69 106 96 70 174 93 63 383
leaf_count=79 397 342 93 78 62 67 126 72 100 211 169 73 86 88 83 133 132 103 470 270 680 64 69 106 96 70 174 93 63 383
internal_value=-0.00172893 -0.00729814 0.000186966 -0.0145918 -0.00558485 -0.000765766 -0.000535451 -0.00108512 -0.00784553 -0.00917476 -0.0120066 -0.0144628 -0.00233645 -0.0186747 -0.00135811 -0.00354015 -0.00257475 0.00335821 -0.000433168 0.00061082 0.00291538 0.00359589 -0.000765306 0.00581897 -0.000834446 -0.00106383 -0.00289318 -0.000655431 -0.00452756 -0.00172282
internal_weight=5032 1288 3744 245 1043 2775 2708 2373 615 515 304 242 428 166 2301 685 602 335 1616 1146 969 876 196 232 749 470 337 267 127 653
internal_count=5032 1288 3744 245 1043 2775 2708 2373 615 515 304 242 428 166 2301 685 602 335 1616 1146 969 876 196 232 749 470 337 267 127 653
is_linear=0
shrinkage=0.05


Tree=31
num_leaves=31
num_cat=0
split_feature=6 1 7 0 1 0 0 1 0 4 0 11 1 6 4 7 4 2 4 7 8 0 3 5 5 11 1 0 8 0
split_gain=20.3429 7.14671 4.58151 3.06569 2.97939 3.17022 2.46619 2.40913 3.17599 2.29885 2.0062 2.98806 1.73411 1.6892 1.6288 2.58696 2.01232 1.72523 2.0138 1.63605 1.52566 1.46185 1.40664 1.36623 1.28371 1.19706 1.18817 1.72404 1.20177 1.1422
threshold=0.0016578750000000003 4.4870550000000007e-05 0.071783750000000021 -0.20500099999999996 0.00019370050000000003 0.48920950000000002 -1.0000000180025095e-35 0.00069247600000000014 1.6994300000000002 14.309950000000002 5.9903050000000011 1.5000000000000002 0.018597300000000001 0.00017186800000000002 0.33699250000000008 -0.062753199999999981 0.16973300000000002 4.3387600000000015 3.7542350000000004 -0.028748849999999996 17.141650000000002 4.8562100000000008 3.5000000000000004 0.074648050000000007 2.4795250000000006 14.500000000000002 0.0013358100000000002 3.0268650000000004 10.591650000000001 2.2730900000000003
decision_type=2 2 2 2 2 2 2 2 2 2 2 2 2 2 2 2 2 2 2 2 2 2 2 2 2 2 2 2 2 2
left_child=1 6 7 -3 5 -5 -1 8 -2 -4 14 -12 -13 -6 16 -16 19 21 -19 24 -11 23 29 -17 -9 -26 27 28 -15 -21
right_child=2 3 9 4 13 -7 -8 10 -10 20 11 12 -14 26 15 17 -18 18 -20 22 -22 -23 -24 -25 25 -27 -28 -29 -30 -31
leaf_value=-0.00036067165485511861 -7.201771686857779e-05 0.0001402676140077443 0.00073859848314793662 -0.00012373103507000213 -0.00030153634706598422 -0.00031931661092993678 -0.00030451650602826693 0.0024909435972109832 -0.00024764611383796864 0.0047861647894386064 -0.00052992385187053729 -0.00014613370120303474 0.0031284090591938334 -0.00026267215975558374 0.0047896336780693487 0.00054468556461515362 -0.00052521001503095263 0.0017089547459543547 0.00017746906979783928 -0.00011527113703763016 0.0011863602983321515 -0.0004197708939327647 7.9601770188623624e-05 -3.278773904123369e-05 -0.00035153094923321451 0.0016519926032010431 -5.7767648608539339e-05 -0.00026249605860957268 -2.8802111157633092e-05 -0.00045464070229043086
leaf_weight=70 277 64 462 63 91 91 95 111 179 150 100 535 93 171 72 65 110 146 203 226 106 63 89 478 153 77 175 218 151 148
leaf_count=70 277 64 462 63 91 91 95 111 179 150 100 535 93 171 72 65 110 146 203 226 106 63 89 478 153 77 175 218 151 148
internal_value=-0.00174881 -0.00746426 1.9516e-05 -0.0059082 -0.00661458 -0.012987 -0.0171212 -0.000808 -0.00416667 0.00362117 -0.00023417 -0.00247253 -0.00119427 -0.00539702 0.000605358 0.00197176 -0.000929978 0.00128272 0.00408309 -6.21891e-05 0.00742188 -0.000330033 -0.00199784 0.000506446 0.00256598 0.000434783 -0.00458042 -0.00574074 -0.00341615 -0.00334225
internal_weight=5032 1189 3843 1024 960 154 165 3125 456 718 2669 728 628 806 1941 1027 914 955 349 804 256 606 463 543 341 230 715 540 322 374
internal_count=5032 1189 3843 1024 960 154 165 3125 456 718 2669 728 628 806 1941 1027 914 955 349 804 256 606 463 543 341 230 715 540 322 374
is_linear=0
shrinkage=0.05


Tree=32
num_leaves=31
num_cat=0
split_feature=6 1 7 0 0 1 0 1 0 4 7 1 6 0 11 15 11 0 9 11 8 0 2 0 1 2 5 7 11 8
split_gain=18.954 7.7207 4.66323 2.46619 2.4543 2.7779 3.01245 2.33817 2.81425 2.25256 2.12435 2.07101 1.88504 2.19363 2.87839 1.68909 1.98839 1.69129 1.61778 2.2838 1.52566 1.48242 1.36984 1.33085 2.01371 1.54905 1.54082 1.51751 1.21629 1.8641
threshold=0.0018263750000000001 4.4870550000000007e-05 0.071783750000000021 -1.0000000180025095e-35 -0.20500099999999996 0.00019370050000000003 0.48920950000000002 0.0007435565000000001 1.6994300000000002 14.309950000000002 -0.0036691949999999997 0.0005391040000000001 0.17815100000000003 5.9903050000000011 1.5000000000000002 1.0000000180025095e-35 21.500000000000004 0.96284300000000012 1153.5000000000002 9.5000000000000018 17.141650000000002 0.45935700000000007 9.7846550000000025 3.2344900000000005 0.0011053550000000004 1.9859850000000001 0.12255150000000002 -0.0035256099999999998 14.500000000000002 19.308350000000004
decision_type=2 2 2 2 2 2 2 2 2 2 2 2 2 2 2 2 2 2 2 2 2 2 2 2 2 2 2 2 2 2
left_child=1 3 7 -1 -3 6 -6 8 10 -4 -2 21 13 15 -15 16 28 -17 19 -19 -11 -12 -20 25 -25 26 -7 -26 29 -9
right_child=2 4 9 -5 5 23 -8 12 -10 20 11 -13 -14 14 -16 17 -18 18 22 -21 -22 -23 -24 24 27 -27 -28 -29 -30 -31
leaf_value=-0.00034263807211236267 -0.00047760626544814566 9.2063964295042121e-05 0.00071413164711466243 -0.00028929068072685356 -0.000117544483316502 -7.5183796027618321e-05 -0.00030106275008536161 -2.4365023862910933e-06 -0.00022392268180911924 0.0045468565499666757 6.1731664150584988e-05 0.00084344092273753004 0.0053777329576682412 -0.00050342765927701046 -8.97211696427406e-05 0.0020060445685908691 -0.00069478291507336822 -0.00065110284745431525 0.00012184412709963563 0.00013082476526946781 0.0011270422834155443 -0.00018941444971290919 0.0018501288942917894 -0.00029746593983834475 4.1830374201460614e-05 -7.5457398279024472e-05 -0.00028104437074471947 -0.00035606363041724835 0.00034331497510425927 -0.0004404359668716487
leaf_weight=70 62 68 461 95 67 69 93 598 203 150 63 61 84 96 570 105 83 64 296 84 106 88 68 205 67 371 71 93 367 154
leaf_count=70 62 68 461 95 67 69 93 598 203 150 63 61 84 96 570 105 83 64 296 84 106 88 68 205 67 371 71 93 367 154
internal_value=-0.00174881 -0.0070331 3.32182e-05 -0.0171212 -0.00552536 -0.00612934 -0.0121875 -0.000820749 -0.00403564 0.00366109 -0.000729927 0.00165094 -0.000223822 -0.000472837 -0.00292793 0.000426058 -0.000665557 0.00255267 0.00136719 -0.00304054 0.00742188 -0.00149007 0.00315934 -0.00502283 -0.00732877 -0.00337573 -0.00785714 -0.003125 -0.000111707 -0.0012633
internal_weight=5032 1269 3763 165 1104 1036 160 3046 477 717 274 212 2569 2485 666 1819 1202 617 512 148 256 151 364 876 365 511 140 160 1119 752
internal_count=5032 1269 3763 165 1104 1036 160 3046 477 717 274 212 2569 2485 666 1819 1202 617 512 148 256 151 364 876 365 511 140 160 1119 752
is_linear=0
shrinkage=0.05


Tree=33
num_leaves=31
num_cat=0
split_feature=6 1 7 0 6 0 1 4 8 2 2 4 7 3 6 0 1 8 2 1 4 10 3 1 8 10 11 0 0 2
split_gain=17.9788 7.49971 4.22875 2.75926 2.30571 2.01025 2.88391 2.00592 2.40802 1.98301 2.58704 2.68104 1.84693 1.78348 1.68837 1.55577 2.09695 1.74996 3.11118 1.7314 1.52407 1.42945 2.23844 1.60656 1.4934 1.37517 1.3167 1.25791 1.25511 1.21378
threshold=0.0018263750000000001 4.4870550000000007e-05 0.056234900000000011 -1.0000000180025095e-35 0.17815100000000003 3.2344900000000005 0.00035076900000000007 14.309950000000002 17.008350000000004 4.2623550000000003 5.2047100000000013 0.32524800000000004 0.0080074900000000008 3.5000000000000004 0.012032050000000001 0.98387550000000012 0.0007435565000000001 14.008350000000002 1.2086950000000003 0.00093777400000000005 0.13389100000000001 2.5000000000000004 5.5000000000000009 0.012447850000000002 11.191650000000001 7.5000000000000009 19.500000000000004 8.3881900000000016 8.9295950000000008 11.024650000000001
decision_type=2 2 2 2 2 2 2 2 2 2 2 2 2 2 2 2 2 2 2 2 2 2 2 2 2 2 2 2 2 2
left_child=1 3 4 -1 9 29 -7 14 -9 15 -11 20 13 -13 -4 17 -17 18 -2 -18 27 23 24 -16 -23 -14 -21 -12 -24 -3
right_child=2 5 7 -5 -6 6 -8 8 -10 10 11 12 25 -15 21 16 19 -19 -20 26 -22 22 28 -25 -26 -27 -28 -29 -30 -31
leaf_value=-0.00032550616850674451 0.00047691022959798482 -0.00015520736159190817 -0.0015252453640398115 -0.00027482614669051091 0.0051088463097848291 -0.00031710841780333352 -0.00022787380205787565 0.0046035205763756207 0.00062440184082779434 0.0023665182424697489 4.6261956641236845e-05 0.00012493119640750243 0.00045753114757702065 0.0017956265279320351 0.0043028406869803108 -0.00019512580503647074 0.00014984813923499593 -0.00042337796684784761 -0.0003189109403946719 -0.00012260608047837338 -0.0007648842462900364 -0.0018663976778959613 0.0056951959714622181 0.0013345563696464267 0.00037037326695270811 -0.00051015753684093771 -0.00043689158439020589 -0.00045355441886942146 -0.00041987031770219049 8.0944834810581241e-06
leaf_weight=70 216 549 62 95 80 79 323 181 123 101 328 76 226 105 61 274 101 113 135 797 81 62 101 61 97 71 113 134 64 153
leaf_count=70 216 549 62 95 80 79 323 181 123 101 328 76 226 105 61 274 101 113 135 797 81 62 101 61 97 71 113 134 64 153
internal_value=-0.00172893 -0.00687549 6.64364e-06 -0.0168182 -0.000872586 -0.00538949 -0.00820896 0.00320197 0.00641447 -0.00110589 0.000534759 -0.000220372 0.00251046 0.00649171 0.00127953 -0.00215838 -0.00305447 0.000323276 0.00206553 -0.00200297 -0.00262431 0.00235426 0.000617284 0.00696721 -0.00361635 8.41751e-05 -0.00269231 -0.00151515 0.00469697 -0.00377493
internal_weight=5032 1269 3763 165 2951 1104 402 812 304 2871 1122 1021 478 181 508 1749 1285 464 351 1011 543 446 324 122 159 297 910 462 165 702
internal_count=5032 1269 3763 165 2951 1104 402 812 304 2871 1122 1021 478 181 508 1749 1285 464 351 1011 543 446 324 122 159 297 910 462 165 702
is_linear=0
shrinkage=0.05


Tree=34
num_leaves=31
num_cat=0
split_feature=1 1 0 7 4 1 7 13 6 0 12 8 0 6 0 1 6 11 1 1 8 12 9 9 11 9 7 1 4 11
split_gain=16.5204 6.48914 3.69329 3.26559 2.4898 2.46243 2.5368 2.37212 2.35143 2.33878 1.98306 1.91796 1.73385 1.72267 1.61683 2.00764 1.51344 1.44434 1.88925 1.42307 1.36483 1.58075 1.26844 1.49537 1.60453 2.33177 1.24865 1.35252 1.21952 1.47843
threshold=0.00069247600000000014 3.3903550000000008e-05 -0.23639949999999996 0.069506250000000006 14.309950000000002 0.00019370050000000003 -6.0376699999999994e-06 2.5000000000000004 0.14253400000000002 2.1529750000000005 4.5000000000000009 17.141650000000002 -0.020533949999999995 0.00026716600000000005 2.9914650000000003 0.0013148550000000002 0.012032050000000001 1.5000000000000002 0.0051561400000000009 0.00061483750000000008 7.6250000000000009 2.5000000000000004 782.50000000000011 2854.5000000000005 16.500000000000004 2183.5000000000005 0.10629700000000002 0.026805550000000001 1.7742700000000002 14.500000000000002
decision_type=2 2 2 2 2 2 2 2 2 2 2 2 2 2 2 2 2 2 2 2 2 2 2 2 2 2 2 2 2 2
left_child=1 12 -3 7 16 6 -4 8 13 19 -11 -6 -1 -2 15 20 -5 18 -16 -7 -15 -22 -19 24 -24 -26 -18 -28 29 -25
right_child=3 2 5 4 11 9 -8 -9 -10 10 -12 -13 -14 14 17 -17 26 22 -20 -21 21 -23 23 28 25 -27 27 -29 -30 -31
leaf_value=-0.00031724454274778991 -0.00031038887590414434 0.00028915702684832446 -0.00024770770212296074 -0.001448983095837821 0.0045264444074278919 -7.7890507813994415e-05 -0.00018667042629406686 -0.00032937244405135263 0.0047408550393539493 -0.00024701066608639669 -3.9161788699305579e-05 0.00076443874888811329 -0.00026123901930887706 -0.000255680404823476 -0.00020820490452781102 0.00036141004250270833 0.0012009534358282297 0.00014352255106408717 -0.00054685141868319098 -0.00054708246132768846 -0.0003825314178493946 0.00012218267853280774 -9.6721837929175669e-05 -0.00028155127135263681 -0.0002394324895970683 -0.00071216282612002278 -0.00048792997862608936 0.0040039348128612078 0.00053197623462017992 0.00014374654243718698
leaf_weight=60 65 72 126 60 157 380 96 72 100 242 80 112 88 92 149 920 75 141 62 64 104 217 639 114 177 62 227 106 84 89
leaf_count=60 65 72 126 60 157 380 96 72 100 242 80 112 88 92 149 920 75 141 62 64 104 217 639 114 177 62 227 106 84 89
internal_value=-0.00164944 -0.00674669 -0.00537736 -3.92259e-05 0.00295115 -0.00617409 -0.0108108 -0.000753158 -0.000538972 -0.00483029 -0.00807453 0.00678439 -0.0165541 -0.000797599 -0.000614035 0.000656414 0.000747863 -0.00173039 -0.00556872 -0.00247748 -0.00223971 -0.000700935 -0.00111026 -0.00165236 -0.00267654 -0.00617155 0.00183824 0.000525526 0.00148084 -0.000615764
internal_weight=5032 1208 1060 3824 737 988 222 3087 3015 766 322 269 148 2915 2850 1333 468 1517 211 444 413 321 1306 1165 878 239 408 333 287 203
internal_count=5032 1208 1060 3824 737 988 222 3087 3015 766 322 269 148 2915 2850 1333 468 1517 211 444 413 321 1306 1165 878 239 408 333 287 203
is_linear=0
shrinkage=0.05


Tree=35
num_leaves=31
num_cat=0
split_feature=1 1 0 7 1 13 4 6 3 0 8 4 4 0 1 5 3 13 0 1 0 15 1 6 6 2 7 8 0 9
split_gain=15.268 5.8837 3.89067 3.08601 2.36753 2.35501 2.19258 1.92029 1.87971 1.79884 1.77862 1.6413 2.01875 1.56421 1.65122 1.86624 1.77793 2.37032 1.71007 2.02945 1.5602 1.55168 1.54877 1.47055 1.46068 1.45876 1.50445 1.456 1.39478 1.27551
threshold=0.00069247600000000014 3.3903550000000008e-05 0.98387550000000012 0.069506250000000006 0.00019370050000000003 2.5000000000000004 14.309950000000002 0.17815100000000003 6.5000000000000009 -0.23639949999999996 16.025000000000002 30.521150000000002 0.25676000000000004 4.5998600000000005 0.0016501450000000002 4.9304500000000013 5.5000000000000009 1.0000000180025095e-35 5.9903050000000011 0.0065309100000000009 3.0268650000000004 1.0000000180025095e-35 0.00011059550000000002 0.035375350000000007 0.0087524150000000012 4.3387600000000015 0.0037878850000000008 14.408350000000002 -0.020533949999999995 2885.5000000000005
decision_type=2 2 2 2 2 2 2 2 2 2 2 2 2 2 2 2 2 2 2 2 2 2 2 2 2 2 2 2 2 2
left_child=1 28 9 5 -4 7 -5 13 11 -3 -8 12 20 21 -15 18 17 24 -16 -20 27 29 -11 25 -17 26 -23 -6 -1 -2
right_child=3 2 4 6 8 -7 10 -9 -10 22 -12 -13 -14 14 15 16 -18 -19 19 -21 -22 23 -24 -25 -26 -27 -28 -29 -30 -31
leaf_value=-0.00030138231561040044 -0.00017588428087696973 0.0002746991755059083 -0.00027229508787220391 0.00030207468910837621 -0.00023385300080890526 -0.000312903821848785 0.0043491090902060912 0.0046534074836122614 2.4661535182597e-05 -0.00022134806992126201 0.0010012481397589721 -3.1214723193280675e-05 -0.00029611961382390735 -0.00028342381060138066 0.00013655921531532735 0.00060302311063100799 0.00088198212063869078 -0.00048016135599150689 -0.00017614936511745299 -0.00098165980077434111 -0.00024449538598842878 -7.4473361653292983e-05 -9.0609552297063538e-05 0.0026003774911841277 -0.00028134543914478397 0.00041393941898620716 0.00029416927095777867 9.4633761149205133e-05 -0.00024817706834343321 7.342016004229231e-05
leaf_weight=60 891 72 99 468 68 72 145 83 64 64 124 67 134 225 125 152 108 115 180 87 122 241 310 61 83 235 129 60 88 300
leaf_count=60 891 72 99 468 68 72 145 83 64 64 124 67 134 225 125 152 108 115 180 87 122 241 310 61 83 235 129 60 88 300
internal_value=-0.00163951 -0.00653974 -0.00523585 -9.15272e-05 -0.00781759 -0.000785552 0.00281547 -0.000572139 -0.00645631 -0.00168161 0.00641264 -0.00759424 -0.00885417 -0.000784447 -0.00230233 -0.00129412 0.000873362 -0.000857143 -0.00382653 -0.00608614 -0.0062 9.4238e-05 -0.00307487 0.00202703 0.00202128 0.00128099 -0.000675676 -0.00234375 -0.0158784 -0.000986566
internal_weight=5032 1208 1060 3824 614 3087 737 3015 515 446 269 451 384 2932 1075 850 458 350 392 267 250 1857 374 666 235 605 370 128 148 1191
internal_count=5032 1208 1060 3824 614 3087 737 3015 515 446 269 451 384 2932 1075 850 458 350 392 267 250 1857 374 666 235 605 370 128 148 1191
is_linear=0
shrinkage=0.05


Tree=36
num_leaves=31
num_cat=0
split_feature=1 1 0 7 13 1 6 4 3 8 0 4 8 8 2 6 0 2 1 12 6 4 4 1 11 5 8 2 10 3
split_gain=14.5644 6.0412 3.35523 2.96366 2.35936 2.24914 1.91597 1.83388 1.74564 1.69863 1.64443 1.75208 2.07931 2.0999 1.64932 1.64349 1.61314 1.60375 1.53389 1.52648 3.28359 1.49359 2.34981 1.46715 1.58631 1.47964 1.59001 1.57882 1.55192 1.54827
threshold=0.00069247600000000014 3.3903550000000008e-05 0.98387550000000012 0.074642400000000012 2.5000000000000004 0.00019370050000000003 0.17815100000000003 14.309950000000002 6.5000000000000009 12.225000000000001 4.5998600000000005 0.27872300000000005 19.991650000000003 16.358350000000005 13.040750000000001 0.035375350000000007 -0.26761099999999993 4.3387600000000015 0.0074489850000000008 3.5000000000000004 0.011379850000000002 30.521150000000002 0.25676000000000004 0.0017277800000000002 1.5000000000000002 4.700260000000001 17.866650000000003 21.217000000000002 4.5000000000000009 1.5000000000000002
decision_type=2 2 2 2 2 2 2 2 2 2 2 2 2 2 2 2 2 2 2 2 2 2 2 2 2 2 2 2 2 2
left_child=1 -1 16 4 6 -4 10 -5 21 -9 11 12 13 14 18 17 -3 -13 19 20 -2 22 -7 -12 -25 26 -26 29 -28 -27
right_child=3 2 5 7 -6 8 -8 9 -10 -11 23 15 -14 -15 -16 -17 -18 -19 -20 -21 -22 -23 -24 24 25 27 28 -29 -30 -31
leaf_value=-0.00023856377666267537 0.00066913783696212351 0.00026233921818681274 -0.00025868033347859371 0.00039328512162304031 -0.00029725863075634576 -0.00018878196228025622 0.0044207371094316479 0.0040826667325461934 2.3428458423467169e-05 0.0019047461968565397 -0.00025679016437810261 -4.4389120156463485e-05 -0.00041405393060517956 0.0003132177090845224 -0.00075328754851735323 0.0028999806397288757 -0.00013627913973586551 0.00046398414512810324 0.0036669920025994875 -0.00036309998857059412 -0.00038067048902429252 -2.9653987033616619e-05 -0.000281313633132712 -0.00035876744317400093 0.00036098960163170293 -0.00014271721708796205 -0.00065900492865287978 -0.00030233678611751245 -2.3563144384186608e-05 0.0012480054879628834
leaf_weight=148 125 60 99 453 72 250 83 99 64 147 237 547 152 72 75 93 386 434 79 230 76 67 134 106 112 115 131 148 85 153
leaf_count=148 125 60 99 453 72 250 83 99 64 147 237 547 152 72 75 93 386 434 79 230 76 67 134 106 112 115 131 148 85 153
internal_value=-0.00162957 -0.00641556 -0.00509434 -0.000117678 -0.000776 -0.00749186 -0.000565018 0.00282546 -0.00616505 0.00630081 -0.000774411 0.00011949 -0.00163782 -0.000418569 -0.00141026 0.0014432 -0.00179372 0.000840979 -0.000392157 -0.00156613 0.00161692 -0.00726164 -0.00846354 -0.00232291 -0.00135294 -0.000537634 -0.00304878 0.00144231 -0.00555556 0.00373134
internal_weight=5032 1208 1060 3824 3125 614 3053 699 515 246 2970 1883 809 657 585 1074 446 981 510 431 201 451 384 1087 850 744 328 416 216 268
internal_count=5032 1208 1060 3824 3125 614 3053 699 515 246 2970 1883 809 657 585 1074 446 981 510 431 201 451 384 1087 850 744 328 416 216 268
is_linear=0
shrinkage=0.05


Tree=37
num_leaves=31
num_cat=0
split_feature=1 1 0 1 4 13 0 4 4 11 2 1 9 11 4 2 1 0 1 8 4 10 4 6 9 9 4 8 0 12
split_gain=13.8775 5.77147 3.39145 2.71112 2.08964 2.07085 2.31453 2.09579 1.88119 1.77884 1.74796 1.94582 1.70851 1.63781 1.47798 1.56381 1.99323 1.47019 1.6078 1.4119 2.12478 1.73163 1.72786 2.35079 1.27545 1.26411 1.55118 1.23987 1.23907 1.21409
threshold=0.00069247600000000014 3.3903550000000008e-05 0.98387550000000012 0.0099361450000000021 30.521150000000002 1.5000000000000002 5.0750450000000003 1.4956500000000001 0.055215700000000006 21.500000000000004 0.040881350000000004 0.00019370050000000003 3359.5000000000005 1.5000000000000002 3.4466150000000004 0.053679050000000006 0.014469800000000001 -0.23639949999999996 0.00011059550000000002 19.458350000000003 1.0089900000000003 3.5000000000000004 0.42229300000000008 0.0076194450000000016 2780.5000000000005 2656.5000000000005 0.25676000000000004 21.025000000000002 -0.020533949999999995 3.5000000000000004
decision_type=2 2 2 2 2 2 2 2 2 2 2 2 2 2 2 2 2 2 2 2 2 2 2 2 2 2 2 2 2 2
left_child=1 28 17 5 10 7 8 12 -7 13 -4 -12 19 -5 15 -15 -17 -3 -19 20 22 -22 -2 -24 -10 26 -13 -21 -1 -9
right_child=3 2 4 9 -6 6 -8 29 24 -11 11 25 -14 14 -16 16 -18 18 -20 27 21 -23 23 -25 -26 -27 -28 -29 -30 -31
leaf_value=-0.00027438501099674657 -7.4488147549847498e-05 0.00024922225727747212 -0.0001007983566410404 -0.00031988341011129581 -2.8171287681935753e-05 0.0003152745710027859 -0.0004756169800649 -9.6448620276207847e-06 6.331253758902998e-05 -0.00119651336382979 -0.00025006098381010622 -9.2774626584409469e-05 0.00021675463894397048 0.0041907787880536415 0.0037844790475842147 0.002198629655021378 -0.00021810905232672007 -0.00020346670943840561 -7.9265117695417086e-05 -0.00066882990412208884 -4.3062744626684926e-05 -0.00081325811770229818 8.6426928154435811e-06 0.0021703145910280919 -0.00030560429068070705 -0.0002668337388545013 -0.00021018832938038634 -0.00012534146374803477 -0.00022384002609312777 0.00043327442439640364
leaf_weight=60 715 72 88 93 99 69 78 514 62 80 77 130 82 62 222 184 328 64 310 74 70 62 125 65 118 111 109 397 88 424
leaf_count=60 715 72 88 93 99 69 78 514 62 80 77 130 82 62 222 184 328 64 310 74 70 62 125 65 118 111 109 397 88 424
internal_value=-0.00161963 -0.00629139 -0.005 -0.000143828 -0.00741042 -0.00091944 -0.00466361 -0.000435127 -0.00230924 0.00214138 -0.00868932 -0.0100117 -0.00154088 0.00278403 0.00351759 0.0021777 0.00126953 -0.00168161 -0.00294118 -0.00192308 -0.000891996 -0.00681818 -2.76243e-05 0.00421053 -0.005 -0.00842857 -0.00638075 -0.00419321 -0.0155405 0.00143923
internal_weight=5032 1208 1060 3824 614 2855 327 2528 249 969 515 427 1590 889 796 574 512 446 374 1508 1037 132 905 190 180 350 239 471 148 938
internal_count=5032 1208 1060 3824 614 2855 327 2528 249 969 515 427 1590 889 796 574 512 446 374 1508 1037 132 905 190 180 350 239 471 148 938
is_linear=0
shrinkage=0.05


Tree=38
num_leaves=31
num_cat=0
split_feature=1 1 0 7 0 7 11 13 3 10 1 6 10 2 10 2 5 4 9 8 2 2 10 12 2 13 4 8 5 2
split_gain=13.4029 5.00953 4.07658 3.86591 2.24733 2.07304 1.91314 4.13355 2.02443 2.73338 2.25654 1.90736 1.7642 1.72259 1.692 1.98252 1.74335 2.16978 2.09208 1.64889 2.18648 1.63038 1.86082 1.48532 1.41886 1.6291 1.41572 1.60419 2.08707 1.40336
threshold=0.00017994750000000002 0.0025580900000000003 -0.11911949999999999 0.00049769850000000004 4.5998600000000005 0.024025250000000001 20.500000000000004 1.0000000180025095e-35 1.5000000000000002 5.5000000000000009 0.029931300000000004 0.00048937300000000009 6.5000000000000009 2.6248600000000004 13.500000000000002 7.6649800000000008 2.4171950000000004 0.25676000000000004 1704.5000000000002 19.541650000000004 10.912250000000002 0.12679150000000003 2.5000000000000004 4.5000000000000009 0.45801850000000005 1.0000000180025095e-35 30.521150000000002 13.725000000000001 5.9332150000000015 8.3843500000000031
decision_type=2 2 2 2 2 2 2 2 2 2 2 2 2 2 2 2 2 2 2 2 2 2 2 2 2 2 2 2 2 2
left_child=2 4 -1 -4 5 26 8 13 9 19 14 -6 24 -8 16 -16 21 -18 -19 20 -3 -10 -23 -15 -13 29 -2 28 -28 -26
right_child=1 6 3 -5 11 -7 7 -9 10 -11 -12 12 -14 23 15 -17 17 18 -20 -21 -22 22 -24 -25 25 -27 27 -29 -30 -31
leaf_value=-0.00010382141800036366 -9.9311628602067817e-05 0.0015470265240488655 -0.00021523537088285875 -5.5209486051943803e-05 -0.00027591961908444301 0.0011985826616476031 -0.0004242284141607012 -0.0011030546727536365 0.00038728134494032506 -0.00078181485200842077 0.0084267390017430197 -1.6197574002279302e-05 8.5134812290669354e-06 0.0051706858126770285 0.00019888994311807254 -0.00076526316180564719 -0.00011907439056063306 0.0030338076572170372 0.00063302748699994469 -0.00048450614535016327 -0.00028123657807053 0.00080317072924613285 -0.00059177148755440272 -0.00011822306772957069 -0.00029670194276835911 -0.00038972430128825382 0.00016960456047109687 0.00041955906801846468 -0.0004234250132541641 -0.00013892540553878398
leaf_weight=108 1493 298 220 60 62 62 71 94 148 91 141 75 129 63 63 91 143 282 260 162 114 128 147 68 79 88 92 61 62 77
leaf_count=108 1493 298 220 60 62 62 71 94 148 91 141 75 129 63 63 91 143 282 260 162 114 128 147 68 79 88 92 61 62 77
internal_value=-0.00163951 -0.000893626 -0.010567 -0.01375 -0.00256579 -0.00172316 0.00071912 -0.00304054 0.00125725 -0.00101504 0.00233428 -0.0054902 -0.00435268 0.000990099 0.00166403 -0.00324675 0.00234657 0.00390511 0.00535055 0.000261324 0.00194175 -0.000177305 -0.00245455 0.00438931 -0.00634796 -0.00819672 -0.00204918 0.00174419 -0.000974026 -0.00512821
internal_weight=5032 4644 388 280 2280 1770 2364 296 2068 665 1403 510 448 202 1262 154 1108 685 542 574 412 423 275 131 319 244 1708 215 154 156
internal_count=5032 4644 388 280 2280 1770 2364 296 2068 665 1403 510 448 202 1262 154 1108 685 542 574 412 423 275 131 319 244 1708 215 154 156
is_linear=0
shrinkage=0.05


Tree=39
num_leaves=31
num_cat=0
split_feature=1 1 0 7 0 1 11 13 11 9 6 2 11 5 11 2 0 2 2 0 0 3 4 1 2 5 11 7 4 11
split_gain=12.353 4.49773 3.70357 4.68225 2.2998 2.47502 1.99991 3.4917 1.86805 1.74275 1.68236 1.61717 2.08118 1.67439 1.6895 1.55993 2.52214 1.74178 1.71731 2.16925 1.54852 1.761 1.87266 1.50349 1.46138 1.45062 1.41628 1.54862 1.48944 1.62662
threshold=0.00017994750000000002 0.0025580900000000003 -0.11911949999999999 0.00049769850000000004 3.0268650000000004 0.00053207050000000011 20.500000000000004 1.0000000180025095e-35 22.500000000000004 543.50000000000011 0.051148500000000006 9.2291650000000018 7.5000000000000009 2.7154500000000001 3.5000000000000004 1.2622250000000002 1.1953200000000002 0.053679050000000006 12.051450000000001 6.5886300000000011 3.3222100000000006 2.5000000000000004 3.4466150000000004 0.028418900000000004 2.6248600000000004 4.9756200000000002 11.500000000000002 -0.0065227799999999997 38.951200000000007 4.5000000000000009
decision_type=2 2 2 2 2 2 2 2 2 2 2 2 2 2 2 2 2 2 2 2 2 2 2 2 2 2 2 2 2 2
left_child=2 4 -1 -4 8 -6 9 24 11 -3 15 13 -13 -2 -15 16 -11 -18 19 -17 -20 -22 -23 -12 -8 -21 28 -28 29 -7
right_child=1 6 3 -5 5 26 7 -9 -10 10 23 12 -14 14 -16 18 17 -19 20 25 21 22 -24 -25 -26 -27 27 -29 -30 -31
leaf_value=-9.8630347100345464e-05 -4.3191673058342547e-05 -0.0005369996443358732 -0.00020447360233871584 -5.2449011749346598e-05 -0.00018222470447940735 -0.00017070363714792125 -0.00040301699345266612 -0.0010479019391159544 -0.00036024547012996456 0.0016060582040397107 0.00060813821060582633 0.00070004728630938926 -9.031508484469856e-05 1.3031771439356734e-05 -0.00037978895368704209 0.0016975250561472963 -6.435062470853091e-05 -0.00064148127940502663 -0.0011545755865002858 -0.00029001689246429787 -0.00030265489059866233 1.3092444296079927e-05 0.0027730230685812959 0.0082395581377511604 0.0015681265802324738 0.00067733020114093406 7.7593453736165069e-05 -0.00013043315002158077 0.00011056558745439917 -0.00032355353050311303
leaf_weight=108 857 114 220 60 158 191 71 94 62 64 320 88 119 86 168 605 73 97 124 89 185 140 77 101 131 79 134 192 61 164
leaf_count=108 857 114 220 60 158 191 71 94 62 64 320 88 119 86 168 605 73 97 124 89 185 140 77 101 131 79 134 192 61 164
internal_value=-0.0016097 -0.000893626 -0.0101804 -0.0132143 -0.00247807 -0.00444444 0.000634518 -0.00320946 -0.00119565 0.00118472 0.00153531 -0.000796662 0.00326087 -0.00155266 -0.00511811 0.000766471 -0.00299145 -0.00617647 0.00144342 0.00294308 -0.000760456 0.000746269 0.00380184 0.00433492 0.00049505 -0.00208333 -0.0032345 -0.000766871 -0.00516827 -0.00640845
internal_weight=5032 4644 388 280 2280 900 2364 296 1380 2068 1954 1318 207 1111 254 1533 234 170 1299 773 526 402 217 421 202 168 742 326 416 355
internal_count=5032 4644 388 280 2280 900 2364 296 1380 2068 1954 1318 207 1111 254 1533 234 170 1299 773 526 402 217 421 202 168 742 326 416 355
is_linear=0
shrinkage=0.05


Tree=40
num_leaves=31
num_cat=0
split_feature=1 6 14 4 0 1 11 0 9 10 11 1 8 12 13 9 6 2 9 0 4 4 0 0 0 6 4 10 7 6
split_gain=11.9216 5.25828 3.6461 2.45762 2.14724 2.63854 1.887 1.96594 1.88536 1.81818 1.67152 1.65758 2.4417 2.27441 2.19483 2.00011 2.00507 1.56958 1.53237 1.81679 1.76154 1.45606 1.48485 1.58723 1.36215 1.42423 1.97448 1.33227 1.27102 1.82303
threshold=3.3903550000000008e-05 0.0018263750000000001 1.0000000180025095e-35 48.775300000000009 3.2344900000000005 0.00035076900000000007 1.0000000180025095e-35 2.2301450000000007 1012.5000000000001 9.5000000000000018 17.500000000000004 0.0046292750000000013 8.9750000000000032 5.5000000000000009 1.5000000000000002 2878.0000000000005 0.0074547050000000007 0.67157500000000014 1544.5000000000002 8.239250000000002 0.0016836400000000001 96.570700000000016 2.6182350000000008 -0.20500099999999996 4.9449450000000015 0.0087524150000000012 0.50574000000000019 5.5000000000000009 -0.11284149999999998 0.028230800000000004
decision_type=2 2 2 2 2 2 2 2 2 2 2 2 2 2 2 2 2 2 2 2 2 2 2 2 2 2 2 2 2 2
left_child=-1 4 3 6 9 -6 7 -3 -5 21 -10 12 13 15 18 16 -8 -15 20 28 -13 22 23 -2 -14 26 -26 -9 -20 -30
right_child=1 2 -4 8 5 -7 11 27 10 -11 -12 14 24 17 -16 -17 -18 -19 19 -21 -22 -23 -24 -25 25 -27 -28 -29 29 -31
leaf_value=-0.00019445813786380647 4.3036404032613084e-05 3.8535516034387059e-05 0.0094722830599849525 0.0054065411907184592 -0.00022883034288789488 -0.00019378180843971569 0.00075233813791744262 -0.00031221448968282749 0.00084999757227174715 9.4444514724376951e-05 -0.00064699174460775835 -0.0011525809195422809 -9.117654370771139e-05 5.8412377696169224e-05 -0.00064435761698597915 -0.00031330645014745074 7.8802098403494428e-05 -0.0004176775496142425 0.0036770927126361474 -9.2550090134740221e-05 4.6585936734313024e-05 0.00021001062874396247 7.1448077320519261e-05 -0.00019239233872590464 -0.00031367511453127516 -0.00046058587942367224 0.00025366168348717189 -8.4682510258913762e-05 6.5040225632768262e-05 0.0033561101669176518
leaf_weight=148 68 116 61 62 81 323 137 121 270 60 64 98 940 60 79 64 108 62 69 244 508 66 66 460 92 127 78 63 183 154
leaf_count=148 68 116 61 62 81 323 137 121 270 60 64 98 940 60 79 64 108 62 69 244 508 66 66 460 92 127 78 63 183 154
internal_value=-0.00156002 -0.00113636 -0.000239362 -0.000439308 -0.00413701 -0.00705446 -0.000885559 -0.00466667 0.00328283 -0.0025 0.00179641 -0.000507826 -0.00155875 0.00168213 0.000805243 0.0039644 0.00602041 -0.00409836 0.00131369 0.003 -0.00049505 -0.00325758 -0.0040404 -0.00492424 -0.00268795 -0.00563973 -0.00264706 -0.00788043 0.00504926 0.00378338
internal_weight=5032 4884 3760 3699 1124 404 3303 300 396 720 334 3003 1668 431 1335 309 245 122 1256 650 606 660 594 528 1237 297 170 184 406 337
internal_count=5032 4884 3760 3699 1124 404 3303 300 396 720 334 3003 1668 431 1335 309 245 122 1256 650 606 660 594 528 1237 297 170 184 406 337
is_linear=0
shrinkage=0.05


Tree=41
num_leaves=31
num_cat=0
split_feature=1 6 11 13 0 1 7 0 4 9 1 7 8 6 3 1 0 7 9 8 3 6 9 5 10 3 10 9 1 0
split_gain=11.837 5.36315 2.84611 2.66062 2.43988 3.21699 2.1057 1.90767 1.67995 2.80803 1.59793 2.05621 1.592 1.56867 2.31334 1.76386 1.74518 1.59914 1.44821 1.43407 1.64958 1.81017 1.79433 1.58873 1.36946 1.74428 1.81619 1.63518 1.35836 1.97174
threshold=3.3903550000000008e-05 0.0062810300000000008 21.500000000000004 1.0000000180025095e-35 2.9914650000000003 0.00033529700000000008 0.016120100000000002 -0.18120599999999998 48.775300000000009 1832.5000000000002 0.00017994750000000002 -6.0376699999999994e-06 14.108350000000002 0.0079665500000000011 3.5000000000000004 0.0082908550000000015 8.239250000000002 0.0013982450000000002 3085.5000000000005 8.9750000000000032 7.5000000000000009 0.065560350000000017 1153.5000000000002 0.10347550000000001 6.5000000000000009 5.5000000000000009 14.500000000000002 1996.5000000000002 0.0010835900000000002 1.2196950000000002
decision_type=2 2 2 2 2 2 2 2 2 2 2 2 2 2 2 2 2 2 2 2 2 2 2 2 2 2 2 2 2 2
left_child=-1 4 8 12 6 -6 7 -2 13 -10 11 -9 -4 14 17 19 -17 -3 28 23 21 22 -21 -15 -7 27 -27 -26 -12 -30
right_child=1 2 3 -5 5 24 -8 10 9 -11 18 -13 -14 15 -16 16 -18 -19 -20 20 -22 -23 -24 -25 25 26 -28 -29 29 -31
leaf_value=-0.00018473523097061614 0.00016491679219115217 0.00058987313617107895 -0.00074127027273778498 -0.000564572407053666 -0.0001894872760366222 -0.00021125223961052225 0.0017004480483582452 -0.00016764931149702446 0.0047888912649003039 -0.00010730569568290771 -9.863933867118951e-05 -1.1420503421700818e-05 0.00097004188867505611 0.00053910147013317116 0.0009108404848885166 0.0016563969486054521 -0.00024892046332414838 -0.00041783857140928818 -0.00030246429576255698 -0.00043503349124291541 -0.00031419010664331186 0.00090279366253718249 -7.7249783732293546e-05 -3.752984407164465e-05 -0.00039010858771676638 0.00062155350716797066 -0.00022930085769789821 3.1074230700773102e-05 0.0015346344122159534 -0.00017328216336770389
leaf_weight=148 102 85 61 66 99 620 104 85 136 113 548 64 63 62 69 536 255 71 144 119 124 65 565 210 63 66 63 71 106 149
leaf_count=148 102 85 61 66 99 620 104 85 136 113 548 64 63 62 69 536 255 71 144 119 124 65 565 210 63 66 63 71 106 149
internal_value=-0.0016097 -0.00118755 0.000365385 -0.00552632 -0.00295534 -0.00483707 -0.0015361 -0.00212855 0.000829876 0.00471888 -0.00273723 -0.00755034 -0.00120968 0.000381768 0.00433333 -7.74793e-05 0.00173831 0.000961538 -0.00197994 -0.00133188 -0.00231959 -0.00143525 -0.00219298 0.00183824 -0.00387882 -0.000855513 0.00329457 -0.00485075 -0.00115193 0.00186275
internal_weight=5032 4884 2600 190 2284 982 1302 1198 2410 249 1096 149 124 2161 225 1936 791 156 947 1145 873 749 684 272 883 263 129 134 803 255
internal_count=5032 4884 2600 190 2284 982 1302 1198 2410 249 1096 149 124 2161 225 1936 791 156 947 1145 873 749 684 272 883 263 129 134 803 255
is_linear=0
shrinkage=0.05


Tree=42
num_leaves=31
num_cat=0
split_feature=6 1 1 9 4 1 0 13 5 8 0 2 8 1 1 3 10 12 10 4 4 0 7 9 4 0 0 7 10 1
split_gain=11.9371 4.02784 3.15943 2.22401 1.96563 1.9327 1.87584 2.08366 1.74849 2.45444 1.72435 1.63279 1.60709 1.51817 2.18691 1.26934 2.28414 1.64541 1.63695 2.04055 1.47282 1.61303 2.17693 1.2876 1.25057 1.20476 1.18247 1.14013 1.78025 1.07307
threshold=0.00017186800000000002 0.00053207050000000011 3.3903550000000008e-05 3183.5000000000005 30.521150000000002 0.0099361450000000021 5.9903050000000011 1.5000000000000002 0.12255150000000002 8.7750000000000004 1.813185 0.0025190850000000003 6.8250000000000011 0.00061483750000000008 0.00069247600000000014 7.5000000000000009 5.5000000000000009 3.5000000000000004 8.5000000000000018 0.99300400000000011 0.0066146900000000003 2.2730900000000003 -0.032796199999999991 587.50000000000011 41.492150000000002 0.45935700000000007 1.510105 -0.016879749999999995 4.5000000000000009 0.0027932500000000002
decision_type=2 2 2 2 2 2 2 2 2 2 2 2 2 2 2 2 2 2 2 2 2 2 2 2 2 2 2 2 2 2
left_child=2 3 -1 4 8 6 11 27 -2 -10 -4 -3 -7 -13 -15 18 -17 -18 20 -20 21 26 -23 -22 -14 -11 -16 28 -8 -29
right_child=1 5 10 -5 -6 12 7 -9 9 25 -12 13 24 14 15 16 17 -19 19 -21 23 22 -24 -25 -26 -27 -28 29 -30 -31
leaf_value=-0.00017446955289396245 -3.7226284306290938e-05 -0.0003904841166791843 -3.5402376970551174e-05 -0.00021265825701183153 0.00011764910707996084 -0.00063077178878688609 -0.00046358921040092881 -0.00049935339123503863 8.8825651368826126e-06 -0.00014039277271865567 -0.00020797563200207977 0.00019015111018494228 0.00059872560388105111 -0.00032898404981544522 -0.00015837287848641447 -0.00029951885181375427 -0.00031018868090529203 0.00085100545366795721 2.1031448979372953e-05 -0.00043091721796148855 -0.00011204858842064434 0.00059985600563946531 -0.00046295034245081711 0.00014626098678970989 0.0042685284401207824 -0.00018841530608233468 0.0006205235617215227 -0.00023063036040380801 0.00025807577195876636 -0.00010681460066218202
leaf_weight=114 183 89 97 88 98 68 123 62 98 65 78 113 776 103 160 89 67 62 66 73 70 73 99 1244 121 187 74 199 91 202
leaf_count=114 183 89 97 88 98 68 123 62 98 65 78 113 776 103 160 89 67 62 66 73 70 73 99 1244 121 187 74 199 91 202
internal_value=-0.00163951 -0.00103837 -0.0115052 -0.0044854 -0.00344691 -0.000422465 -0.00103792 -0.00336041 -0.00464353 -0.00671429 -0.00728571 -0.000377834 0.0015285 -0.00011993 -0.000412844 -6.0183e-05 -0.00366972 0.000581395 0.000363098 -0.00485612 0.000784884 -0.00184729 -0.00552326 0.00159817 0.0020903 -0.0093254 0.000854701 -0.00247967 0.00046729 -0.00405237
internal_weight=5032 4743 289 719 631 4024 3059 677 533 350 175 2382 965 2293 2180 2077 218 129 1859 139 1720 406 172 1314 897 252 234 615 214 401
internal_count=5032 4743 289 719 631 4024 3059 677 533 350 175 2382 965 2293 2180 2077 218 129 1859 139 1720 406 172 1314 897 252 234 615 214 401
is_linear=0
shrinkage=0.05


Tree=43
num_leaves=31
num_cat=0
split_feature=6 1 1 9 0 7 0 11 5 0 4 5 4 7 2 6 15 8 1 8 1 1 4 8 1 1 4 6 2 2
split_gain=11.5694 3.73305 3.33046 2.30787 2.1105 2.2449 1.94554 1.79691 1.8172 1.63985 1.61158 1.6589 1.48916 1.40168 1.92316 1.77215 2.02315 1.39772 1.49603 1.31011 1.63333 1.45469 1.29557 1.44867 1.2539 1.85865 1.34744 1.15291 2.23464 1.60406
threshold=0.00017186800000000002 0.00053207050000000011 3.3903550000000008e-05 3183.5000000000005 5.9903050000000011 0.056234900000000011 1.0615350000000003 1.5000000000000002 5.9332150000000015 -0.18120599999999998 30.521150000000002 0.028821200000000002 14.309950000000002 -0.028748849999999996 13.418100000000001 0.021374100000000004 1.0000000180025095e-35 7.7250000000000005 0.0047976500000000014 8.7750000000000004 0.00041118550000000006 0.00017994750000000002 2.2425350000000006 25.833350000000006 0.00061483750000000008 0.00069247600000000014 0.16973300000000002 0.017903950000000005 5.446905000000001 0.39019200000000004
decision_type=2 2 2 2 2 2 2 2 2 2 2 2 2 2 2 2 2 2 2 2 2 2 2 2 2 2 2 2 2 2
left_child=2 3 -1 9 5 13 -4 8 -6 -2 11 -11 27 14 -3 24 -17 -9 22 -13 21 -21 23 -19 26 -26 -15 -7 29 -29
right_child=1 4 6 -5 7 12 -8 17 -10 10 -12 19 -14 15 -16 16 -18 18 -20 20 -22 -23 -24 -25 25 -27 -28 28 -30 -31
leaf_value=-0.00016574607524926432 0.0001438386830170055 0.0015455630350529855 -8.5584102397226653e-06 -0.00020202534416123992 -0.00042896986119285246 -0.00076039517762194978 -0.00019280840410471314 -0.00045898576871968613 -0.00021841445796796376 3.9436327996427578e-05 9.9553000433541373e-05 -7.0179925771860979e-05 0.0021874161805574307 -8.4959923511436023e-05 -0.00072259810281675898 -0.00050598400616723514 0.00011088525756888409 -0.00035712076672757953 0.00017856919189761903 -0.00022446440472401023 -0.00025796953937976544 -0.00011547683681187304 0.00011936335454772549 -2.4830208549193293e-05 -0.00030857330163562579 -1.59699815594036e-05 0.00029862328561392534 0.0029038411954190636 0.0086725384558758428 -0.00079084217398832021
leaf_weight=114 63 432 72 88 80 62 103 86 75 80 93 101 183 60 93 168 83 127 556 79 70 145 125 94 104 1406 62 65 66 97
leaf_count=114 63 432 72 88 80 62 103 86 75 80 93 101 183 60 93 168 83 127 556 79 70 145 125 94 104 1406 62 65 66 97
internal_value=-0.00161963 -0.00102783 -0.0113322 -0.00434631 -0.000434891 0.000286359 -0.007 -0.00225284 -0.00725806 -0.00328843 -0.00413732 -0.00531579 0.00343552 -0.000332226 0.00195238 -0.000969198 -0.00488048 -0.00146761 -0.000886918 -0.00664557 -0.00833333 -0.00625 -0.00346821 -0.00576923 -0.000367647 -0.000761589 0.0045082 0.0012069 0.00285088 -0.000308642
internal_weight=5032 4743 289 719 4024 2881 175 1143 155 631 568 475 473 2408 525 1883 251 988 902 395 294 224 346 221 1632 1510 122 290 228 162
internal_count=5032 4743 289 719 4024 2881 175 1143 155 631 568 475 473 2408 525 1883 251 988 902 395 294 224 346 221 1632 1510 122 290 228 162
is_linear=0
shrinkage=0.05


Tree=44
num_leaves=31
num_cat=0
split_feature=6 1 1 9 0 0 7 8 1 0 2 5 7 1 6 4 11 2 7 12 0 7 6 6 3 4 2 9 2 9
split_gain=11.6881 3.3905 3.33046 2.09426 1.94554 1.77632 2.21355 1.59327 1.79257 1.57264 1.52547 2.80455 1.39946 2.55846 2.03132 1.31336 2.87739 1.80275 2.01625 1.7125 2.16008 1.6599 1.49218 1.37613 1.35749 1.67282 2.38209 2.2384 2.17286 2.02865
threshold=0.00017186800000000002 0.00053207050000000011 3.3903550000000008e-05 3183.5000000000005 1.0615350000000003 5.9903050000000011 0.24382500000000004 7.7250000000000005 0.0026991350000000005 -0.18120599999999998 9.7846550000000025 3.1136400000000006 0.00041023800000000005 0.00017994750000000002 0.0021381300000000007 48.775300000000009 17.500000000000004 12.051450000000001 -0.056854099999999991 5.5000000000000009 0.73121400000000014 0.059081250000000009 0.021374100000000004 0.010014100000000001 7.5000000000000009 0.025843150000000006 4.9491850000000008 1137.5000000000002 0.36611800000000005 1456.5000000000002
decision_type=2 2 2 2 2 2 2 2 2 2 2 2 2 2 2 2 2 2 2 2 2 2 2 2 2 2 2 2 2 2
left_child=2 3 -1 9 -4 6 15 -7 -9 -2 11 12 13 -11 -14 17 23 18 -3 20 -20 22 -21 -17 25 29 27 -27 -29 -22
right_child=1 5 4 -5 -6 7 -8 8 -10 10 -12 -13 14 -15 -16 16 -18 -19 19 21 24 -23 -24 -25 -26 26 -28 28 -30 -31
leaf_value=-0.00015745877148680112 0.00013664674886615518 0.002176721497993491 -8.130489727736518e-06 -0.00019192407695317793 -0.00018316798389947747 -0.00051424729379627063 0.0041823249183246146 -0.00021785733195615791 -3.4682463093634042e-05 -0.00021229153126940353 7.7298851013626299e-05 -0.0002806374500894847 0.00015388788223739139 -5.504541183306308e-05 -0.0001182887795807326 0.00037688422213443749 -0.00055294781511926205 -0.00034483548524517525 0.0013590306247750655 -0.00014208173799087841 0.00017836519239396756 0.0010502817740527855 -0.00051968337847725719 0.0039621668284562225 -0.0002521492624780436 -0.00017113260546083398 0.00079023938169875256 0.00016965011470701128 -5.4626397856613176e-05 -0.00036436828930217521
leaf_weight=114 63 234 72 88 103 103 112 261 779 68 76 88 75 152 109 164 60 307 275 360 79 68 94 73 125 131 166 175 268 190
leaf_count=114 63 234 72 88 103 103 112 261 779 68 76 88 75 152 109 164 60 307 275 360 79 68 94 73 125 131 166 175 268 190
internal_value=-0.00156995 -0.000975121 -0.0113322 -0.00413769 -0.007 -0.00041004 0.000251649 -0.00207787 -0.00149038 -0.00312995 -0.00396127 -0.00497967 -0.00321782 -0.00590909 0 -2.70856e-05 0.00311448 -0.000404531 0.000103926 -0.00042724 0.000479063 -0.00287356 -0.00396476 0.00559072 -0.000485009 0.000123885 0.00135135 -0.000174216 0.0015237 -0.00325279
internal_weight=5032 4743 289 719 175 4024 2881 1143 1040 631 568 492 404 220 184 2769 297 2472 2165 1931 1409 522 454 237 1134 1009 740 574 443 269
internal_count=5032 4743 289 719 175 4024 2881 1143 1040 631 568 492 404 220 184 2769 297 2472 2165 1931 1409 522 454 237 1134 1009 740 574 443 269
is_linear=0
shrinkage=0.05


Tree=45
num_leaves=31
num_cat=0
split_feature=1 6 14 4 6 9 1 11 0 9 8 0 0 7 4 7 0 1 7 11 10 6 3 1 1 8 6 2 3 10
split_gain=11.9385 3.97989 2.36842 2.11088 2.20215 1.80241 2.06898 1.53521 1.88362 1.65821 1.36268 1.27239 1.23907 1.13749 2.32785 1.69115 1.09349 1.06016 1.03582 0.984015 0.964924 2.23047 1.94189 1.46378 2.08855 1.56105 1.50163 1.44756 1.69958 2.48192
threshold=3.3903550000000008e-05 0.0018263750000000001 1.0000000180025095e-35 41.492150000000002 0.034493300000000005 1876.5000000000002 0.0026059900000000003 1.0000000180025095e-35 2.2301450000000007 2282.5000000000005 13.008350000000002 -0.23639949999999996 -0.020533949999999995 -0.0033573549999999998 0.025843150000000006 0.00022668450000000004 3.1157800000000004 0.00027126800000000007 -0.0088949299999999988 11.500000000000002 2.5000000000000004 0.092566800000000019 7.5000000000000009 0.0082908550000000015 0.012447850000000002 8.7250000000000032 0.0061173600000000005 0.015011250000000002 5.5000000000000009 14.500000000000002
decision_type=2 2 2 2 2 2 2 2 2 2 2 2 2 2 2 2 2 2 2 2 2 2 2 2 2 2 2 2 2 2
left_child=12 11 3 7 5 10 -7 8 -3 -10 -5 -2 -1 14 16 17 -13 19 -16 -15 21 22 23 25 -25 26 -9 -22 29 -29
right_child=1 2 -4 4 -6 6 -8 20 9 -11 -12 13 -14 15 18 -17 -18 -19 -20 -21 27 -23 -24 24 -26 -27 -28 28 -30 -31
leaf_value=-0.00019797775379954173 0.00017627220381438502 2.2240755826803164e-05 0.0082273108667905489 0.0012940793766037428 0.0077427891593998578 0.00077735995248532155 -0.0011360237318668129 0.00040830533118316219 -0.0004496373815853657 -0.00012609762720958541 0.00046132249266811893 -5.6311148298110808e-05 -0.00014821751977551426 -0.00017802456157275321 -6.5625105091794881e-05 -0.00011803080984640297 -0.0002043336219556275 -0.00017733370666197167 0.00012281217308237371 -0.00012689796937175119 -0.00031113738025585167 0.0033613047219282926 -0.00037463527306943935 0.0042995330014385302 -0.00055535345971797492 -0.00011354239683269152 -2.6633647378958726e-05 -0.00010580059511216267 0.00010853745389957093 -0.0006692264234136624
leaf_weight=60 62 115 61 84 60 65 119 103 73 110 104 99 88 76 67 449 84 149 69 69 132 98 69 111 95 727 148 858 553 75
leaf_count=60 62 115 61 84 60 65 119 103 73 110 104 99 88 76 67 449 84 149 69 69 132 98 69 111 95 727 148 858 553 75
internal_value=-0.00155008 -0.00112613 -0.000345745 -0.000506894 0.00277778 0.00134409 -0.00217391 -0.00094123 -0.00436242 -0.00751366 0.00478723 -0.00373665 -0.0155405 -0.00414313 -0.00164577 -0.00521534 -0.00532787 -0.00816327 0.00330882 -0.0112069 -0.000597844 0.000388601 -0.000179569 0.000295608 0.00412621 -0.000511247 0.00288845 -0.00142151 -0.000975774 -0.0022776
internal_weight=5032 4884 3760 3699 432 372 184 3267 298 183 188 1124 148 1062 319 743 183 294 136 145 2969 1351 1253 1184 206 978 251 1618 1486 933
internal_count=5032 4884 3760 3699 432 372 184 3267 298 183 188 1124 148 1062 319 743 183 294 136 145 2969 1351 1253 1184 206 978 251 1618 1486 933
is_linear=0
shrinkage=0.05


Tree=46
num_leaves=31
num_cat=0
split_feature=1 6 4 9 11 0 0 9 0 10 1 6 0 4 9 8 6 8 12 6 9 6 0 6 6 3 11 6 6 10
split_gain=11.3855 3.71324 1.93938 1.68849 1.52053 1.4706 1.32644 1.18804 1.187 2.16679 1.64652 1.93435 1.31958 1.60341 1.18075 2.37933 1.50096 2.55827 2.75646 2.25163 1.7386 2.1444 1.48925 1.35175 3.75939 1.76281 2.60314 1.74768 1.2803 1.20533
threshold=3.3903550000000008e-05 0.0018263750000000001 48.775300000000009 1012.5000000000001 17.500000000000004 -0.020533949999999995 4.7753950000000005 3722.5000000000005 3.2344900000000005 9.5000000000000018 0.0011053550000000004 0.00096227050000000016 2.6182350000000008 70.798900000000017 543.50000000000011 7.0750000000000011 0.026075500000000005 9.7916650000000018 5.5000000000000009 0.0096883250000000028 2679.5000000000005 0.011623900000000001 3.4859300000000002 0.0094441750000000008 0.0062810300000000008 3.5000000000000004 14.500000000000002 0.010485300000000001 0.0047447250000000009 7.5000000000000009
decision_type=2 2 2 2 2 2 2 2 2 2 2 2 2 2 2 2 2 2 2 2 2 2 2 2 2 2 2 2 2 2
left_child=5 8 7 -4 6 -1 -5 14 9 12 -10 -12 13 -2 15 -3 17 18 20 28 21 22 -16 24 -19 26 -26 -25 -20 -29
right_child=1 2 3 4 -6 -7 -8 -9 10 -11 11 -13 -14 -15 16 -17 -18 23 19 -21 -22 -23 -24 27 25 -27 -28 29 -30 -31
leaf_value=-0.00018807886610956463 -0.00014064837850976254 0.00044868870576966709 0.0049129492644677496 0.0014770968276018412 -0.00063358735490134368 -0.00014080664378673857 -5.6516792396273108e-05 -0.00024889077412380757 -0.00016680426823472002 0.00010634503161710872 6.3945405905488364e-05 -0.00032544559671312742 9.4645760625025746e-05 0.00014646548223153341 0.0012672766017541048 -0.00045920416767309649 0.00025764046460507079 -0.00016609026547660316 -4.9431538086099591e-05 0.00050611153232462075 -0.00011667284766597812 -4.0447602781113795e-05 6.9678201428176675e-05 -0.00049300293322490066 -0.00019239467842226447 0.0011833457674953829 0.00060027869658351742 -0.00011260814202012212 -0.00057066001290128623 -0.00046882729882651106
leaf_weight=60 505 75 62 150 66 88 129 96 244 60 87 73 73 82 158 108 844 672 66 83 141 94 63 81 103 79 71 424 66 129
leaf_count=60 505 75 62 150 66 88 129 96 244 60 87 73 73 82 158 108 844 672 66 83 141 94 63 81 103 79 71 424 66 129
internal_value=-0.00154014 -0.00112613 -0.00037234 0.00288698 0.00152174 -0.0152027 0.0031362 -0.000767969 -0.00364769 -0.00243056 -0.00581683 -0.001875 -0.00325758 -0.004046 -0.000606386 -0.0045082 -0.000374105 -0.00105381 0.00152757 -0.00313953 0.00372807 0.00579365 0.00848416 -0.00216485 -0.000945946 0.00424901 0.00143678 -0.00394322 -0.00719697 -0.00293852
internal_weight=5032 4884 3760 407 345 148 279 3353 1124 720 404 160 660 587 3257 183 3074 2230 671 215 456 315 221 1559 925 253 174 634 132 553
internal_count=5032 4884 3760 407 345 148 279 3353 1124 720 404 160 660 587 3257 183 3074 2230 671 215 456 315 221 1559 925 253 174 634 132 553
is_linear=0
shrinkage=0.05


Tree=47
num_leaves=31
num_cat=0
split_feature=1 1 8 8 4 3 10 9 0 0 3 7 0 9 6 10 6 2 9 7 12 7 11 8 4 9 2 2 3 5
split_gain=11.2534 3.15661 2.53834 1.96803 1.75286 1.52977 1.55777 1.62468 1.4706 1.4563 1.53587 1.36185 1.39147 1.2979 1.6251 1.24494 1.87252 2.11154 1.37689 1.67143 1.40479 1.16003 1.43688 1.09616 1.09069 1.01202 1.01176 2.22061 2.50507 1.78048
threshold=3.3903550000000008e-05 0.00080910750000000016 8.4750000000000032 7.8083350000000005 48.775300000000009 17.500000000000004 22.500000000000004 3667.0000000000005 -0.020533949999999995 4.7753950000000005 2.5000000000000004 -0.008113819999999999 6.5886300000000011 3380.5000000000005 0.00045593950000000005 8.5000000000000018 0.0015643350000000002 9.3446000000000016 2282.5000000000005 -0.0016365549999999998 3.5000000000000004 -0.14253949999999996 14.500000000000002 7.9750000000000005 0.17905950000000001 1108.0000000000002 4.3387600000000015 5.2047100000000013 5.5000000000000009 1.992075
decision_type=2 2 2 2 2 2 2 2 2 2 2 2 2 2 2 2 2 2 2 2 2 2 2 2 2 2 2 2 2 2
left_child=8 2 3 25 5 6 7 13 -1 23 -11 -4 15 14 -3 16 17 -13 20 -20 -18 22 -16 -6 -22 -2 29 -28 -29 -23
right_child=1 4 11 -5 9 -7 -8 -9 -10 10 -12 12 -14 -15 21 -17 18 -19 19 -21 24 26 -24 -25 -26 -27 27 28 -30 -31
leaf_value=-0.00017867492280408638 6.0660262428707554e-05 -0.00023992143148032679 -0.0002719311960208037 0.00048080595570838965 -1.6587160428789548e-05 0.0015568076504376581 -0.00045768669017515667 -0.00027591897843004098 -0.00013376631159740161 -0.00049014803078622289 0.00083157524852115687 -0.00017881102165444681 -0.0001840123584291839 0.00051456418465603028 -0.0002118629082535059 3.8419002023946636e-05 -0.00020409526059863249 -5.2307082984959798e-05 -0.00020655963654631082 0.0001799837967446696 0.00012586206969300527 -4.3047011704062249e-05 0.0050977053603738706 0.0019089843305114724 -0.0001876439357812481 -9.6451960706717184e-05 0.0021860505748044256 -0.00016244432857753224 0.00074587348116502555 -0.00052661727934139849
leaf_weight=60 90 74 64 61 69 61 115 98 88 90 104 266 68 100 117 62 98 100 63 93 60 1194 71 181 61 154 90 836 201 243
leaf_count=60 90 74 64 61 69 61 115 98 88 90 104 266 68 100 117 62 98 100 63 93 60 1194 71 181 61 154 90 836 201 243
internal_value=-0.00161963 -0.00120803 -0.0033871 0.00057377 -0.00046652 -0.000875 -0.0010274 -0.000810185 -0.0152027 0.00247748 -0.000773196 -0.00467914 -0.00416188 -0.000598086 -0.000796178 -0.00358032 -0.0041498 -0.00669399 -0.00166667 0.00192308 -0.00422374 -0.000599564 0.00319149 0.005 -0.000619835 -0.00143443 -0.000877535 0.000244011 -0.000409836 -0.00175713
internal_weight=5032 4884 1240 305 3644 3200 3139 3024 148 444 194 935 871 2926 2826 803 741 366 375 156 219 2752 188 250 121 244 2564 1127 1037 1437
internal_count=5032 4884 1240 305 3644 3200 3139 3024 148 444 194 935 871 2926 2826 803 741 366 375 156 219 2752 188 250 121 244 2564 1127 1037 1437
is_linear=0
shrinkage=0.05


Tree=48
num_leaves=31
num_cat=0
split_feature=1 6 14 1 3 0 0 11 2 5 13 3 4 5 4 5 7 3 2 1 0 0 11 1 12 1 2 7 4 7
split_gain=11.2205 2.81826 1.73289 1.53668 3 1.4706 1.34414 1.76833 1.39252 2.57988 2.07075 1.61004 1.5637 2.06863 1.47892 2.01431 1.71126 1.42426 1.39158 1.3893 1.33125 1.16112 1.14818 1.12464 1.1113 1.09441 1.02104 0.985501 2.18289 1.76495
threshold=3.3903550000000008e-05 0.0018263750000000001 1.0000000180025095e-35 0.029931300000000004 5.5000000000000009 -0.020533949999999995 5.9903050000000011 1.5000000000000002 4.3387600000000015 5.7244000000000002 1.0000000180025095e-35 2.5000000000000004 0.025843150000000006 4.9756200000000002 34.453150000000001 1.992075 -0.028748849999999996 2.5000000000000004 6.1642100000000015 0.009167525000000001 41.517000000000003 -0.23639949999999996 10.500000000000002 0.0031499950000000005 3.5000000000000004 0.0024799100000000005 8.695470000000002 -0.0033573549999999998 0.025843150000000006 0.00022668450000000004
decision_type=2 2 2 2 2 2 2 2 2 2 2 2 2 2 2 2 2 2 2 2 2 2 2 2 2 2 2 2 2 2
left_child=5 21 3 6 -5 -1 8 26 14 12 19 -12 25 18 15 16 -3 24 -14 23 -9 -2 -20 -11 -17 -10 -8 28 -23 -29
right_child=1 2 -4 4 -6 -7 7 20 9 10 11 -13 13 -15 -16 17 -18 -19 22 -21 -22 27 -24 -25 -26 -27 -28 29 -30 -31
leaf_value=-0.00016974117666388209 0.00017744478152979736 0.0020399370374102814 0.007742919840092369 -0.001020602366615432 0.0087736460368740572 -0.00012707799601753157 -0.00033534992605066907 -0.00020529433188727804 -0.000474010410302104 -8.7623696239443754e-05 -0.00024613836776812007 -0.00102720282706317 0.0020458904221712418 0.0027690898035954668 0.00092018634376212947 -0.00037325484028272724 -4.6615139638934991e-05 -8.7143318844270379e-05 -0.00051799781959220722 -0.0011052069869917276 0.0010904541208199743 -0.00012879356146174552 0.0013762188820582626 0.0021419664649116369 -0.00070564034121027347 0.0019257521003169017 -0.00025341916021987996 -0.00014503295159095636 6.0538285502897022e-05 -0.00010649069762258841
leaf_weight=60 62 130 61 96 96 88 67 710 62 61 85 61 108 92 75 62 1303 79 65 92 78 183 72 89 61 95 60 294 136 449
leaf_count=60 62 130 61 96 96 88 67 710 62 61 85 61 108 92 75 62 1303 79 65 92 78 183 72 89 61 95 60 294 136 449
internal_value=-0.00163951 -0.0012285 -0.000571809 -0.000709651 0.00364583 -0.0152027 -0.000948104 -0.00259563 -0.000366512 0.00124717 -0.00180412 -0.00650685 0.00364372 0.0055638 -0.00119883 -0.00151376 -0.00085485 -0.00618812 0.00316327 0.00103306 -0.0017132 -0.00342527 -0.000182482 0.004 -0.00955285 -0.000477707 -0.00807087 -0.00381356 -0.00148903 -0.00481157
internal_weight=5032 4884 3760 3699 192 148 3507 915 2592 882 388 146 494 337 1710 1635 1433 202 245 242 788 1124 137 150 123 157 127 1062 319 743
internal_count=5032 4884 3760 3699 192 148 3507 915 2592 882 388 146 494 337 1710 1635 1433 202 245 242 788 1124 137 150 123 157 127 1062 319 743
is_linear=0
shrinkage=0.05


Tree=49
num_leaves=31
num_cat=0
split_feature=1 6 14 1 3 10 0 0 10 1 6 4 0 9 9 8 9 4 0 3 6 7 9 11 6 1 8 11 1 5
split_gain=11.4186 2.56857 1.69451 1.65589 3.10353 1.59058 1.4706 1.26887 1.94141 1.35589 1.65527 1.14158 1.60744 1.19889 1.89561 1.14128 1.08797 0.990442 1.52062 0.956773 1.28411 0.925753 0.90568 1.68079 0.953077 1.99268 1.75921 1.75693 1.05855 0.981988
threshold=3.3903550000000008e-05 0.0018263750000000001 1.0000000180025095e-35 0.029931300000000004 4.5000000000000009 25.500000000000004 -0.020533949999999995 3.2344900000000005 9.5000000000000018 0.0011191750000000002 0.00096227050000000016 70.798900000000017 2.6182350000000008 2757.5000000000005 2401.5000000000005 23.625000000000004 3301.5000000000005 30.521150000000002 4.7753950000000005 3.5000000000000004 0.0061173600000000005 0.047379650000000002 2854.5000000000005 14.500000000000002 0.0037172200000000007 0.0026059900000000003 7.8500000000000005 5.5000000000000009 0.00051925000000000007 9.9791500000000024
decision_type=2 2 2 2 2 2 2 2 2 2 2 2 2 2 2 2 2 2 2 2 2 2 2 2 2 2 2 2 2 2
left_child=6 7 3 5 -5 16 -1 8 11 15 -11 12 13 14 -2 -9 17 22 -19 20 -18 -20 24 -24 25 26 -3 -28 -26 -30
right_child=1 2 -4 4 -6 -7 -8 9 -10 10 -12 -13 -14 -15 -16 -17 19 18 21 -21 -22 -23 23 -25 28 -27 27 -29 29 -31
leaf_value=-0.00016125411783068797 -0.00013861600994383855 0.00020090353197245171 0.0073557738480877523 -0.0013865829744758034 0.0083349637350303533 -0.00044832091288175943 -0.00012072409621665497 -0.00016245492519509697 9.3371690974074328e-05 5.7519504945901216e-05 -0.0003016964314111387 7.5771488540197707e-05 0.00010727703343823072 -0.00015453385988701293 7.3330625200390513e-05 -8.9263903139758226e-05 -0.00026069861080197141 0.001002024482747925 -0.00056625525630006981 -0.00027768057533990455 1.329051147855899e-05 0.00034003716200354183 -3.0763969276254545e-05 0.0008276104572444952 -0.00015043948071352697 0.0013579989979453887 3.6946694737320957e-05 -0.00018679002328895328 -7.0790090785524502e-05 -0.00048041003290376534
leaf_weight=60 301 67 61 76 116 98 88 154 60 84 71 91 64 126 78 95 60 245 78 98 121 98 316 107 103 87 110 129 1673 117
leaf_count=60 301 67 61 76 116 98 88 154 60 84 71 91 64 126 78 95 60 245 78 98 121 98 316 107 103 87 110 129 1673 117
internal_value=-0.00152027 -0.00110565 -0.000478723 -0.000615031 0.00390625 -0.000862561 -0.0152027 -0.00320285 -0.00194444 -0.00544554 -0.00177419 -0.00272727 -0.00355888 -0.00450495 -0.00310026 -0.00773092 -0.000682018 -0.000415335 0.00184086 -0.00367384 -0.00151934 -0.00170455 -0.000765965 0.00135934 -0.00115923 0.00108142 -0.000816993 -0.00282427 -0.00162441 -0.00134078
internal_weight=5032 4884 3760 3699 192 3507 148 1124 720 404 155 660 569 505 379 249 3409 3130 421 279 181 176 2709 423 2286 393 306 239 1893 1790
internal_count=5032 4884 3760 3699 192 3507 148 1124 720 404 155 660 569 505 379 249 3409 3130 421 279 181 176 2709 423 2286 393 306 239 1893 1790
is_linear=0
shrinkage=0.05


Tree=50
num_leaves=31
num_cat=0
split_feature=1 6 14 0 1 11 0 0 10 1 6 5 4 9 3 10 15 3 10 8 2 4 8 5 5 5 7 8 2 8
split_gain=11.4352 2.59371 1.68906 1.48873 2.07973 1.94254 1.4706 1.26887 1.58384 1.35589 1.65527 1.23733 1.14476 1.90019 1.3015 1.89225 1.68956 1.67983 1.73178 1.8933 1.30938 2.06711 2.30836 2.01836 1.54607 2.15887 1.22841 1.14128 1.12375 1.11723
threshold=3.3903550000000008e-05 0.0018263750000000001 1.0000000180025095e-35 5.9903050000000011 0.032541250000000008 1.5000000000000002 -0.020533949999999995 3.2344900000000005 9.5000000000000018 0.0011191750000000002 0.00096227050000000016 5.4491200000000006 48.775300000000009 1844.0000000000002 7.5000000000000009 10.500000000000002 1.0000000180025095e-35 6.5000000000000009 5.5000000000000009 21.466650000000005 4.3387600000000015 0.23165950000000002 13.725000000000001 3.1136400000000006 3.8976200000000003 5.7244000000000002 -0.062753199999999981 23.625000000000004 8.3843500000000031 7.5250000000000012
decision_type=2 2 2 2 2 2 2 2 2 2 2 2 2 2 2 2 2 2 2 2 2 2 2 2 2 2 2 2 2 2
left_child=6 7 3 4 12 11 -1 8 -2 27 -11 -5 14 -14 17 16 -16 18 20 -20 23 22 28 26 -23 -26 -3 -9 -22 -7
right_child=1 2 -4 5 -6 29 -8 9 -10 10 -12 -13 13 -15 15 -17 -18 -19 19 -21 21 24 -24 -25 25 -27 -28 -29 -30 -31
leaf_value=-0.00015319141193915358 -8.387266788689237e-05 0.0032045914002029317 0.0069879851556833633 -0.00030849160910369862 0.011830305094825562 -0.00058815209110242366 -0.00011468789140582224 -0.0001543321789353421 8.8703106425370613e-05 5.4643529698606211e-05 -0.00028661160984058166 -0.00021803085451118726 0.0027487586065483892 -0.00021099397971742815 -0.00036978004370014322 0.0002350416691133745 -9.033700795635716e-06 0.00038449227127917317 -0.00032724662522816747 0.00015613791400319061 0.0013351755488566601 -6.9093724939870568e-05 -0.00054243304497755764 -0.00058316163005232402 0.0039235511295198176 0.0015140329261655136 -1.292645893432292e-05 -8.4800707982770311e-05 -0.00015785826065598478 -5.9227738176022716e-05
leaf_weight=60 660 65 61 74 77 71 88 154 60 84 71 60 120 111 116 90 74 85 254 60 84 64 91 76 69 63 1059 95 118 818
leaf_count=60 660 65 61 74 77 71 88 154 60 84 71 60 120 111 116 90 74 85 254 60 84 64 91 76 69 63 1059 95 118 818
internal_value=-0.00151033 -0.00109541 -0.000465426 -0.000601514 1.86846e-05 -0.00222385 -0.0152027 -0.00320285 -0.00194444 -0.00544554 -0.00177419 -0.00783582 -0.000221239 0.00313853 -0.000548986 -0.00375 -0.00657895 -0.000119732 -0.000411882 -0.00382166 0.000222025 0.00240286 -0.000255973 -0.000666667 0.00637755 0.0094697 -0.000133452 -0.00773092 0.00272277 -0.00137795
internal_weight=5032 4884 3760 3699 2676 1023 148 1124 720 404 155 134 2599 231 2368 280 190 2088 2003 314 1689 489 293 1200 196 132 1124 249 202 889
internal_count=5032 4884 3760 3699 2676 1023 148 1124 720 404 155 134 2599 231 2368 280 190 2088 2003 314 1689 489 293 1200 196 132 1124 249 202 889
is_linear=0
shrinkage=0.05


Tree=51
num_leaves=31
num_cat=0
split_feature=1 0 6 0 4 1 11 0 11 9 7 4 7 7 9 7 5 7 11 15 13 6 8 6 10 2 0 7 2 1
split_gain=10.366 2.16017 2.56978 1.67742 1.56329 1.50305 1.86723 1.81172 1.24226 1.75395 1.20948 1.86733 1.58685 1.22983 1.11485 1.07146 1.05376 0.990188 0.960676 3.42546 2.58236 1.26759 1.35229 1.32941 1.47458 1.80159 1.30031 2.00623 1.84393 1.21684
threshold=3.3903550000000008e-05 -0.35404599999999992 0.0018263750000000001 0.05907260000000001 48.775300000000009 0.014103750000000002 15.500000000000002 4.2581400000000009 1.0000000180025095e-35 1012.5000000000001 -0.0033573549999999998 0.025843150000000006 8.019165000000001e-05 -0.008113819999999999 3085.5000000000005 -0.0005078359999999999 5.9332150000000015 -0.0015160199999999999 21.500000000000004 1.0000000180025095e-35 1.0000000180025095e-35 0.026075500000000005 8.9750000000000032 0.017624450000000003 5.5000000000000009 1.3651650000000002 5.9903050000000011 -0.16600249999999997 5.8146050000000011 0.0068179600000000005
decision_type=2 2 2 2 2 2 2 2 2 2 2 2 2 2 2 2 2 2 2 2 2 2 2 2 2 2 2 2 2 2
left_child=3 -2 10 -1 8 6 7 -6 9 -4 11 16 15 -13 -11 17 -3 -12 21 20 -20 22 -10 -24 25 -25 28 -28 -23 -29
right_child=1 2 4 -5 5 -7 -8 -9 18 14 12 13 -14 -15 -16 -17 -18 -19 19 -21 -22 26 23 24 -26 -27 27 29 -30 -31
leaf_value=-0.00013137820183704813 0.0006021464863075073 -0.00018109417692710244 -0.00053298523340555262 -0.00010919764895398355 0.002191270402816661 0.0069167293521041591 -0.00069690200898358385 -0.00010027272412375753 6.9920600046155878e-05 3.3269884712156667e-06 -0.00014965646643643664 -4.032202862211455e-05 -0.00010224494550192309 0.00011107012353602682 -0.00022704995254987752 -0.00014725644056305133 -2.6696738566430944e-05 -2.2289478726136545e-05 -0.00019901663258758306 0.00082211265292290742 -0.00056665470283605876 0.00040305171829153262 -5.469345960089126e-05 -0.0005377489372726859 -0.0010900132444759123 0.00058005170986783709 0.0051082876549419145 9.6131462048390168e-05 0.0064509630583669047 -0.0010732160431727368
leaf_weight=77 60 93 60 71 125 74 93 114 502 151 84 74 474 62 87 112 93 98 120 71 83 452 1238 61 67 96 62 65 66 147
leaf_count=77 60 93 60 71 125 74 93 114 502 151 84 74 474 62 87 112 93 98 120 71 83 452 1238 61 67 96 62 65 66 147
internal_value=-0.00149046 -0.00109541 -0.00121269 -0.014527 -0.000589181 0.0023399 0.000903614 0.00324268 -0.000946514 -0.00402685 -0.00334862 -0.000776398 -0.00442708 0.00367647 -0.00210084 -0.00731293 -0.00403226 -0.00494505 -0.000643564 -0.00346715 -0.0067734 -0.000362845 -0.00104379 -0.00181259 -0.00535714 -0.00270701 0.00132576 -0.00145985 0.00279923 -0.00377358
internal_weight=5032 4884 4824 148 3734 406 332 239 3328 298 1090 322 768 136 238 294 186 182 3030 274 203 2756 1964 1462 224 157 792 274 518 212
internal_count=5032 4884 4824 148 3734 406 332 239 3328 298 1090 322 768 136 238 294 186 182 3030 274 203 2756 1964 1462 224 157 792 274 518 212
is_linear=0
shrinkage=0.05


Tree=52
num_leaves=31
num_cat=0
split_feature=1 6 0 14 0 11 1 0 10 1 6 8 4 2 8 5 0 1 9 1 3 4 8 8 2 9 4 9 9 6
split_gain=9.36436 2.0004 1.69928 1.39481 1.22313 2.2822 2.13771 1.1535 1.50013 1.32016 1.4381 1.20828 1.03434 1.93319 1.58232 1.0331 0.961775 0.934141 1.08684 1.16173 0.927767 1.24796 3.00371 1.0927 1.07268 0.923348 0.802923 2.00478 1.0649 1.88947
threshold=3.3903550000000008e-05 0.0018263750000000001 0.20485750000000003 1.0000000180025095e-35 5.9903050000000011 1.5000000000000002 0.032541250000000008 3.2344900000000005 9.5000000000000018 0.0011191750000000002 0.00096227050000000016 23.625000000000004 1.0000500000000001 3.4437250000000001 10.591650000000001 5.4491200000000006 50.706700000000005 0.00014491050000000003 2869.0000000000005 0.00061483750000000008 5.5000000000000009 1.1654100000000003 20.108350000000005 18.491650000000003 24.644900000000003 3722.5000000000005 48.775300000000009 1844.0000000000002 2328.5000000000005 0.0024737100000000005
decision_type=2 2 2 2 2 2 2 2 2 2 2 2 2 2 2 2 2 2 2 2 2 2 2 2 2 2 2 2 2 2
left_child=2 7 -1 4 6 15 25 8 12 11 -11 -9 17 -14 -15 -6 20 -2 19 -19 24 22 -22 -23 -7 26 28 -28 -3 -30
right_child=1 3 -4 -5 5 16 -8 9 -10 10 -12 -13 13 14 -16 -17 -18 18 -20 -21 21 23 -24 -25 -26 -27 27 -29 29 -31
leaf_value=-0.00010948909264560054 -9.9271887802907232e-05 -6.4377481960715272e-05 -0.00010349361438783194 0.006541499159059304 -0.00028817356583749006 -0.00020802774591585448 0.011218637254169706 -0.000140497716612761 8.9380198379198242e-05 5.014265084082818e-05 -0.00026716878207345664 -7.5448425308535664e-05 -0.00022011346096037504 -1.8919823947416686e-05 0.00036559079586571383 -0.00019894624486878687 0.0015673462682610981 7.8590211735128391e-05 -0.00019081716858548997 -0.00017203946808074731 0.0013405792159213899 -0.0010731580820519102 -0.00020115606702415941 0.00030630653921731463 -0.00068518808276503114 -0.00022044183450022219 0.0023512039390583789 -0.00031125379203251536 -0.00028311822734969995 0.00011241959892244625
leaf_weight=86 96 1548 62 61 74 451 77 154 60 84 71 95 102 88 74 60 83 127 66 107 67 68 75 82 63 80 120 102 62 687
leaf_count=86 96 1548 62 61 74 451 77 154 60 84 71 95 102 88 74 60 83 127 66 107 67 68 75 82 63 80 120 102 62 687
internal_value=-0.00146065 -0.00108518 -0.0138514 -0.000531915 -0.000655583 -0.0021261 -9.3423e-05 -0.00293594 -0.00173611 -0.00507426 -0.00145161 -0.00732932 -0.00242424 0 0.00339506 -0.00820896 -0.00120922 -0.0040404 -0.00266667 -0.00106838 -0.00173697 0.000513699 0.00387324 -0.00266667 -0.00301556 -0.000336668 -0.000168718 0.0027027 -0.000446234 0.00110147
internal_weight=5032 4884 148 3760 3699 1023 2676 1124 720 404 155 249 660 264 162 134 889 396 300 234 806 292 142 150 514 2599 2519 222 2297 749
internal_count=5032 4884 148 3760 3699 1023 2676 1124 720 404 155 249 660 264 162 134 889 396 300 234 806 292 142 150 514 2599 2519 222 2297 749
is_linear=0
shrinkage=0.05


Tree=53
num_leaves=31
num_cat=0
split_feature=1 6 0 4 11 0 11 1 2 2 1 13 6 6 8 7 6 7 4 7 0 8 1 1 7 7 12 4 0 0
split_gain=9.42454 1.99277 1.69928 1.52668 1.52381 1.36981 2.94325 1.28717 1.52185 1.51264 1.91206 2.09556 1.78484 1.40003 1.24 1.2147 1.83212 1.28971 1.17351 1.13495 1.47467 1.05646 1.03266 1.48014 1.02434 1.21198 1.00181 0.99769 0.985276 0.957214
threshold=3.3903550000000008e-05 0.0018263750000000001 0.20485750000000003 121.87150000000001 11.500000000000002 5.9903050000000011 1.5000000000000002 0.032541250000000008 12.360750000000001 4.3387600000000015 0.0017477950000000001 1.0000000180025095e-35 0.0021844250000000007 0.0067193550000000006 12.225000000000001 -0.0033573549999999998 0.0014136850000000002 8.019165000000001e-05 0.88295100000000015 -0.056854099999999991 -0.15297499999999997 7.5250000000000012 0.0047976500000000014 0.0062860200000000007 -0.0005078359999999999 -0.0015160199999999999 3.5000000000000004 0.090000550000000012 1.3563200000000002 1.9845050000000002
decision_type=2 2 2 2 2 2 2 2 2 2 2 2 2 2 2 2 2 2 2 2 2 2 2 2 2 2 2 2 2 2
left_child=2 15 -1 5 -5 7 -7 8 9 12 -11 14 -3 -10 28 16 -2 24 -16 -14 -21 -8 -23 -24 25 -17 -13 -26 -12 -19
right_child=1 3 -4 4 -6 6 21 -9 13 10 11 26 19 -15 18 17 -18 29 -20 20 -22 22 23 -25 27 -27 -28 -29 -30 -31
leaf_value=-0.00010401463801332052 3.1937391500655316e-05 0.00012781488632729936 -9.8318933668440348e-05 0.001302367644615581 -0.00030310879771856607 -0.00027227338367503913 -0.0004500821177040566 0.0044231005990350838 -9.3948266069271435e-05 -0.00022357050087847623 0.0020337127238746664 -0.0003694389031323091 0.0022505411359129536 -0.0014153525771112094 -0.00021618291850420687 -0.00014526955843924237 -0.00015183694646204584 -7.6144894794366423e-06 0.0033454048198999172 0.0010548507042385091 -7.0058117202206638e-05 -0.00016906214525058325 0.00048117805637422562 -0.00012185078610092229 -8.1324692819057233e-05 -7.2374447138106976e-07 0.0012736663155423198 -0.00013371622053963002 0.0062844057396486998 -0.00014813834342855385
leaf_weight=86 244 63 62 84 84 123 70 75 104 129 68 126 109 96 64 85 80 243 77 70 1490 258 66 436 61 104 70 65 98 242
leaf_count=86 244 63 62 84 84 123 70 75 104 129 68 126 109 96 64 85 80 243 77 70 1490 258 66 436 61 104 70 65 98 242
internal_value=-0.00142091 -0.00104423 -0.0138514 -0.000492021 0.00416667 -0.000709911 -0.00233473 -0.000123153 -0.000312012 4.23012e-05 0.00213608 0.00352883 -0.000721709 -0.0045 0.00610749 -0.00289146 -0.000308642 -0.0039375 0.00265957 -0.00103355 -0.00137821 -0.00126506 -0.000723684 0.00059761 -0.00642857 -0.00410053 -0.000510204 -0.00992063 0.00903614 -0.00231959
internal_weight=5032 4884 148 3760 168 3592 953 2639 2564 2364 632 503 1732 200 307 1124 324 800 141 1669 1560 830 760 502 315 189 196 126 166 485
internal_count=5032 4884 148 3760 168 3592 953 2639 2564 2364 632 503 1732 200 307 1124 324 800 141 1669 1560 830 760 502 315 189 196 126 166 485
is_linear=0
shrinkage=0.05


Tree=54
num_leaves=31
num_cat=0
split_feature=1 3 6 0 9 8 1 7 3 10 8 7 3 10 7 7 6 8 7 11 3 8 6 4 9 4 4 1 11 3
split_gain=9.02211 2.2346 2.14424 1.88611 1.34938 2.26676 1.39471 1.13859 1.49109 2.84955 1.38756 1.37843 1.30964 1.3221 1.12084 1.07046 1.66529 1.15 1.15518 1.8797 1.50679 1.14192 1.10571 1.04793 2.08932 1.04359 0.937875 0.954185 0.824277 0.916624
threshold=3.3903550000000008e-05 18.500000000000004 0.0018263750000000001 0.20485750000000003 543.50000000000011 7.0750000000000011 0.042007900000000008 0.081759500000000013 7.5000000000000009 10.500000000000002 17.325000000000006 0.096820850000000014 6.5000000000000009 7.5000000000000009 0.0052275550000000009 -0.0033573549999999998 0.0014136850000000002 9.0250000000000004 0.00049769850000000004 16.500000000000004 2.5000000000000004 7.5583350000000005 0.00092126250000000012 14.309950000000002 1776.0000000000002 1.4230100000000003 0.19493550000000001 0.00016161400000000003 13.500000000000002 1.0000000180025095e-35
decision_type=2 2 2 2 2 2 2 2 2 2 2 2 2 2 2 2 2 2 2 2 2 2 2 2 2 2 2 2 2 2
left_child=3 2 15 -1 5 -4 7 8 12 10 25 -9 13 -6 -15 16 28 21 26 20 22 -17 -20 -13 -25 -10 27 -19 29 -2
right_child=1 -3 4 -5 6 -7 -8 11 9 -11 -12 23 -14 14 -16 17 -18 18 19 -21 -22 -23 -24 24 -26 -27 -28 -29 -30 -31
leaf_value=-9.881390611265449e-05 -0.00017814590658792593 0.00083771034773400671 0.00023634993592490426 -9.340298698501833e-05 -2.6628097798359238e-05 -0.00039464300681108411 0.0074808721767927969 0.0031660453945947416 2.3702533118973025e-07 0.00019964572812316466 -0.00031348651016263824 -0.0004788495686532078 0.00028771251392838116 -0.00010080014222777229 -0.00032716964710694679 -4.9864699824204889e-05 -0.00014424509913894351 -9.5755710825850323e-05 -0.00011052220365298889 -0.00028522579447441671 -0.00022289850976909485 2.6764499853969976e-05 0.00029883711771965752 0.0023635085215238331 -0.000236358847335965 -0.00034217755193164637 -0.00013823543750079775 -6.9760253822745777e-05 8.6270306161645568e-05 8.7977564647149446e-05
leaf_weight=86 64 77 76 62 2158 111 100 71 73 108 100 300 105 145 111 156 80 63 63 66 89 113 60 102 74 66 98 77 104 74
leaf_count=86 64 77 76 62 2158 111 100 71 73 108 100 300 105 145 111 156 80 63 63 66 89 113 60 102 74 66 98 77 104 74
internal_value=-0.00135135 -0.000982801 -0.00111816 -0.0135135 -0.000540541 -0.00467914 -0.000320239 -0.000490771 -0.000889742 -0.00396254 -0.00700837 0.00159963 -0.000466455 -0.000704225 -0.00410156 -0.00304878 -0.000621118 -0.00404459 -0.00542636 -0.00323741 -0.000943396 -0.00139405 0.00264228 0.000630252 0.00369318 -0.00377698 -0.00798319 -0.00535714 0.00144628 -0.00108696
internal_weight=5032 4884 4807 148 3700 187 3513 3413 2866 347 239 547 2519 2414 256 1107 322 785 516 278 212 269 123 476 176 139 238 140 242 138
internal_count=5032 4884 4807 148 3700 187 3513 3413 2866 347 239 547 2519 2414 256 1107 322 785 516 278 212 269 123 476 176 139 238 140 242 138
is_linear=0
shrinkage=0.05


Tree=55
num_leaves=31
num_cat=0
split_feature=1 0 6 11 8 0 6 3 0 10 2 5 13 2 8 9 6 0 0 6 2 8 1 2 8 8 9 8 8 1
split_gain=9.06639 1.88611 1.85631 2.01838 2.31444 1.59926 1.5464 1.60271 1.45931 1.45407 1.53153 2.33593 1.99365 1.7437 1.65587 1.71444 1.53621 1.51 1.85854 1.38744 1.50578 1.83828 1.45151 1.37379 1.30231 2.07714 1.25275 1.59008 1.48998 1.72186
threshold=3.3903550000000008e-05 0.20485750000000003 0.0062810300000000008 21.500000000000004 10.791650000000002 1.5649750000000002 0.008051705000000001 3.5000000000000004 4.1424900000000013 21.500000000000004 10.187050000000001 2.6170550000000001 1.5000000000000002 4.0917850000000007 13.591650000000001 2101.0000000000005 0.0042380150000000004 2.9522050000000006 3.9605100000000006 0.0011952750000000002 9.0910000000000011 9.0916650000000008 0.0016077350000000001 6.6401850000000016 15.625000000000002 21.025000000000002 543.50000000000011 7.408335000000001 28.008300000000002 0.0075885600000000011
decision_type=2 2 2 2 2 2 2 2 2 2 2 2 2 2 2 2 2 2 2 2 2 2 2 2 2 2 2 2 2 2
left_child=1 -1 5 6 -5 19 7 8 -4 10 11 14 17 -13 15 -7 -16 -12 -19 20 21 -2 -21 -15 -20 -26 27 -8 29 -28
right_child=2 -3 3 4 -6 9 26 -9 -10 -11 12 13 -14 23 16 -17 -18 18 24 22 -22 -23 -24 -25 25 -27 28 -29 -30 -31
leaf_value=-9.3873210807021769e-05 3.221020578526683e-06 -8.8732837635767419e-05 -0.00029023857960569597 -0.00078944025526928377 -9.6478618160430335e-05 -2.7874317564837187e-05 9.408386772367991e-05 0.00075553412230500996 0.0011481117766720061 -0.00030565104114343002 0.00041525806689701576 -0.00025190218828364755 -0.0003019516052777008 -5.6852764988368608e-05 5.313251061145174e-05 -0.00016914341081495523 -0.0002039676684997105 -0.00024998451319700873 0.00017227378181138651 -1.1292650325518684e-06 0.00012462360570261291 -0.00015289265339240823 0.001665613835189412 -0.00025436785728425603 -0.00043416982908914292 2.1832044570391449e-05 -5.010107193670769e-05 -0.00060444296720755435 -0.00022446549398771334 0.0012189585374380253
leaf_weight=86 123 62 129 73 117 106 67 87 63 62 108 60 63 107 215 63 86 65 141 364 79 153 111 166 60 152 948 60 309 747
leaf_count=86 123 62 129 73 117 106 67 87 63 62 108 60 63 107 215 63 86 65 141 364 79 153 111 166 60 152 948 60 309 747
internal_value=-0.00132154 -0.0135135 -0.000952088 -3.84615e-05 -0.005 -0.00199212 0.000352697 0.00385305 0.00130208 -0.00299175 -0.00265805 -0.00407846 -0.000721562 -0.00728228 -0.00180851 -0.00576923 0.000415282 0.000285171 -0.00107656 -0.000240964 -0.00260563 -0.00434783 0.00152632 -0.00558608 0.000354108 -0.00212264 -0.000105584 -0.00492126 0.000199601 0.000781711
internal_weight=5032 148 4884 2600 190 2284 2410 279 192 1454 1392 803 589 333 470 169 301 526 418 830 355 276 475 273 353 212 2131 127 2004 1695
internal_count=5032 148 4884 2600 190 2284 2410 279 192 1454 1392 803 589 333 470 169 301 526 418 830 355 276 475 273 353 212 2131 127 2004 1695
is_linear=0
shrinkage=0.05


Tree=56
num_leaves=31
num_cat=0
split_feature=1 15 6 11 8 7 7 9 9 0 0 9 11 8 6 11 13 7 4 9 9 7 6 7 2 5 2 7 0 6
split_gain=9.38611 4.20322 1.42 1.83229 2.04342 1.63266 1.68876 1.89416 1.48174 1.60577 1.30164 1.28498 1.64253 2.27656 3.08923 2.27276 1.90715 1.62673 1.55167 1.70479 1.05244 1.18223 1.39892 1.2165 1.19578 1.86653 2.16161 1.88529 1.85008 2.08718
threshold=8.054870000000001e-05 1.0000000180025095e-35 0.0062810300000000008 21.500000000000004 10.791650000000002 0.040162900000000008 0.016120100000000002 2471.5000000000005 506.00000000000006 -0.11911949999999999 0.20485750000000003 543.50000000000011 14.500000000000002 9.2250000000000032 0.0083690050000000023 13.500000000000002 1.0000000180025095e-35 -0.054334999999999994 14.968350000000003 1469.5000000000002 3085.5000000000005 -0.013332949999999998 0.0027505700000000004 -0.0084486399999999986 11.731600000000002 2.6170550000000001 3.9879100000000007 0.0041926100000000011 1.4557800000000001 0.0014791750000000003
decision_type=2 2 2 2 2 2 2 2 2 2 2 2 2 2 2 2 2 2 2 2 2 2 2 2 2 2 2 2 2 2
left_child=1 10 5 11 -5 6 8 -8 -2 -10 -1 -4 15 16 -15 -13 -14 -16 19 -19 21 22 -11 -23 25 27 -27 -25 -28 -30
right_child=2 -3 3 4 -6 -7 7 -9 9 20 -12 12 13 14 17 -17 -18 18 -20 -21 -22 23 -24 24 -26 26 28 -29 29 -31
leaf_value=-8.9734064088747294e-05 9.6239195624361123e-05 -7.1899031092022766e-05 -0.00025369697033640008 -0.00074996824250581984 -9.1654687252408845e-05 -0.0006903889185911798 -7.9359644895320681e-05 0.0012844016746944337 0.00022187007807708699 0.0001767985299806818 -8.6572841000827244e-05 1.6160651011561805e-05 0.00309878453786404 0.0010100396542236777 0.0026948875659218389 -0.00070500267500212249 0.00011377322407939992 -0.00069965137349115101 0.002300249601839971 -0.00013746095935196137 -0.00012892191106280679 -0.00032966240079391242 -0.00019115451732974414 -7.3471480589902037e-05 4.4572351990766456e-05 -0.00033261568963685329 9.2423645266326651e-05 0.00020075655736770219 -6.449339758858843e-05 -0.0004730861646017573
leaf_weight=62 60 90 140 73 117 85 116 71 98 101 76 1514 70 66 106 107 64 63 61 218 319 102 184 499 154 61 89 92 104 70
leaf_count=62 60 90 140 73 117 85 116 71 98 101 76 1514 70 66 106 107 64 63 61 218 319 102 184 499 154 61 89 92 104 70
internal_value=-0.00127186 -0.0111842 -0.000801415 -9.61908e-06 -0.00473684 -0.00173469 -0.00146226 0.00307487 -0.00190119 -0.00214896 -0.0166667 0.000363221 0.000650066 0.00277778 0.00126459 -0.000200494 0.00858209 -0.000223214 -0.00190058 -0.00346975 -0.00249296 -0.00192308 0.000964912 -0.00262596 -0.00212816 -0.00281421 -0.0058642 -0.00114213 -0.00389734 -0.00689655
internal_weight=5032 228 4804 2599 190 2205 2120 187 1933 1873 138 2409 2269 648 514 1621 134 448 342 281 1775 1456 285 1171 1069 915 324 591 263 174
internal_count=5032 228 4804 2599 190 2205 2120 187 1933 1873 138 2409 2269 648 514 1621 134 448 342 281 1775 1456 285 1171 1069 915 324 591 263 174
is_linear=0
shrinkage=0.05


Tree=57
num_leaves=31
num_cat=0
split_feature=1 0 6 11 8 0 6 6 6 2 8 9 10 11 13 10 1 1 5 8 5 0 0 6 5 4 11 11 4 9
split_gain=8.74419 2.09191 1.63984 1.65511 1.78927 1.29537 1.56045 1.38626 1.45664 1.31905 1.55022 1.58206 1.6388 1.28942 1.19119 1.98666 2.19753 2.15662 1.96047 1.86175 2.52704 1.8769 1.40461 1.18957 1.17506 1.16013 1.14442 2.05368 1.30325 2.06985
threshold=3.3903550000000008e-05 0.05907260000000001 0.0062810300000000008 21.500000000000004 10.791650000000002 1.5649750000000002 0.0001146445 0.0042380150000000004 0.0046614050000000013 5.8146050000000011 10.858350000000002 2780.5000000000005 3.5000000000000004 15.500000000000002 1.0000000180025095e-35 12.500000000000002 0.0011598300000000004 0.00065444850000000014 3.1866850000000002 14.225000000000001 6.9353600000000002 4.3562700000000012 3.2344900000000005 0.0010914350000000002 14.408250000000001 1.0000500000000001 14.500000000000002 13.500000000000002 1.0607700000000002 1981.5000000000002
decision_type=2 2 2 2 2 2 2 2 2 2 2 2 2 2 2 2 2 2 2 2 2 2 2 2 2 2 2 2 2 2
left_child=1 -1 5 24 -5 9 -7 14 -9 10 11 12 -2 25 15 16 17 -8 -19 20 -16 -21 -18 -12 26 -11 27 -4 29 -28
right_child=2 -3 3 4 -6 6 7 8 -10 13 23 -13 -14 -15 19 -17 22 18 -20 21 -22 -23 -24 -25 -26 -27 28 -29 -30 -31
leaf_value=-0.00010090479781166471 0.00013888033433471676 -8.0211705822390126e-05 -4.7447541966526289e-06 -0.00071246983038052874 -8.7071952889788376e-05 -0.00010369323788523111 2.2467936100029022e-05 -0.00034270612824406979 -0.00018639399227177506 6.2079224735165888e-05 -0.00018448453429335189 -0.00010193984028230687 -0.00013961462319112296 -7.465948274270954e-05 -0.00020926522080893934 -0.00020954364317038785 0.00077142147937171897 -3.0212518804923451e-07 -0.00033773625915478763 0.0001283712249309794 1.8390792670700635e-05 -0.00012594381483232786 6.0190167035053918e-05 -0.00013387341856899818 0.004168621849746269 0.00065865943150602332 9.7507489021502613e-05 -0.00066100317147667592 -2.8842028405705325e-05 0.0010662144800949519
leaf_weight=77 203 71 1517 73 117 70 172 71 227 88 86 60 68 78 171 73 66 60 74 98 90 94 188 161 78 86 241 121 305 148
leaf_count=77 203 71 1517 73 117 70 172 71 227 88 86 60 68 78 171 73 66 60 74 98 90 94 188 161 78 86 241 121 305 148
internal_value=-0.00120231 -0.0131757 -0.000839476 1.92308e-05 -0.00447368 -0.00181699 -0.00271664 -0.00234827 -0.00536913 -0.000240964 -0.00155709 0.000679758 0.00230627 0.00277778 -0.00151934 -0.000118483 0.000892857 -0.00196078 -0.00671642 -0.00347682 -0.00622605 0.000260417 0.00433071 -0.00455466 0.000373444 0.00517241 0.000171527 -0.000549451 0.0018732 0.00379177
internal_weight=5032 148 4884 2600 190 2284 1454 1384 298 830 578 331 271 252 1086 633 560 306 134 453 261 192 254 247 2410 174 2332 1638 694 389
internal_count=5032 148 4884 2600 190 2284 1454 1384 298 830 578 331 271 252 1086 633 560 306 134 453 261 192 254 247 2410 174 2332 1638 694 389
is_linear=0
shrinkage=0.05


Tree=58
num_leaves=31
num_cat=0
split_feature=1 15 0 14 9 13 0 6 6 11 8 3 8 7 0 1 1 8 0 7 10 9 7 4 9 1 3 10 10 11
split_gain=9.04915 4.5462 1.72142 1.40788 1.27631 1.36277 1.26417 1.17483 1.80176 1.68677 1.61377 1.41629 1.4118 1.26379 1.45796 1.62922 2.06449 2.03497 1.90541 1.88033 1.60168 1.15532 1.04743 1.01641 1.01497 1.31504 1.1266 1.60374 1.39403 1.29292
threshold=8.054870000000001e-05 1.0000000180025095e-35 0.20485750000000003 1.0000000180025095e-35 3667.0000000000005 1.5000000000000002 -0.23639949999999996 0.0062810300000000008 0.0090164050000000016 21.500000000000004 7.7250000000000005 3.5000000000000004 42.183350000000011 0.040162900000000008 21.731150000000003 0.0074489850000000008 0.0025580900000000003 9.6083350000000021 4.5998600000000005 0.016120100000000002 7.5000000000000009 2750.5000000000005 -0.0011624849999999998 0.18543550000000003 543.50000000000011 0.032541250000000008 7.5000000000000009 3.5000000000000004 9.5000000000000018 10.500000000000002
decision_type=2 2 2 2 2 2 2 2 2 2 2 2 2 2 2 2 2 2 2 2 2 2 2 2 2 2 2 2 2 2
left_child=1 2 -1 4 6 -6 -2 13 10 12 -9 21 24 14 15 16 18 -18 19 -8 22 23 -20 -12 -10 26 28 -28 -26 -29
right_child=3 -3 -4 -5 5 -7 7 8 9 -11 11 -13 -14 -15 -16 -17 17 -19 20 -21 -22 -23 -24 -25 25 -27 27 29 -30 -31
leaf_value=-8.0719448293458559e-05 0.00065402338189713576 -6.1358153244156139e-05 -7.8233613659666371e-05 0.0057894832304122932 -2.1713299031999128e-05 -0.0001944793544614887 -5.1573516570764451e-05 -0.00029694101950372611 -0.00024158135833230872 -0.00061787879376187945 0.00019963009185740879 0.0010294183320201018 -0.00041569671560195076 -0.00067982833469119321 0.00055766720464788693 -0.00059216952091489805 0.0014986642878918694 -0.00012441470451289433 -0.00011268388437625092 0.0013024077128845847 6.5451470117661174e-06 0.00057588799326856665 -0.00017396500005517182 -0.00033363846769020355 0.0001322749802349951 0.0066913125174214595 -0.00037443994659184723 0.00017935989649174588 -0.00033843368378186443 -0.0006455977580520412
leaf_weight=62 95 90 76 65 98 82 1196 75 117 128 74 97 105 79 61 62 99 161 127 62 87 60 112 100 1179 122 76 91 118 76
leaf_count=62 95 90 76 65 98 82 1196 75 117 128 74 97 105 79 61 62 99 161 127 62 87 60 112 100 1179 122 76 91 118 76
internal_value=-0.00123211 -0.0109649 -0.0166667 -0.000770192 -0.000870437 -0.005 -0.000707392 -0.000828853 -8.2713e-05 -0.000695825 0.00295567 0.00445619 -0.000318471 -0.00171065 -0.00146162 -0.00170514 -0.00143709 0.00269231 -0.0021149 -0.00123211 -0.00552147 0.00235043 -0.00763598 0.000287356 1.40528e-05 0.000330927 -6.49351e-05 -0.0031893 0.000520432 -0.000449102
internal_weight=5032 228 138 4804 4739 180 4559 4464 2418 2012 406 331 1884 2046 1967 1906 1844 260 1584 1258 326 234 239 174 1779 1662 1540 243 1297 167
internal_count=5032 228 138 4804 4739 180 4559 4464 2418 2012 406 331 1884 2046 1967 1906 1844 260 1584 1258 326 234 239 174 1779 1662 1540 243 1297 167
is_linear=0
shrinkage=0.05


Tree=59
num_leaves=31
num_cat=0
split_feature=1 0 0 6 14 7 6 0 11 1 8 9 12 11 8 3 1 6 9 5 2 7 8 7 0 2 2 9 0 2
split_gain=8.68623 2.09191 1.70652 1.9474 1.36168 1.32155 1.43662 1.13486 1.85442 1.77977 1.20234 0.953075 1.05865 2.35752 1.714 1.91159 1.4098 2.10986 1.35949 1.34108 1.62132 1.21281 1.48052 1.11409 1.18629 1.09055 0.919439 1.08947 0.882405 0.830826
threshold=3.3903550000000008e-05 0.05907260000000001 -0.35404599999999992 0.0018263750000000001 1.0000000180025095e-35 -0.0033573549999999998 0.0014136850000000002 5.9903050000000011 1.5000000000000002 0.029931300000000004 7.5250000000000012 3722.5000000000005 5.5000000000000009 20.500000000000004 6.3583350000000012 7.5000000000000009 0.0075885600000000011 0.021374100000000004 1419.0000000000002 0.043692700000000008 0.11583000000000002 -0.056854099999999991 12.075000000000001 0.006104860000000001 1.510105 1.0162650000000004 18.825600000000005 904.50000000000011 41.517000000000003 20.149350000000002
decision_type=2 2 2 2 2 2 2 2 2 2 2 2 2 2 2 2 2 2 2 2 2 2 2 2 2 2 2 2 2 2
left_child=1 -1 -2 5 7 6 29 9 -9 11 -10 12 14 16 -5 19 17 23 -18 -16 -21 22 -22 24 -14 -17 27 -7 -12 -4
right_child=2 -3 3 4 -6 26 -8 8 10 -11 28 -13 13 -15 15 25 18 -19 -20 20 21 -23 -24 -25 -26 -27 -28 -29 -30 -31
leaf_value=-9.2367404675342977e-05 0.00059828251343230882 -7.246654038962238e-05 5.7586001104534962e-05 0.00075595575652273128 0.0059380395198572666 3.9311464340122115e-05 -0.00012064444290820278 -0.00024509263904223675 -0.00037642075093087123 0.01034938554411432 -0.00011305590486066679 -0.00018564274500037318 -0.00034633969929017609 -0.00036568394153204688 0.00021654727833625746 -5.0685673742425535e-06 -0.00033340881338597 -0.0004095006996129575 0.0024762359244237782 -0.00027498373620622307 0.0044514333024019345 5.3068888791816055e-06 -2.3882342724114438e-05 0.00039959380214653117 5.4350622492855846e-05 -0.00060438711834605915 1.1525080123504784e-05 -0.00010575695174495429 0.00092362082653869794 -0.00010901462954967137
leaf_weight=77 60 71 175 69 61 64 79 134 71 84 721 80 137 84 166 88 118 88 77 72 71 1092 61 131 139 93 100 604 97 68
leaf_count=77 60 71 175 69 61 64 79 134 71 84 721 80 137 84 166 88 118 88 77 72 71 1092 61 131 139 93 100 604 97 68
internal_value=-0.00124205 -0.0131757 -0.000880426 -0.00098466 -0.000441885 -0.00284404 -0.00015528 -0.000564933 -0.00197947 -1.88679e-05 -0.00115298 -0.000253313 -8.04505e-05 -0.00161499 0.000613318 0.000289105 -0.000652174 -0.00207071 0.00294872 0.000889193 0.000347222 0.000776144 0.00530303 -0.000552826 -0.00235507 -0.00455801 -0.00397135 -0.00464072 -0.000611247 0.00174897
internal_weight=5032 148 4884 4824 3734 1090 322 3673 1023 2650 889 2566 2486 774 1712 1643 690 495 195 1462 1296 1224 132 407 276 181 768 668 818 243
internal_count=5032 148 4884 4824 3734 1090 322 3673 1023 2650 889 2566 2486 774 1712 1643 690 495 195 1462 1296 1224 132 407 276 181 768 668 818 243
is_linear=0
shrinkage=0.05


Tree=60
num_leaves=31
num_cat=0
split_feature=1 15 0 9 14 0 10 9 13 6 5 1 0 11 11 3 5 0 8 11 5 6 4 6 8 9 3 12 13 2
split_gain=8.28728 4.66865 1.41339 1.37698 1.28426 1.25931 1.10433 3.19165 1.06647 0.909864 1.4537 0.897537 0.816477 1.12463 0.974198 0.886182 1.764 1.75513 1.22932 1.87467 1.22321 1.04376 1.03829 0.976522 0.780362 1.49725 1.36167 1.30505 1.70396 2.18896
threshold=8.054870000000001e-05 1.0000000180025095e-35 0.45935700000000007 3667.0000000000005 1.0000000180025095e-35 -0.23639949999999996 23.500000000000004 1419.0000000000002 1.5000000000000002 0.00083960400000000009 15.761000000000001 0.042007900000000008 6.1698400000000015 22.500000000000004 1.5000000000000002 5.5000000000000009 4.0835300000000005 10.070500000000001 25.833350000000006 5.5000000000000009 5.5918500000000009 0.006401775000000001 2.4795100000000008 0.016966600000000002 12.075000000000001 1211.5000000000002 3.5000000000000004 5.5000000000000009 1.0000000180025095e-35 6.1642100000000015
decision_type=2 2 2 2 2 2 2 2 2 2 2 2 2 2 2 2 2 2 2 2 2 2 2 2 2 2 2 2 2 2
left_child=1 2 -1 4 5 -2 9 -8 -5 10 -7 12 13 24 -14 18 17 -17 19 -16 -20 -21 -18 -23 27 26 -26 28 -11 -30
right_child=3 -3 -4 8 -6 6 7 -9 -10 11 -12 -13 14 -15 15 16 22 -19 20 21 -22 23 -24 -25 25 -27 -28 -29 29 -31
leaf_value=-6.8177808591901316e-05 0.00059140808713066355 -5.9952345107681139e-05 -7.5108069518749589e-05 -2.8429430671267744e-05 0.0067657034345138091 -0.00010005703185208132 -0.00072838505570252399 2.8168775661371015e-05 -0.0001956366208179551 0.00036300326386145486 0.00011597886411121599 0.0065681951124149096 -0.00022962500899881657 -0.00020666212909031085 9.7589969529163215e-05 8.5881866859898601e-05 0.0012240187381080297 -0.00069832826600397114 -0.00021647019685545212 -0.0003574974931766367 0.00077165368658865113 1.0164603818496078e-05 0.00045500425715981223 -0.00054166915178529152 -0.00041479711333363171 -4.2656584269641643e-06 5.0634355580522631e-05 -7.3848222223513518e-05 3.7138445397742487e-05 -0.0004052556439713813
leaf_weight=75 95 90 63 100 60 413 65 101 85 493 65 99 100 117 65 65 63 60 110 114 86 78 62 89 114 1157 86 427 286 149
leaf_count=75 95 90 63 100 60 413 65 101 85 493 65 99 100 117 65 65 63 60 110 114 86 78 62 89 114 1157 86 427 286 149
internal_value=-0.00121224 -0.0105263 -0.0163043 -0.000770192 -0.000600779 -0.000696425 -0.000817652 -0.00481928 -0.005 -0.000663099 -0.00271967 -0.000405759 -0.000530771 -0.000114882 -0.00184978 -0.00126263 0.0012 -0.003 -0.00239852 -0.00419075 0.000765306 -0.00596085 0.0054 -0.00344311 9.21829e-05 -0.000755343 -0.00475 0.000940959 0.00199353 -0.000287356
internal_weight=5032 228 138 4804 4619 4559 4464 166 185 4298 478 3820 3721 2829 892 792 250 125 542 346 196 281 125 167 2712 1357 200 1355 928 435
internal_count=5032 228 138 4804 4619 4559 4464 166 185 4298 478 3820 3721 2829 892 792 250 125 542 346 196 281 125 167 2712 1357 200 1355 928 435
is_linear=0
shrinkage=0.05


Tree=61
num_leaves=31
num_cat=0
split_feature=1 15 0 9 14 13 10 0 9 10 1 0 3 3 9 12 9 5 11 12 8 6 9 10 1 6 7 5 0 13
split_gain=8.2167 4.66865 1.41339 1.35001 1.29961 1.06647 1.02585 2.79798 3.12134 1.46708 1.45948 1.29129 1.06071 2.2438 1.58128 1.39386 1.95836 1.27996 1.18748 2.3267 1.64809 1.40975 1.57792 1.31572 1.3537 2.51305 1.37762 1.28241 1.01103 1.77828
threshold=8.054870000000001e-05 1.0000000180025095e-35 0.45935700000000007 3667.0000000000005 1.0000000180025095e-35 1.5000000000000002 14.500000000000002 3.7528200000000003 1312.5000000000002 11.500000000000002 0.0042618900000000008 50.706700000000005 7.5000000000000009 6.5000000000000009 931.50000000000011 3.5000000000000004 1901.5000000000002 1.0551600000000001 19.500000000000004 5.5000000000000009 21.175000000000001 0.010827800000000002 991.50000000000011 5.5000000000000009 0.010592250000000003 0.0034310350000000002 0.005619980000000001 4.7665100000000011 3.0268650000000004 1.5000000000000002
decision_type=2 2 2 2 2 2 2 2 2 2 2 2 2 2 2 2 2 2 2 2 2 2 2 2 2 2 2 2 2 2
left_child=1 2 -1 4 6 -5 9 -8 -9 11 -10 12 13 18 -14 17 -17 -16 23 21 -21 22 -20 28 25 -25 -27 -24 -2 -30
right_child=3 -3 -4 5 -6 -7 7 8 10 -11 -12 -13 14 -15 15 16 -18 -19 19 20 -22 -23 27 24 -26 26 -28 -29 29 -31
leaf_value=-6.4768918162306249e-05 3.5292336081226183e-05 -5.6954727852297066e-05 -7.1352666042812107e-05 -2.7007959137704359e-05 0.006427418262788121 -0.00018585478977705736 6.6910689685514491e-05 -0.00064031362152036858 -0.00022696483705411552 0.00022226139721254323 0.00018124287132038116 0.0021290071136684866 0.00026116490317463153 0.00041860873667120131 -8.8905496481772595e-05 -0.00039593576822111317 0.00041001246959045226 -0.00045297615141160906 0.00081630607593348404 -0.00032703136684423162 -0.00010779806897658609 -0.00061742574374237889 8.7984636158877993e-05 5.3251158861855591e-05 0.00042382370690437974 -0.00017257610326418228 -0.000716811635132908 -0.00014730074148816202 -2.1871466495028066e-05 -0.00024170300067126579
leaf_weight=75 1523 90 63 100 60 85 123 69 68 137 80 71 68 133 85 85 66 94 77 113 63 109 78 124 81 106 103 76 951 76
leaf_count=75 1523 90 63 100 60 85 123 69 68 137 80 71 68 133 85 85 66 94 77 113 63 109 78 124 81 106 103 76 951 76
internal_value=-0.00125199 -0.0105263 -0.0163043 -0.000811823 -0.000644079 -0.005 -0.000740294 -0.00338235 -0.00679724 -0.000527376 -0.0027027 -0.000698187 -0.000816505 -0.000546637 -0.00326633 -0.00469697 -0.00115894 -0.00768156 -0.00079023 -0.00300388 -0.00767045 -0.000588235 0.00162338 -0.000404858 -0.00301932 -0.00442943 -0.00777512 -0.0012987 1.96078e-05 -0.00119279
internal_weight=5032 228 138 4804 4619 185 4559 340 217 4219 148 4082 4011 3613 398 330 151 179 3480 516 176 340 231 2964 414 333 209 154 2550 1027
internal_count=5032 228 138 4804 4619 185 4559 340 217 4219 148 4082 4011 3613 398 330 151 179 3480 516 176 340 231 2964 414 333 209 154 2550 1027
is_linear=0
shrinkage=0.05


Tree=62
num_leaves=31
num_cat=0
split_feature=1 15 0 9 0 3 10 9 6 7 10 5 4 5 3 11 4 4 7 2 4 0 2 2 0 6 4 1 10 4
split_gain=8.28728 4.66865 1.41339 1.26746 1.00783 1.06493 1.65141 3.28816 1.03357 1.35376 1.78939 1.20906 1.78857 1.30819 1.20327 0.957795 1.60874 1.72707 1.33604 0.943901 0.841383 0.924798 1.55261 1.93478 1.78825 1.34099 2.36996 1.46332 1.147 1.13477
threshold=8.054870000000001e-05 1.0000000180025095e-35 0.45935700000000007 3722.5000000000005 -0.23639949999999996 18.500000000000004 22.500000000000004 1469.5000000000002 0.0019105550000000002 -0.0031208799999999999 6.5000000000000009 3.1866850000000002 0.055215700000000006 5.9332150000000015 3.5000000000000004 19.500000000000004 1.0000500000000001 0.094432250000000009 0.004629465000000001 5.1092850000000007 134.96300000000002 11.450850000000001 1.9859850000000001 10.912250000000002 50.706700000000005 0.092566800000000019 1.1174250000000001 0.014469800000000001 3.5000000000000004 1.0917650000000003
decision_type=2 2 2 2 2 2 2 2 2 2 2 2 2 2 2 2 2 2 2 2 2 2 2 2 2 2 2 2 2 2
left_child=1 2 -1 4 -2 6 8 -8 9 10 11 -6 13 -13 15 16 17 -11 -18 -16 21 25 -23 -24 -25 27 28 -10 -27 -29
right_child=3 -3 -4 -5 5 -7 7 -9 20 14 -12 12 -14 -15 19 -17 18 -19 -20 -21 -22 22 23 24 -26 26 -28 29 -30 -31
leaf_value=-6.1530472254190942e-05 0.00054133705929460788 -5.410699145968223e-05 -6.7785032740671504e-05 -0.00012647684756482094 4.7694066346381766e-05 0.00076818778199226894 -0.00053817845548752351 1.6478564137012993e-05 -9.6453374777744258e-07 -1.6502214541972047e-05 0.00034225572213572998 -0.00019859183943936673 0.00010579711541356075 -7.6918658523013989e-05 -0.00011796041984010011 -0.00013796271863621883 0.00017250364571735135 -0.00011809082027007691 -5.0831357870695028e-05 -3.5505115176060095e-05 0.0013303249105646347 -0.00083498684218475088 0.00067613451111041127 -0.00052203899909803982 0.00099754999073856706 0.0037803084052586162 -0.00043076690694967488 -0.00098358188333713312 0.00068696675946100386 -0.00014333852183616159
leaf_weight=75 95 90 63 152 60 69 60 76 2460 103 60 63 60 80 114 83 96 62 116 68 112 68 98 149 62 73 80 106 63 116
leaf_count=75 95 90 63 152 60 69 60 76 2460 103 60 63 60 80 114 83 96 62 116 68 112 68 98 149 62 73 80 106 63 116
internal_value=-0.00121224 -0.0105263 -0.0163043 -0.000770192 -0.000623388 -0.000729647 -0.000824421 -0.00625 -0.000654871 -0.00209845 0.000541796 -0.00123574 -0.00307882 -0.00611888 -0.00342679 -0.00206522 -0.000994695 -0.00469697 0.00188679 -0.00686813 -0.000243578 -0.000389313 -0.00271883 -0.00121359 -0.00390995 -8.62664e-05 0.0037037 -0.000391499 0.00772059 -0.00427928
internal_weight=5032 228 138 4804 4652 4557 4488 136 4352 965 323 263 203 143 642 460 377 165 212 182 3387 3275 377 309 211 2898 216 2682 136 222
internal_count=5032 228 138 4804 4652 4557 4488 136 4352 965 323 263 203 143 642 460 377 165 212 182 3387 3275 377 309 211 2898 216 2682 136 222
is_linear=0
shrinkage=0.05


Tree=63
num_leaves=31
num_cat=0
split_feature=1 15 0 9 0 8 3 6 7 5 8 2 4 11 12 1 3 12 6 5 8 4 0 0 11 9 7 2 2 2
split_gain=8.28728 4.66865 1.41339 1.26746 0.913879 2.63415 1.87579 0.992564 1.3622 1.64622 1.50638 1.07959 1.78119 0.909162 1.24265 1.04525 1.59211 1.19511 1.79804 1.48567 1.49098 1.11331 1.86205 1.9 1.46847 2.0289 1.90898 1.31019 1.72004 1.70292
threshold=8.054870000000001e-05 1.0000000180025095e-35 0.45935700000000007 3722.5000000000005 5.9903050000000011 7.7250000000000005 15.500000000000002 0.00083960400000000009 0.0037878850000000008 9.0387150000000016 8.4750000000000032 6.7769600000000008 0.59337350000000011 22.500000000000004 4.5000000000000009 0.0075885600000000011 9.5000000000000018 5.5000000000000009 0.021374100000000004 0.043692700000000008 6.3583350000000012 0.0026152500000000004 2.5089800000000007 1.0318750000000003 3.5000000000000004 1191.5000000000002 -0.0041789049999999993 10.630150000000002 1.6484400000000001 0.8631255000000001
decision_type=2 2 2 2 2 2 2 2 2 2 2 2 2 2 2 2 2 2 2 2 2 2 2 2 2 2 2 2 2 2
left_child=1 2 -1 4 6 -6 7 8 9 10 -2 12 -12 15 -15 16 17 19 -19 -9 -21 22 23 -22 25 -23 -26 28 29 -28
right_child=3 -3 -4 -5 5 -7 -8 13 -10 -11 11 -13 -14 14 -16 -17 -18 18 -20 20 21 24 -24 -25 26 -27 27 -29 -30 -31
leaf_value=-5.8453948641481399e-05 3.0295745512254032e-05 -5.1401641886698102e-05 -6.4395781103637929e-05 -0.0001201530051865799 -0.00035774754117185381 -6.6759517261779378e-05 0.00072977839289265498 0.00035688081937396561 -0.00027474833092200823 0.00010555424961290993 3.1745891769685909e-05 -0.00012720611585079569 -0.00020301544773522847 2.9699981148317846e-05 -0.00023028990981933972 0.00072839754682241318 -0.00016502734402829759 -4.497497557264521e-05 -0.00039929609992826222 0.00067742298627718612 -0.00028138951036975828 -7.7599390114658365e-05 -0.00022480529170974887 0.00015466613464299559 0.00013768863248800819 0.00040098861003116503 -9.90496555249754e-05 0.00033995919804600302 -0.00026291919655734806 0.00014181845199161548
leaf_weight=75 87 90 63 152 103 1073 63 164 69 63 86 63 61 68 68 604 107 514 93 61 95 77 142 95 201 181 161 84 206 63
leaf_count=75 87 90 63 152 103 1073 63 164 69 63 86 63 61 68 68 604 107 514 93 61 95 77 142 95 201 181 161 84 206 63
internal_value=-0.00121224 -0.0105263 -0.0163043 -0.000770192 -0.000623388 -0.00182823 -0.000215765 -0.000373572 -0.00262238 -0.00138889 -0.00294613 -0.0052381 -0.00289116 -5.02681e-05 -0.00404412 0.000140449 -0.000356506 -5.84932e-05 -0.00193575 0.000686275 0.000146413 -0.000210728 -0.00271084 0.000526316 0.000642343 0.00387597 -0.000524476 -0.00214008 -0.00325581 -0.000223214
internal_weight=5032 228 138 4804 4652 1176 3476 3413 429 360 297 210 147 2984 136 2848 2244 2137 607 1530 1366 1305 332 190 973 258 715 514 430 224
internal_count=5032 228 138 4804 4652 1176 3476 3413 429 360 297 210 147 2984 136 2848 2244 2137 607 1530 1366 1305 332 190 973 258 715 514 430 224
is_linear=0
shrinkage=0.05


Tree=64
num_leaves=31
num_cat=0
split_feature=1 15 0 9 0 8 0 1 9 1 9 0 1 5 5 6 0 8 8 12 3 11 1 13 4 8 8 4 9 9
split_gain=8.34041 4.66865 1.41339 1.28513 0.811772 1.57868 0.930636 0.763176 0.750665 0.8555 1.04634 1.25594 1.21727 1.04612 1.65968 0.94878 1.32201 1.22629 1.1609 0.988399 0.885483 0.854493 1.46272 1.55906 1.82272 1.08839 1.01818 1.0165 1.00087 0.931913
threshold=8.054870000000001e-05 1.0000000180025095e-35 0.45935700000000007 3722.5000000000005 -0.11911949999999999 8.5416650000000018 -0.020533949999999995 0.00096919350000000009 420.50000000000006 0.00019370050000000003 543.50000000000011 4.2581400000000009 0.056092950000000009 32.54610000000001 19.187150000000006 0.00083960400000000009 0.22869500000000001 23.158350000000002 10.091650000000001 2.5000000000000004 1.5000000000000002 20.500000000000004 0.00066332100000000014 1.0000000180025095e-35 0.18543550000000003 7.0250000000000012 6.3083350000000005 1.7742700000000002 1675.0000000000002 2401.5000000000005
decision_type=2 2 2 2 2 2 2 2 2 2 2 2 2 2 2 2 2 2 2 2 2 2 2 2 2 2 2 2 2 2
left_child=1 2 -1 4 5 -2 -6 -5 -8 -10 11 -11 13 14 15 17 18 19 -17 -12 -21 25 -23 24 -24 26 -18 -26 -28 -25
right_child=3 -3 -4 7 6 -7 8 -9 9 10 12 -13 -14 -15 -16 16 21 -19 -20 20 -22 22 23 29 27 -27 28 -29 -30 -31
leaf_value=-5.5531251209407328e-05 0.00071585007766490887 -4.8831559792363208e-05 -6.1175992048456021e-05 -3.1153412484565945e-05 -0.0005778237018492444 -0.00011409419229807916 8.2103988668960539e-05 -0.0002276234728990431 -5.7367976506020259e-05 -2.7500801222875814e-05 -0.00018611880065693779 -0.00032125651207500915 0.0097512049368652723 -0.00021693214176508662 0.00065306152006835462 0.0017802107399256186 6.6084852748200503e-05 6.0077035720435339e-05 -1.7269562536101347e-06 2.8781050109290968e-05 -0.00017693696001923028 9.7375789694458854e-05 0.00064855735118056067 -0.00050686102404533424 -0.00058240654712528989 3.0607228433613376e-06 -5.167671631801912e-05 -0.00030324400102203292 -0.00058285457934860745 -0.00013657570166829576
leaf_weight=75 86 90 63 70 77 83 62 82 126 88 95 71 69 89 93 69 70 64 61 79 100 61 71 70 66 2700 70 87 84 61
leaf_count=75 86 90 63 70 77 83 62 82 126 88 95 71 69 89 93 69 70 64 61 79 100 61 71 70 66 2700 70 87 84 61
internal_value=-0.00118243 -0.0105263 -0.0163043 -0.000738968 -0.000591144 0.00281065 -0.000719384 -0.00526316 -0.000624149 -0.000702118 -0.000580844 -0.00455975 -0.000424982 -0.000538847 -0.00041656 -0.000577731 -0.000331412 -0.00310651 0.00461538 -0.00456204 -0.0023743 -0.000523952 -0.00264423 -0.00387324 -0.00133929 -0.000222298 -0.00357143 -0.00441176 -0.00584416 -0.00820611
internal_weight=5032 228 138 4804 4652 169 4483 152 4406 4344 4218 159 4059 3990 3901 3808 3470 338 130 274 179 3340 416 355 224 2924 224 153 154 131
internal_count=5032 228 138 4804 4652 169 4483 152 4406 4344 4218 159 4059 3990 3901 3808 3470 338 130 274 179 3340 416 355 224 2924 224 153 154 131
is_linear=0
shrinkage=0.05


Tree=65
num_leaves=31
num_cat=0
split_feature=1 0 9 6 3 10 9 1 5 2 6 6 4 2 9 4 1 6 7 11 9 6 3 10 3 6 10 0 11 11
split_gain=8.22952 1.85162 1.2919 1.22854 1.28358 1.02338 3.63 1.08538 0.895992 1.87259 1.25407 2.29446 1.21327 1.17873 1.06177 1.48656 1.53851 1.30055 1.11446 1.05958 1.19896 2.59655 1.18329 3.30542 0.97527 0.955498 0.943288 0.938963 1.19955 0.936469
threshold=3.3903550000000008e-05 0.05907260000000001 3722.5000000000005 7.3274950000000016e-05 18.500000000000004 22.500000000000004 1505.5000000000002 0.00010215500000000001 0.040182100000000005 0.089246550000000022 0.099132800000000007 0.021374100000000004 0.61752250000000009 0.14293100000000003 1057.5000000000002 2.1888600000000005 0.015868300000000005 0.017180650000000002 0.0011862400000000001 20.500000000000004 2264.5000000000005 0.0045884900000000006 7.5000000000000009 9.5000000000000018 6.5000000000000009 0.026798350000000002 3.5000000000000004 1.7374750000000003 12.500000000000002 13.500000000000002
decision_type=2 2 2 2 2 2 2 2 2 2 2 2 2 2 2 2 2 2 2 2 2 2 2 2 2 2 2 2 2 2
left_child=1 -1 3 -2 5 7 -7 -5 10 12 11 27 -10 -11 15 16 17 18 29 22 21 -21 24 25 -16 -24 -22 -9 -29 -15
right_child=2 -3 -4 4 -6 6 -8 8 9 13 -12 -13 -14 14 19 -17 -18 -19 -20 20 26 -23 23 -25 -26 -27 -28 28 -30 -31
leaf_value=-7.2325914498611463e-05 -6.8373620221447677e-05 -5.2118812225770885e-05 -0.00010475881826992299 -7.4492536329253298e-05 0.0007777418876263294 -0.00049024526585235244 3.1910468199436785e-05 7.9196922588072049e-06 -0.00020730036508865006 0.00027149440724031656 0.0025952248076369887 -0.00027998794979951225 -6.7948894689174561e-05 0.00010165106950130306 -3.2691388706047184e-05 0.00070861171307280235 -0.00092833121845781956 0.0025633553443628315 -0.00036528196366734174 0.00011958530641367217 -0.00012438466382719339 -0.00096366487558506402 -0.00024009919141627855 0.00029860900242825722 0.00040091146624595054 -0.00079579655831900635 7.4189097277997673e-05 0.00041691357238070797 7.8872198064908892e-06 -6.8678965475449217e-05
leaf_weight=77 94 71 153 85 69 60 75 169 79 95 60 100 77 112 2222 265 78 78 63 64 96 91 109 96 89 69 76 84 63 113
leaf_count=77 94 71 153 85 69 60 75 169 79 95 60 100 77 112 2222 265 78 78 63 64 96 91 109 96 89 69 76 84 63 113
internal_value=-0.00122218 -0.0128378 -0.000870188 -0.000723948 -0.00060923 -0.000711471 -0.005 -0.000580871 -0.000471481 -0.00072314 0.00157563 0.000600962 -0.00608974 -0.000497847 -0.000642088 0.00109309 -0.000675676 0.00068306 -0.000868056 -0.00106456 -0.00374618 -0.00693548 -0.000725338 -0.00383212 -0.000356988 -0.00786517 -0.000872093 0.00268987 0.00561224 0.000777778
internal_weight=5032 148 4884 4731 4637 4568 135 4433 4348 3872 476 416 156 3716 3621 709 444 366 288 2912 327 155 2585 274 2311 178 172 316 147 225
internal_count=5032 148 4884 4731 4637 4568 135 4433 4348 3872 476 416 156 3716 3621 709 444 366 288 2912 327 155 2585 274 2311 178 172 316 147 225
is_linear=0
shrinkage=0.05


Tree=66
num_leaves=31
num_cat=0
split_feature=1 0 6 7 9 2 9 3 1 1 0 1 7 9 8 6 10 7 7 4 2 8 7 8 1 9 2 8 8 9
split_gain=8.18733 1.85162 1.19786 1.67336 1.12352 1.43175 1.09872 1.80113 1.53032 1.24626 0.949242 1.33202 1.59741 1.30752 1.58253 1.24153 1.20648 0.995499 0.973031 0.92906 0.845898 0.803696 2.00222 2.03799 1.7132 1.1303 1.09726 0.68501 2.00209 1.15706
threshold=3.3903550000000008e-05 0.05907260000000001 0.0015643350000000002 -0.0041789049999999993 879.00000000000011 19.257500000000004 543.50000000000011 4.5000000000000009 0.0043913700000000012 0.047517500000000011 8.3881900000000016 0.0026562650000000001 -0.13383849999999997 1684.5000000000002 29.541650000000004 0.017624450000000003 6.5000000000000009 -0.14253949999999996 0.24382500000000004 1.6788600000000002 12.709200000000001 13.925000000000002 0.004629465000000001 10.091650000000001 0.00070581850000000005 1812.5000000000002 2.9618650000000004 6.3583350000000012 6.9250000000000007 1713.5000000000002
decision_type=2 2 2 2 2 2 2 2 2 2 2 2 2 2 2 2 2 2 2 2 2 2 2 2 2 2 2 2 2 2
left_child=1 -1 3 20 -5 21 7 8 -4 10 17 -12 -13 19 16 -16 -15 -8 27 -14 -2 22 23 26 25 -23 -6 -19 29 -29
right_child=2 -3 6 4 5 -7 9 -9 -10 -11 11 12 13 14 15 -17 -18 18 -20 -21 -22 24 -24 -25 -26 -27 -28 28 -30 -31
leaf_value=-6.870961877368089e-05 6.5371917650799608e-05 -4.9512871614482341e-05 -4.8806419266169552e-05 4.6189035615393231e-05 -6.7637707038151635e-05 2.6827323710492608e-05 0.002233897681686213 0.00014050686872632694 -0.001203297973305939 0.0067046121053236643 -0.00016890056165899217 -0.00097818782688046421 2.3726819304242288e-05 -0.0009086816236952306 0.0015691343551654524 -0.00029380917887602762 -0.0001582142345262029 0.0002411479314543899 0.0031033762186049533 0.0016788752142031954 -6.3710833718065056e-05 -2.6705299506462951e-06 -0.00036855075935942358 -0.00020909966835706354 0.00010096956470248122 -8.2443688562483638e-05 3.9100936470543935e-05 -9.6330857161722021e-05 -1.0036179688419079e-05 -0.00034289076644670465
leaf_weight=77 116 71 63 69 98 94 77 61 66 92 105 83 87 64 76 63 63 107 107 68 114 65 79 88 82 116 83 73 2549 76
leaf_count=77 116 71 63 69 98 94 77 61 66 92 105 83 87 64 76 63 63 107 107 68 114 65 79 88 82 116 83 73 2549 76
internal_value=-0.00125199 -0.0128378 -0.000900901 -0.00244024 -0.00355297 -0.00414894 -0.000502577 -0.00421053 -0.00755814 -0.000311653 -0.000458588 -0.0022578 -0.00119048 5.93824e-05 -0.00206767 0.00161871 -0.00610236 -9.2004e-05 -0.000240385 0.00370968 0.00130435 -0.00503273 -0.0066092 -0.0045539 -0.00294677 -0.00566298 -0.00151934 -0.000418895 -0.0005745 -0.00620805
internal_weight=5032 148 4884 1004 774 705 3880 190 129 3690 3598 609 504 421 266 139 127 2989 2912 155 230 611 348 269 263 181 181 2805 2698 149
internal_count=5032 148 4884 1004 774 705 3880 190 129 3690 3598 609 504 421 266 139 127 2989 2912 155 230 611 348 269 263 181 181 2805 2698 149
is_linear=0
shrinkage=0.05


Tree=67
num_leaves=31
num_cat=0
split_feature=1 0 9 6 3 10 9 1 1 10 10 10 5 0 3 3 2 2 11 12 8 12 9 2 10 9 4 2 2 9
split_gain=8.28593 1.85162 1.13373 1.02095 1.27542 1.21916 3.34259 0.880958 0.851673 0.71322 1.27784 1.41501 1.26072 1.2164 0.950145 1.52163 1.40946 1.67367 1.32998 1.26877 1.60053 1.08489 1.32128 1.22875 1.06654 1.5776 1.54777 1.26905 1.18444 1.30952
threshold=3.3903550000000008e-05 0.05907260000000001 3722.5000000000005 7.3274950000000016e-05 18.500000000000004 22.500000000000004 1505.5000000000002 0.00010215500000000001 0.00096919350000000009 17.500000000000004 14.500000000000002 11.500000000000002 6.0799200000000004 50.706700000000005 7.5000000000000009 6.5000000000000009 0.23193950000000005 8.2328650000000021 19.500000000000004 5.5000000000000009 21.175000000000001 1.5000000000000002 3359.5000000000005 1.9162150000000002 5.5000000000000009 2909.5000000000005 2.7540500000000003 12.467250000000002 17.207300000000004 1445.0000000000002
decision_type=2 2 2 2 2 2 2 2 2 2 2 2 2 2 2 2 2 2 2 2 2 2 2 2 2 2 2 2 2 2
left_child=1 -1 3 -2 5 7 -7 -5 -4 10 11 13 -13 14 15 18 -16 -18 24 21 -21 22 -20 -23 27 26 -26 -9 29 -29
right_child=2 -3 8 4 -6 6 -8 9 -10 -11 -12 12 -14 -15 16 -17 17 -19 19 20 -22 23 -24 -25 25 -27 -28 28 -30 -31
leaf_value=-6.5274137834996846e-05 -6.1343213452920892e-05 -4.7037228033758235e-05 -2.9722632948941866e-05 -6.6645725084666445e-05 0.00074297697767313701 -0.00046264888300034707 2.4441088648013977e-05 1.5366110327807123e-05 -0.00020083931833647555 0.00012618255450375925 -0.00030285758863545268 0.00037783956286311461 -3.9281928930307196e-06 0.0019939081190871303 2.708169642668388e-05 0.00040239080605867302 -0.00029271429629204522 0.00016501775954639987 -0.00073207375380676546 -0.0002904069071214493 2.7239181814919539e-05 -8.9627937627972606e-05 -4.9609402443296509e-06 0.00022754925468944972 -8.055672050530511e-05 4.0944680412489141e-05 -0.00037437547274025908 -0.00055551961308818035 3.9250020763956925e-05 -0.00010902107719455526
leaf_weight=77 94 71 71 85 69 60 75 2161 82 73 89 70 65 73 132 138 185 68 63 108 60 65 103 123 235 80 104 65 176 112
leaf_count=77 94 71 71 85 69 60 75 2161 82 73 89 70 65 73 132 138 185 68 63 108 60 65 103 123 235 80 104 65 176 112
internal_value=-0.00118243 -0.0128378 -0.000829238 -0.000692243 -0.000587664 -0.00068958 -0.00537037 -0.000547034 -0.00506536 -0.000448482 -0.000532164 -0.000406116 0.00462963 -0.000573932 -0.000691302 -0.000438352 -0.00305195 -0.00523715 -0.000643994 -0.00296935 -0.00654762 -0.00127119 -0.00421687 0.00132979 -0.00023014 -0.00256563 -0.00405605 0.000159109 -0.0026204 -0.00550847
internal_weight=5032 148 4884 4731 4637 4568 135 4433 153 4348 4275 4186 135 4051 3978 3593 385 253 3455 522 168 354 166 188 2933 419 339 2514 353 177
internal_count=5032 148 4884 4731 4637 4568 135 4433 153 4348 4275 4186 135 4051 3978 3593 385 253 3455 522 168 354 166 188 2933 419 339 2514 353 177
is_linear=0
shrinkage=0.05


Tree=68
num_leaves=31
num_cat=0
split_feature=1 0 9 1 6 0 3 10 9 1 1 9 5 5 10 2 1 1 0 2 0 13 2 5 8 0 9 11 1 5
split_gain=7.39307 1.42352 1.13922 0.851673 0.825024 1.07433 1.07843 1.1893 2.71666 1.24114 0.643216 0.664647 0.62338 2.2269 0.92819 0.814634 0.522798 1.31014 0.983051 1.57383 1.39003 1.28373 0.963711 1.59717 1.0587 2.38889 1.49254 1.19832 1.16543 1.34073
threshold=3.3903550000000008e-05 0.015577150000000003 3722.5000000000005 0.00096919350000000009 7.3274950000000016e-05 -0.23639949999999996 18.500000000000004 22.500000000000004 1505.5000000000002 0.00010215500000000001 0.042007900000000008 436.00000000000006 0.010792800000000002 0.0040564750000000012 2.5000000000000004 0.016835950000000006 0.0099361450000000021 0.010785750000000002 4.1424900000000013 0.15000000000000002 3.9205900000000002 1.5000000000000002 0.44067250000000008 1.1735550000000001 14.225000000000001 5.1490800000000005 2898.5000000000005 6.5000000000000009 0.0036621050000000001 6.1984200000000014
decision_type=2 2 2 2 2 2 2 2 2 2 2 2 2 2 2 2 2 2 2 2 2 2 2 2 2 2 2 2 2 2
left_child=1 -1 4 -4 -2 -6 7 9 -9 -7 11 -11 13 14 -13 -14 18 -18 20 -20 -17 22 -21 -24 28 -26 27 -27 29 -25
right_child=2 -3 3 -5 5 6 -8 8 -10 10 -12 12 15 -15 -16 16 17 -19 19 21 -22 -23 23 24 25 26 -28 -29 -30 -31
leaf_value=-6.4295433164805965e-05 -5.8276052780274843e-05 -4.424179016238924e-05 -2.8236501301494777e-05 -0.00019079735241965177 0.00056043179925402583 -7.3866522507302034e-05 0.0007058281287894802 -0.00043951643885032976 2.0201341915633815e-05 0.00023037912382301183 0.0052808865789705992 8.4253630945302198e-05 -0.00028440987882597738 0.00051586074206479669 -0.00022193161638729022 -3.2837685425072918e-05 0.0025160507471666512 -8.9715583584527861e-05 -0.00016919063600020492 0.00017120096232816837 0.00012546252394998075 -0.000211024883111969 -0.00024611984697444451 -0.00011882846925137882 -0.00031182484327557859 7.5328731103205246e-05 0.0001307409540403434 -0.0001668126335194484 0.0011452334944020649 7.8004839139372579e-05
leaf_weight=73 94 75 71 82 98 68 67 60 73 74 106 87 60 84 84 1995 83 639 66 66 88 84 91 62 78 92 92 181 93 66
leaf_count=73 94 75 71 82 98 68 67 60 73 74 106 87 60 84 84 1995 83 639 66 66 88 84 91 62 78 92 92 181 93 66
internal_value=-0.00115262 -0.0121622 -0.000819001 -0.00506536 -0.000681674 -0.000587664 -0.000699493 -0.000793828 -0.00545113 -0.000651072 -0.000544369 -0.000642257 -0.000727206 0.00166667 -0.00160819 -0.00088634 -0.000794492 0.000415512 -0.00108055 -0.00239444 -0.000468075 -0.00185083 -0.00124848 -0.00175497 -0.000903614 -0.00231377 -0.000616438 -0.00247253 0.00192308 -0.00117188
internal_weight=5032 148 4884 153 4731 4637 4539 4472 133 4339 4271 4165 4091 255 171 3836 3776 722 3054 971 2083 905 821 755 664 443 365 273 221 128
internal_count=5032 148 4884 153 4731 4637 4539 4472 133 4339 4271 4165 4091 255 171 3836 3776 722 3054 971 2083 905 821 755 664 443 365 273 221 128
is_linear=0
shrinkage=0.05


Tree=69
num_leaves=31
num_cat=0
split_feature=1 0 9 6 3 10 9 1 5 2 6 1 9 11 9 9 6 6 10 0 9 11 9 3 10 0 11 3 10 3
split_gain=7.47336 1.42352 1.00128 0.843934 0.998057 1.0656 3 0.900779 0.868236 1.51475 1.28945 2.90035 1.61705 1.52841 3.02229 1.10769 1.01688 1.22013 0.933589 0.844207 0.853262 1.34428 3.38385 1.28586 2.30233 1.48184 1.34814 0.934216 2.51177 1.24796
threshold=3.3903550000000008e-05 0.015577150000000003 3722.5000000000005 7.3274950000000016e-05 18.500000000000004 22.500000000000004 1505.5000000000002 0.00010215500000000001 0.10997100000000001 0.098515550000000021 0.17815100000000003 0.0041614750000000013 2087.5000000000005 11.500000000000002 1165.5000000000002 1630.5000000000002 0.0096883250000000028 0.0029215650000000005 2.5000000000000004 74.58580000000002 1075.5000000000002 19.500000000000004 1844.0000000000002 3.5000000000000004 5.5000000000000009 0.98387550000000012 3.5000000000000004 7.5000000000000009 9.5000000000000018 6.5000000000000009
decision_type=2 2 2 2 2 2 2 2 2 2 2 2 2 2 2 2 2 2 2 2 2 2 2 2 2 2 2 2 2 2
left_child=1 -1 3 -2 5 7 -7 -5 10 -10 11 12 13 14 -9 -15 17 -14 -13 20 23 27 -23 24 25 -11 -27 29 -29 -22
right_child=2 -3 -4 4 -6 6 -8 8 9 19 -12 18 16 15 -16 -17 -18 -19 -20 -21 21 22 -24 -25 -26 26 -28 28 -30 -31
leaf_value=-6.1080661506565675e-05 -5.5362250141261128e-05 -4.2029700654269778e-05 -8.4565118298313895e-05 -5.9620112705068011e-05 0.0006705367223500061 -0.00041754061690781324 2.2208967119831391e-05 -0.00010226031228453906 -0.00027448561593066588 0.0013175489063848387 0.0025785606511441548 -0.000191119517045776 0.00025655943837300414 5.2085145138675194e-05 0.00025375425240878742 -0.00023386272588563143 0.00041490444814107943 -4.3576644060110356e-05 -0.00065518139127794929 0.0020337500089553165 -3.8885823496024462e-05 -0.0006938289757391909 -7.9007381689158643e-05 0.00049329676834698852 -0.00048004118835554303 -0.00028465795670532988 2.7602083647906711e-05 -0.0002853582942127768 0.00021456318728761692 0.00048449422191700064
leaf_weight=73 94 75 153 85 69 60 75 86 68 102 67 61 70 65 63 65 69 74 60 74 2078 62 316 273 67 97 188 172 88 83
leaf_count=73 94 75 153 85 69 60 75 86 68 102 67 61 70 65 63 65 69 74 60 74 2078 62 316 273 67 97 188 172 88 83
internal_value=-0.001093 -0.0121622 -0.000757576 -0.000628831 -0.00053375 -0.000623905 -0.005 -0.000490638 -0.000390984 -0.000695202 0.00125 0.000530179 0.00223577 -0.000268817 0.00318792 -0.00423077 0.00551643 0.003125 -0.00640496 -0.000555556 -0.000666478 -0.00106288 -0.00383598 0.000859697 -0.000770925 0.000710594 -0.00114035 -0.000629905 -0.00346154 -0.000289218
internal_weight=5032 148 4884 4731 4637 4568 135 4433 4348 3668 680 613 492 279 149 130 213 144 121 3600 3526 2799 378 727 454 387 285 2421 260 2161
internal_count=5032 148 4884 4731 4637 4568 135 4433 4348 3668 680 613 492 279 149 130 213 144 121 3600 3526 2799 378 727 454 387 285 2421 260 2161
is_linear=0
shrinkage=0.05


Tree=70
num_leaves=31
num_cat=0
split_feature=1 0 6 7 7 9 3 4 7 2 1 15 0 6 1 1 11 0 8 8 0 8 9 1 1 2 12 9 2 0
split_gain=7.35309 1.42352 0.965096 1.08752 1.3093 1.05185 1.36255 1.56907 1.02434 1.21596 1.00742 0.98256 0.899018 0.950303 0.843476 0.942551 0.865479 0.797044 1.29572 0.770412 1.68712 1.67162 1.24992 1.48741 1.94431 1.41443 1.19677 1.04264 1.25037 1.38204
threshold=3.3903550000000008e-05 0.015577150000000003 0.0018263750000000001 -0.0033573549999999998 8.019165000000001e-05 543.50000000000011 4.5000000000000009 0.13389100000000001 -0.0005078359999999999 6.7769600000000008 0.047517500000000011 1.0000000180025095e-35 0.91247250000000013 0.0014136850000000002 0.00030554650000000008 0.00048322050000000003 9.5000000000000018 2.9214100000000003 9.8583350000000021 6.9250000000000007 0.91247250000000013 9.0250000000000004 1057.5000000000002 0.010592250000000003 0.0042618900000000008 3.2098850000000003 3.5000000000000004 2930.0000000000005 0.11583000000000002 3.9605100000000006
decision_type=2 2 2 2 2 2 2 2 2 2 2 2 2 2 2 2 2 2 2 2 2 2 2 2 2 2 2 2 2 2
left_child=1 -1 3 12 8 6 7 -4 9 11 19 -5 -2 -14 16 -16 -6 18 -17 20 -7 22 25 24 -24 -21 27 28 29 -23
right_child=2 -3 5 4 14 10 -8 -9 -10 -11 -12 -13 13 -15 15 17 -18 -19 -20 21 -22 26 23 -25 -26 -27 -28 -29 -30 -31
leaf_value=-5.802662843123739e-05 0.00037064266699743175 -3.9928215621556283e-05 -2.9855159050969258e-05 6.4798967686647947e-05 0.00018699273746862339 0.00029398908229906744 0.00016937228921180063 -0.00052030523334570397 -7.0333625051747223e-05 -6.8500637235413293e-05 0.006187384303229561 -6.8018957687420115e-05 1.7807824446340147e-05 -0.00017301529189359301 -0.00011455578272443432 -7.4311944783364472e-05 -6.1524086224760082e-05 -0.00014358880445213652 0.00031033232243799842 0.0004686319299296391 -0.00021858620109552448 -4.71628262841437e-05 8.3459929600383705e-05 0.0031259971034084014 -0.00052400649191113177 0.0041264788734256775 2.51543060564529e-05 5.8072758834326265e-06 -0.00012674741803529369 -0.000385767400207969
leaf_weight=73 60 75 61 64 70 95 61 67 126 65 92 60 200 64 68 86 68 133 60 71 173 89 224 62 103 62 1197 487 847 69
leaf_count=73 60 75 61 64 70 95 61 67 126 65 92 60 200 64 68 86 68 133 60 71 173 89 224 62 103 62 1197 487 847 69
internal_value=-0.00118243 -0.0121622 -0.000849713 -0.00213523 -0.003125 -0.000465426 -0.00410053 -0.00703125 -0.00563492 -0.00330688 -0.000273033 -0.000403226 0.000308642 -0.00094697 -0.00149485 -0.0028098 0.00181159 -0.0015233 0.0010274 -0.0004096 -0.00298507 -0.000194643 0.00239464 0.00096401 -0.000382263 0.00657895 -0.000697285 -0.00164209 -0.00256219 -0.00664557
internal_weight=5032 148 4884 1124 800 3760 189 128 315 189 3571 124 324 264 485 347 138 279 146 3479 268 3211 522 389 327 133 2689 1492 1005 158
internal_count=5032 148 4884 1124 800 3760 189 128 315 189 3571 124 324 264 485 347 138 279 146 3479 268 3211 522 389 327 133 2689 1492 1005 158
is_linear=0
shrinkage=0.05


Tree=71
num_leaves=31
num_cat=0
split_feature=1 0 6 9 11 13 1 4 4 6 1 2 4 13 10 0 5 7 4 5 8 9 8 11 8 11 1 0 9 11
split_gain=7.33979 1.42352 1.07713 0.949522 1.13666 1.68847 2.17004 1.89516 1.18386 2.32166 2.14856 1.7002 1.70089 1.50973 1.45611 1.57329 1.78029 1.4262 1.12174 1.07452 1.06766 1.42557 1.96751 1.28313 1.27853 1.20861 1.04794 0.980617 0.925453 1.26608
threshold=3.3903550000000008e-05 0.015577150000000003 0.0023907450000000001 543.50000000000011 20.500000000000004 1.0000000180025095e-35 0.0035545000000000004 0.068260600000000018 0.33699250000000008 0.0033602300000000005 0.025605400000000004 12.467250000000002 0.0095749050000000016 1.5000000000000002 20.500000000000004 8.0835200000000018 4.9756200000000002 -0.056854099999999991 6.5742900000000004 2.6516850000000005 20.275000000000002 1165.5000000000002 13.358350000000002 10.500000000000002 9.0916650000000008 9.5000000000000018 0.0011598300000000004 6.5886300000000011 1748.5000000000002 14.500000000000002
decision_type=2 2 2 2 2 2 2 2 2 2 2 2 2 2 2 2 2 2 2 2 2 2 2 2 2 2 2 2 2 2
left_child=1 -1 -2 27 8 7 -7 -6 11 -10 13 17 -13 14 15 28 -17 -5 -9 -15 21 -19 23 24 -23 -24 -22 -4 29 -11
right_child=2 -3 3 4 5 6 -8 18 9 10 -12 12 -14 19 -16 16 -18 20 -20 -21 26 22 25 -25 -26 -27 -28 -29 -30 -31
leaf_value=-5.5125297009675512e-05 -4.7333649054370982e-05 -3.793180484047847e-05 -9.6952620844733807e-05 0.0016642868249066669 0.00079590298439620791 -3.5923161224237555e-05 -0.0010216695654114143 -0.00054646237218054945 0.00045759785862661969 -0.00011282391587343621 0.0047653494442747545 -7.5832315492859256e-05 -0.00097019061675695281 -0.00028116957521402697 0.00030929018441141473 -0.00087047698663093734 5.8316263239898035e-05 -0.00023935174359481184 0.0014363213916905029 9.1722199078464472e-06 -1.9020164567978535e-05 0.00065500676564016766 4.1240154610540589e-05 -0.00024616306379540259 -0.00028782402176564799 0.00045885310431491294 -0.00032302064303612585 -0.00021923316384926886 0.00022368552502699258 0.00079833100102693364
leaf_weight=73 1364 75 116 223 69 85 69 108 121 474 142 83 97 97 64 84 118 174 62 63 113 78 62 99 64 69 152 60 467 107
leaf_count=73 1364 75 116 223 69 85 69 108 121 474 142 83 97 97 64 84 118 174 62 63 113 78 62 99 64 69 152 60 467 107
internal_value=-0.00119237 -0.0121622 -0.000859951 -0.000397727 -0.00020933 -0.00273537 -0.00681818 -0.000104603 0.000127076 0.000964306 0.000464109 -0.00107084 -0.00555556 -0.000101764 0.000456621 8e-05 -0.0039604 -0.000290135 -0.00294118 -0.0046875 -0.00126387 0 0.00174731 -0.00093361 0.00211268 0.00667939 -0.00386792 -0.00397727 0.000858779 -0.000473322
internal_weight=5032 148 4884 3520 3344 393 154 239 2951 1737 1616 1214 180 1474 1314 1250 202 1034 170 160 811 546 372 241 142 131 265 176 1048 581
internal_count=5032 148 4884 3520 3344 393 154 239 2951 1737 1616 1214 180 1474 1314 1250 202 1034 170 160 811 546 372 241 142 131 265 176 1048 581
is_linear=0
shrinkage=0.05


Tree=72
num_leaves=31
num_cat=0
split_feature=1 0 10 9 3 10 0 9 9 1 8 3 2 2 12 3 11 12 7 2 0 10 6 6 5 7 2 9 11 2
split_gain=6.84321 1.62927 0.945308 2.42557 1.97288 1.55518 1.67569 1.14349 2.061 0.882268 1.11197 0.842329 1.25852 1.74453 2.2252 1.25729 1.00277 1.22011 1.30235 1.62149 1.19248 1.17084 1.49724 2.03201 1.75237 1.30743 1.20533 1.97028 1.60165 1.518
threshold=3.3903550000000008e-05 0.015577150000000003 13.500000000000002 893.50000000000011 14.500000000000002 11.500000000000002 50.706700000000005 2341.5000000000005 1445.0000000000002 0.00017994750000000002 10.725000000000001 7.5000000000000009 0.23193950000000005 1.9859850000000001 3.5000000000000004 6.5000000000000009 19.500000000000004 5.5000000000000009 0.0016049700000000001 4.8258950000000009 2.8832750000000007 5.5000000000000009 0.0033602300000000005 0.027434450000000003 7.3553000000000006 0.0097455500000000021 12.467250000000002 3034.5000000000005 15.500000000000002 9.7846550000000025
decision_type=2 2 2 2 2 2 2 2 2 2 2 2 2 2 2 2 2 2 2 2 2 2 2 2 2 2 2 2 2 2
left_child=1 -1 5 -4 7 6 9 8 -5 10 -2 15 -13 -14 -15 16 21 18 -18 -20 -19 26 -23 24 25 -24 28 -28 29 -11
right_child=2 -3 3 4 -6 -7 -8 -9 -10 11 -12 12 13 14 -16 -17 17 20 19 -21 -22 22 23 -25 -26 -27 27 -29 -30 -31
leaf_value=-5.2369032159191732e-05 6.6301149415600507e-07 -3.6035214598454549e-05 -0.0006779652084800687 -0.00013912236209225813 0.0010293589710060531 0.00038842787676440083 0.0014987281690738781 -0.00024742650370153385 0.00012759740407353762 -2.8280117416639319e-05 -6.5529327329953441e-05 9.1264130403215755e-06 -0.00033832953672072522 -0.00021887372921580405 0.00045751847414765101 0.00030441673471089201 6.4132656832879009e-05 -0.00026572573455231613 -0.00041431713938475893 0.00020861411164150719 -0.00021657565518241938 0.00017582199529006287 -0.00015591729055571522 4.2720822080886957e-05 -9.2318704721512665e-05 -0.00076462641105589702 -6.4991329070428907e-05 -0.00034298795147785885 0.0001808045368990571 0.00027659612333999831
leaf_weight=73 96 75 71 75 73 113 78 96 87 1642 126 141 101 103 70 143 204 61 83 67 105 119 97 77 67 60 302 63 358 206
leaf_count=73 96 75 71 75 73 113 78 96 87 1642 126 141 101 103 70 143 204 61 83 67 105 119 97 77 67 60 302 63 358 206
internal_value=-0.00123211 -0.0118243 -0.000911138 -0.00323383 -0.00143505 -0.000702811 -0.000852598 -0.00348837 -0.000925926 -0.000984619 -0.00405405 -0.000817154 -0.00295181 -0.00492701 -0.00187861 -0.000574713 -0.000761891 -0.00278846 -0.00112994 -0.00466667 -0.0063253 -0.000409562 -0.00285714 -0.00473422 -0.00714286 -0.0100318 -9.72384e-06 -0.00267123 0.000430644 -0.000162338
internal_weight=5032 148 4884 402 331 4482 4369 258 162 4291 222 4069 415 274 173 3654 3511 520 354 150 166 2991 420 301 224 157 2571 365 2206 1848
internal_count=5032 148 4884 402 331 4482 4369 258 162 4291 222 4069 415 274 173 3654 3511 520 354 150 166 2991 420 301 224 157 2571 365 2206 1848
is_linear=0
shrinkage=0.05


Tree=73
num_leaves=31
num_cat=0
split_feature=1 0 6 0 5 4 11 9 9 1 13 2 6 6 3 5 9 8 9 3 7 3 11 5 4 5 6 0 0 2
split_gain=6.76639 1.62927 1.12923 1.06093 0.991508 1.53651 0.93658 1.05953 1.80877 1.14625 1.94271 1.04197 1.02433 1.16474 1.63967 1.3716 1.10182 1.53056 1.44929 1.44962 2.64734 1.48219 1.40781 2.12225 2.19244 1.83565 1.16464 1.03261 1.33324 1.97296
threshold=3.3903550000000008e-05 0.015577150000000003 0.00033355150000000008 -0.26761099999999993 3.6965350000000003 0.094432250000000009 20.500000000000004 991.50000000000011 1889.0000000000002 0.0018895950000000002 1.0000000180025095e-35 3.2098850000000003 0.0065148350000000009 0.0079665500000000011 3.5000000000000004 3.5612250000000008 3085.5000000000005 27.275000000000002 2433.5000000000005 3.5000000000000004 -0.0036691949999999997 8.5000000000000018 4.5000000000000009 4.700260000000001 1.0023500000000001 1.32162 0.004336935000000001 0.58129700000000006 2.2525750000000007 2.9618650000000004
decision_type=2 2 2 2 2 2 2 2 2 2 2 2 2 2 2 2 2 2 2 2 2 2 2 2 2 2 2 2 2 2
left_child=1 -1 4 -4 5 -2 12 11 -9 -10 -11 -8 16 14 15 -14 18 -18 19 26 -21 -22 -20 25 -25 -24 27 -5 29 -29
right_child=2 -3 3 6 -6 -7 7 8 9 10 -12 -13 13 -15 -16 -17 17 -19 22 20 21 -23 23 24 -26 -27 -28 28 -30 -31
leaf_value=-4.9750580551232145e-05 -8.9020827192789521e-06 -3.4233453868531817e-05 0.00064330646909119618 -0.00016372640100742171 -1.8781452061798336e-05 -9.37277598952371e-05 -0.00013638621976264418 -0.00066853080834729727 1.8911312606470944e-05 0.00017021859080965722 -0.00054162084732350632 0.00057009077705021084 -0.00014743908348206259 -1.770263946263527e-05 0.00086064289402967603 0.0018136734590744623 -0.00019031063003716706 1.0525056487917586e-05 0.00039973555536339678 9.210744426832378e-05 -0.0002096427518592594 -3.8143412584327153e-05 6.9740055798315404e-06 -0.0001973807506578199 0.00043651981755349052 -0.00028229208332757803 -0.00017277844541050349 -7.2305738407042657e-05 -1.6322509122806387e-05 0.00047384330999528692
leaf_weight=73 60 75 71 112 142 84 64 81 156 81 89 81 84 2045 67 66 183 67 126 102 155 71 64 60 77 62 161 72 304 97
leaf_count=73 60 75 71 112 142 84 64 81 156 81 89 81 84 2045 67 66 183 67 126 102 155 71 64 60 77 62 161 72 304 97
internal_value=-0.00129173 -0.0118243 -0.000972563 -0.000782949 -0.00402098 -0.00694444 -0.000878065 -0.00280797 -0.00411548 -0.00245399 -0.00529412 0.000862069 -0.000610063 8.84173e-05 0.00357143 0.000666667 -0.0015324 -0.0046 -0.0010082 -0.00195531 -0.00472561 -0.00774336 0.00160668 -0.000475285 0.00383212 -0.00515873 -0.000737265 0.000299145 0.00132135 0.00488166
internal_weight=5032 148 4884 4598 286 144 4527 552 407 326 170 145 3975 2262 217 150 1713 250 1463 1074 328 226 389 263 137 126 746 585 473 169
internal_count=5032 148 4884 4598 286 144 4527 552 407 326 170 145 3975 2262 217 150 1713 250 1463 1074 328 226 389 263 137 126 746 585 473 169
is_linear=0
shrinkage=0.05


Tree=74
num_leaves=31
num_cat=0
split_feature=1 0 6 12 8 0 10 1 12 8 2 6 0 12 11 4 7 9 7 2 1 1 8 8 8 1 9 5 7 9
split_gain=6.89466 1.62927 1.48915 0.941132 2.49662 1.37364 1.29712 1.08279 1.00921 1.52872 1.50833 2.18669 1.13005 1.87198 1.32086 1.33314 1.63193 1.82207 1.01829 0.961138 0.939533 0.871491 1.00502 1.81825 1.17902 1.16128 0.818516 0.907575 0.806696 0.775961
threshold=3.3903550000000008e-05 0.015577150000000003 0.0023907450000000001 5.5000000000000009 6.9250000000000007 1.1393450000000003 14.500000000000002 0.018597300000000001 3.5000000000000004 6.3583350000000012 0.13540750000000004 0.0067193550000000006 0.50553000000000015 1.0000000180025095e-35 1.5000000000000002 0.0095749050000000016 -0.09043219999999999 2820.5000000000005 -0.10671299999999999 9.7846550000000025 0.0012276100000000003 0.00083843450000000016 19.225000000000005 10.591650000000001 24.933350000000001 0.0043913700000000012 2132.5000000000005 0.26061700000000004 -0.0025139449999999996 2603.5000000000005
decision_type=2 2 2 2 2 2 2 2 2 2 2 2 2 2 2 2 2 2 2 2 2 2 2 2 2 2 2 2 2 2
left_child=1 -1 -2 8 -5 20 7 21 9 -4 -10 28 13 -11 26 16 -16 -18 -17 29 -6 -7 23 -23 -24 -25 -14 -28 -12 -13
right_child=2 -3 3 4 5 6 -8 -9 10 12 11 19 14 -15 15 18 17 -19 -20 -21 -22 22 24 25 -26 -27 27 -29 -30 -31
leaf_value=-4.7263051523670534e-05 -4.4303550965676544e-05 -3.252178117510523e-05 0.0004908568765154194 -0.00033221732100055247 -0.00036412174225879053 0.00011867782566173313 -0.00028332511720397332 0.0034527326866280491 0.00083071289670853864 -0.0003581971305933258 1.1136313583335473e-05 -1.5777486875523732e-05 -0.00038131835195259273 0.0027987064199274454 0.0047222440796724765 -0.0014170941861315668 -0.00014925136469797436 0.00064661857957546321 -3.5268549984069505e-05 0.0016892966922936452 -0.00021905619740560309 -0.00035448477395423785 -0.00055473400114709086 -1.7893389166185811e-05 2.7793115789602607e-05 0.00097259648978925749 2.1930702044313869e-05 -0.00015281373568921372 0.00084387642919072844 -0.00055790408612682726
leaf_weight=73 1364 75 60 93 67 60 83 85 86 121 71 139 94 66 60 79 143 75 1027 89 133 138 80 103 72 122 74 106 90 104
leaf_count=73 1364 75 60 93 67 60 83 85 86 121 71 139 94 66 60 79 143 75 1027 89 133 138 80 103 72 122 74 106 90 104
internal_value=-0.00119237 -0.0118243 -0.000870188 -0.000326705 -0.00159266 -0.000821845 0.000168237 0.000909091 0.000201288 -0.000354331 0.00202936 0.000963489 -0.000609756 0.00307487 -0.00102533 -0.000397399 0.00269784 0.000688073 -0.00117541 -0.00135542 -0.0045 0.000130435 -0.000533981 0.000895317 -0.00394737 0.00366667 -0.00419708 -0.00222222 0.00574534 -0.00298354
internal_weight=5032 148 4884 3520 1036 943 743 660 2484 1905 579 493 1845 187 1658 1384 278 218 1106 332 200 575 515 363 152 225 274 180 161 243
internal_count=5032 148 4884 3520 1036 943 743 660 2484 1905 579 493 1845 187 1658 1384 278 218 1106 332 200 575 515 363 152 225 274 180 161 243
is_linear=0
shrinkage=0.05


Tree=75
num_leaves=31
num_cat=0
split_feature=1 0 6 9 1 11 13 9 4 5 6 1 11 6 1 1 4 11 11 9 5 9 5 4 8 8 11 11 6 12
split_gain=6.88178 1.62927 1.17467 1.10622 1.27841 1.15015 1.68847 2.1039 1.13643 1.81991 1.78275 1.6822 1.47441 1.84719 1.41697 1.27842 1.69017 1.61647 1.59265 2.14183 1.44142 1.55622 1.28068 1.27891 1.27605 1.16915 1.04632 1.99665 1.07696 1.31494
threshold=3.3903550000000008e-05 0.015577150000000003 0.0023907450000000001 543.50000000000011 0.0068179600000000005 20.500000000000004 1.0000000180025095e-35 2318.5000000000005 0.33699250000000008 10.387600000000001 0.0033602300000000005 0.0005496670000000001 3.5000000000000004 0.14253400000000002 0.025605400000000004 0.014469800000000001 1.0050150000000002 15.500000000000002 8.5000000000000018 1723.5000000000002 9.0387150000000016 3210.5000000000005 6.5366550000000005 1.2337600000000004 16.641650000000002 17.591650000000005 7.5000000000000009 9.5000000000000018 0.013120300000000001 3.5000000000000004
decision_type=2 2 2 2 2 2 2 2 2 2 2 2 2 2 2 2 2 2 2 2 2 2 2 2 2 2 2 2 2 2
left_child=1 -1 -2 4 -4 8 -7 -8 9 12 -10 -12 -5 -14 15 16 17 24 -17 -20 21 22 23 -18 -13 -16 28 -28 29 -25
right_child=2 -3 3 5 -6 6 7 -9 10 -11 11 14 13 -15 25 18 20 -19 19 -21 -22 -23 -24 26 -26 -27 27 -29 -30 -31
leaf_value=-4.4899898947487004e-05 -4.2088373417392711e-05 -3.0895692116349965e-05 -4.5058073561234958e-06 -0.00019815959741158718 -0.00057749365371133029 -6.2492809932278294e-06 -0.00032201825763715795 -7.0610130613766361e-05 0.00038193193098172082 -0.00075390830238896962 -7.0381709399398778e-05 0.00068092462157959104 -3.2233850313055645e-06 0.0021163285842425504 0.0090588477670066597 -0.001994069968754683 -0.00039988451369244934 0.00064300777170792989 0.0019016744095536387 -0.001827328833692963 0.0023998467215430017 -0.00028529028843233189 -0.0006159266495220872 8.9629112858434504e-05 -0.00011497587231724185 0.0012028194221423427 -0.00062251254867306627 0.00017385443437394727 0.00020757581083910329 0.00070495220880426729
leaf_weight=73 1364 75 88 285 88 239 77 77 121 88 72 106 779 62 63 63 61 63 62 65 60 88 65 66 97 79 68 309 169 60
leaf_count=73 1364 75 88 285 88 239 77 77 121 88 72 106 779 62 63 63 61 63 62 65 60 88 65 66 97 79 68 309 169 60
internal_value=-0.00120231 -0.0118243 -0.000880426 -0.000397727 -0.00426136 -0.000194378 -0.00273537 -0.00681818 0.000144019 -0.00102965 0.000964306 0.00052599 -0.000488455 0.000564804 0.000874352 0.000392297 0.000990099 0.00451128 -0.00342105 -0.00019685 0 -0.000507901 0.00018797 0.000784447 0.0023399 0.0056338 0.00141369 -0.000331565 0.00364407 0.00714286
internal_weight=5032 148 4884 3520 176 3344 393 154 2951 1214 1737 1616 1126 841 1544 1402 1212 266 190 127 946 886 798 733 203 142 672 377 295 126
internal_count=5032 148 4884 3520 176 3344 393 154 2951 1214 1737 1616 1126 841 1544 1402 1212 266 190 127 946 886 798 733 203 142 672 377 295 126
is_linear=0
shrinkage=0.05


Tree=76
num_leaves=31
num_cat=0
split_feature=1 0 4 3 7 6 11 8 7 9 1 1 3 3 10 2 0 1 1 1 10 0 0 4 9 6 9 2 4 11
split_gain=6.41364 1.42882 0.931925 1.3157 0.988693 0.996752 1.4789 2.57524 1.01658 0.827284 0.987125 0.878432 1.24883 1.80831 1.56115 1.11812 3.04198 1.46036 1.33388 1.21459 1.09713 0.99842 0.960189 1.17804 1.71969 1.60876 1.46754 1.41931 0.832837 1.0807
threshold=3.3903550000000008e-05 0.015577150000000003 140.14300000000003 3.5000000000000004 0.61703500000000011 0.0062810300000000008 21.500000000000004 10.791650000000002 0.038744850000000004 543.50000000000011 0.0071385700000000012 0.038444500000000006 7.5000000000000009 10.500000000000002 10.500000000000002 11.908500000000002 4.4795800000000012 0.0099361450000000021 0.013845100000000001 0.019327500000000004 2.5000000000000004 11.699050000000002 10.945750000000002 48.775300000000009 1560.5000000000002 0.017180650000000002 1057.5000000000002 0.39019200000000004 3.9218700000000006 14.500000000000002
decision_type=2 2 2 2 2 2 2 2 2 2 2 2 2 2 2 2 2 2 2 2 2 2 2 2 2 2 2 2 2 2
left_child=1 -1 4 -4 5 8 9 -8 -2 10 -7 12 15 -14 -15 17 -17 22 20 -20 -19 -18 23 24 25 27 -27 -11 29 -26
right_child=2 -3 3 -5 -6 6 7 -9 -10 11 -12 -13 13 14 -16 16 21 18 19 -21 -22 -23 -24 -25 28 26 -28 -29 -30 -31
leaf_value=-4.2654904000112657e-05 -3.3693629602305801e-05 -2.9350907510532466e-05 -4.9556670293826599e-05 0.0011215757019524847 -0.0024121062675342198 1.1582481415583525e-05 -0.00064122877515520769 2.2988517369978285e-06 -0.00055848234436010479 0.00017684464442198399 -0.00036298337454613964 0.0096201904132348637 -0.00040320398348000011 -0.00013592544494132135 0.00095079543185667623 -0.0018703504471083759 0.0018287405641199033 0.0067876600729308116 -0.00068215390501525784 0.0010133169944794018 0.000495145162581756 -0.00042753558732360527 -0.00026859085082965437 0.0024755170052599175 3.5150503047145112e-05 -7.0414240783981194e-05 -0.00040175674330603377 -0.00020482551220964325 -0.00010741372631221528 0.00050153552844512176
leaf_weight=73 2104 75 119 68 67 62 70 105 62 77 70 68 171 90 73 77 79 76 94 85 66 74 60 74 362 81 119 147 127 157
leaf_count=73 2104 75 119 68 67 62 70 105 62 77 70 68 171 90 73 77 79 76 94 85 66 74 60 74 362 81 119 147 127 157
internal_value=-0.00123211 -0.0114865 -0.000921376 0.00254011 -0.00105919 -0.000971922 -0.000284091 -0.00471429 -0.00175439 5.4609e-05 -0.00378788 0.000289754 0.000107707 -0.00269461 0.00107362 0.000641026 -0.0026087 0.00113115 0.00412773 0.00125698 0.00774648 0.00147059 0.000332226 0.000655594 0.000233645 -0.00224057 -0.0055 0.000669643 0.00185759 0.00274566
internal_weight=5032 148 4884 187 4697 4630 2464 175 2166 2289 132 2157 2089 334 163 1755 230 1525 321 179 142 153 1204 1144 1070 424 200 224 646 519
internal_count=5032 148 4884 187 4697 4630 2464 175 2166 2289 132 2157 2089 334 163 1755 230 1525 321 179 142 153 1204 1144 1070 424 200 224 646 519
is_linear=0
shrinkage=0.05


Tree=77
num_leaves=31
num_cat=0
split_feature=1 6 6 4 10 12 8 0 0 6 4 0 6 8 4 5 11 5 6 9 9 11 9 1 4 2 5 3 12 9
split_gain=5.9261 1.569 0.819687 1.06606 1.78445 1.13863 3.04552 1.9136 1.54886 1.35776 1.0484 1.03082 1.35772 1.3086 1.21888 1.17961 2.26332 1.80927 1.13385 0.984286 0.947873 1.80988 0.977538 0.957855 0.90483 1.1142 0.882099 0.889778 1.02327 1.24249
threshold=3.3903550000000008e-05 2.3993700000000004e-05 0.0024737100000000005 48.775300000000009 1.5000000000000002 5.5000000000000009 10.591650000000001 4.1956550000000012 1.510105 0.010485300000000001 96.570700000000016 1.5850400000000002 0.0037172200000000007 18.658350000000002 21.316250000000004 0.55159700000000011 6.5000000000000009 4.4951850000000011 0.021686300000000002 1236.5000000000002 1236.5000000000002 10.500000000000002 1812.5000000000002 0.0034733700000000004 2.1008350000000005 4.8258950000000009 0.013004900000000002 3.5000000000000004 3.5000000000000004 2709.5000000000005
decision_type=2 2 2 2 2 2 2 2 2 2 2 2 2 2 2 2 2 2 2 2 2 2 2 2 2 2 2 2 2 2
left_child=1 -1 26 5 -5 11 7 9 -8 -7 -6 12 -4 15 20 16 -14 18 -17 -11 21 -13 24 -23 25 -22 -2 28 -28 -30
right_child=2 -3 3 4 10 6 8 -9 -10 19 -12 14 13 -15 -16 17 -18 -19 -20 -21 22 23 -24 -25 -26 -27 27 -29 29 -31
leaf_value=-2.774385955924847e-05 5.6268682630121514e-05 -3.4205028430624292e-05 0.00061490893476138391 -0.00047239425633412575 -3.3551251399631389e-05 -0.00032144916774749424 -0.0002318405677141036 -0.00080645115453152963 8.3952852433936018e-05 0.00048684701899492921 0.0011651996719539385 -0.00041858943986681222 -0.0002189781337285435 -0.00044522336056409889 -0.00020976780894680204 -0.00038460802284801074 0.0013045599068511155 0.0022206834562666622 0.002336237860909461 -0.00050662988138569097 -6.5258630557784444e-05 9.8861994039527951e-05 -1.4253398463513148e-05 -0.00021689280659363368 0.00026386780729272045 0.0006436386792371975 -9.1743642848865701e-06 -5.363885505024677e-05 -2.5790104259593508e-05 -0.00018951911981315153
leaf_weight=78 110 70 73 113 87 116 128 73 461 77 175 141 75 81 85 142 99 77 61 64 91 82 937 136 60 66 518 370 323 63
leaf_count=78 110 70 73 113 87 116 128 73 461 77 175 141 75 81 85 142 99 77 61 64 91 82 937 136 60 66 518 370 323 63
internal_value=-0.00129173 -0.0111486 -0.000993038 -0.000585714 0.00193333 -0.000888 -0.0023667 -0.00621212 -0.000212224 -0.00418288 0.00419847 -0.000271985 0.00148026 0.000607477 -0.000938673 0.00165198 0.00488506 -0.000357143 -0.00283251 -0.000886525 -0.000611368 -0.00285515 8.66551e-05 0 0.0031106 0.00111465 -0.00202312 -0.00239403 -0.00154867 -0.00349741
internal_weight=5032 148 4884 3500 375 3125 919 330 589 257 262 2206 608 535 1598 454 174 280 203 141 1513 359 1154 218 217 157 1384 1274 904 386
internal_count=5032 148 4884 3500 375 3125 919 330 589 257 262 2206 608 535 1598 454 174 280 203 141 1513 359 1154 218 217 157 1384 1274 904 386
is_linear=0
shrinkage=0.05


Tree=78
num_leaves=31
num_cat=0
split_feature=1 6 6 9 3 1 1 0 4 8 8 12 8 11 13 9 9 0 0 11 1 8 0 4 4 0 0 8 6 2
split_gain=5.95002 1.569 0.794966 1.01643 2.51424 1.33215 0.959817 0.961892 3.1868 1.2228 1.01305 1.76511 0.894825 0.923657 1.09709 1.02884 0.993973 1.34658 2.32404 1.66818 1.32259 1.31131 1.30425 1.10558 1.15281 1.30639 1.08839 1.182 1.07028 1.3537
threshold=3.3903550000000008e-05 2.3993700000000004e-05 0.0024737100000000005 632.50000000000011 4.5000000000000009 0.0028850650000000005 0.056092950000000009 0.22869500000000001 0.017441500000000002 9.7916650000000018 7.0250000000000012 3.5000000000000004 7.408335000000001 20.500000000000004 1.0000000180025095e-35 3301.5000000000005 1456.5000000000002 3.6853600000000006 3.0268650000000004 8.5000000000000018 0.0046292750000000013 17.866650000000003 5.4923700000000011 1.9240600000000001 0.0095749050000000016 4.7320400000000005 6.1698400000000015 26.058300000000006 0.0076194450000000016 1.0162650000000004
decision_type=2 2 2 2 2 2 2 2 2 2 2 2 2 2 2 2 2 2 2 2 2 2 2 2 2 2 2 2 2 2
left_child=1 -1 -2 4 5 -4 7 8 -5 -10 11 -9 -12 15 -15 16 17 18 19 -14 22 28 -19 24 25 -23 27 -26 -18 -30
right_child=2 -3 3 6 -6 -7 -8 10 9 -11 12 -13 13 14 -16 -17 21 20 -20 -21 -22 23 -24 -25 26 -27 -28 -29 29 -31
leaf_value=-2.6356666581286048e-05 -3.7349306348388271e-05 -3.2494777009093071e-05 -6.1668737306043754e-05 -0.00047174160182885815 0.00033294504411321619 -0.0010941385025798201 0.0075030569966702465 -3.727010456410938e-07 0.0038449033727221919 0.00035778617024904589 0.00045371331616521403 -0.0004429682414104793 9.1836087414177116e-06 -5.8103351292598461e-05 -0.00025852705798040285 -0.00010867200931239945 0.00026287647593742299 2.4879788482372323e-05 -0.00075428236958223157 -0.00044857150920827075 0.0012364399463216727 -0.00010293201556822916 -0.00036042492968026401 0.0001842399034501223 -0.00019901184543703063 0.00026179514295147888 -0.00029370747996080394 5.1753283073814176e-05 -0.00019041655888150447 0.0012702053962706003
leaf_weight=78 1384 70 64 74 101 105 67 118 89 80 77 92 238 188 119 180 223 61 60 94 187 91 60 280 77 73 172 103 141 286
leaf_count=78 1384 70 64 74 101 105 67 118 89 80 77 92 238 188 119 180 223 61 60 94 187 91 60 280 77 73 172 103 141 286
internal_value=-0.00127186 -0.0111486 -0.000972563 -0.000571429 -0.00351852 -0.00724852 -0.000325077 -0.000450522 0.00257202 0.00636095 -0.000702055 -0.00404762 -0.000442804 -0.000598177 -0.0031759 -0.000257954 4.65983e-05 -0.0015 -0.00344388 -0.00180723 0.000974026 0.000795297 -0.00309917 -0.000565327 -0.00193798 0.00152439 -0.00355114 -0.000833333 0.00246154 0.000995316
internal_weight=5032 148 4884 3500 270 169 3230 3163 243 169 2920 210 2710 2633 307 2326 2146 700 392 332 308 1446 121 796 516 164 352 180 650 427
internal_count=5032 148 4884 3500 270 169 3230 3163 243 169 2920 210 2710 2633 307 2326 2146 700 392 332 308 1446 121 796 516 164 352 180 650 427
is_linear=0
shrinkage=0.05


Tree=79
num_leaves=31
num_cat=0
split_feature=1 6 6 7 7 0 7 6 3 4 5 9 11 8 10 6 7 4 8 1 1 1 4 8 0 7 1 0 2 2
split_gain=6.02206 1.569 0.916343 1.40132 1.63584 2.15335 1.39121 1.22683 1.43946 1.65172 1.46269 1.05458 1.04025 1.05881 1.01129 0.989159 1.1806 0.867743 1.67364 1.10295 0.923845 1.32373 1.30108 0.963403 0.910531 0.844407 1.09172 1.05237 1.25378 1.74449
threshold=3.3903550000000008e-05 2.3993700000000004e-05 0.0062810300000000008 0.040162900000000008 0.016120100000000002 2.9214100000000003 0.012701550000000001 0.0079665500000000011 3.5000000000000004 0.024364900000000005 3.3211500000000007 506.00000000000006 21.500000000000004 16.258350000000004 7.5000000000000009 0.00071566450000000014 -0.0084486399999999986 30.521150000000002 16.491650000000003 0.00058869500000000008 0.0050473900000000014 0.0024799100000000005 0.14708500000000005 6.4583350000000008 -0.23639949999999996 0.61703500000000011 0.047517500000000011 6.7829950000000006 12.174550000000002 10.018700000000001
decision_type=2 2 2 2 2 2 2 2 2 2 2 2 2 2 2 2 2 2 2 2 2 2 2 2 2 2 2 2 2 2
left_child=1 -1 3 4 6 -6 11 8 9 -4 -11 -2 25 -14 17 -16 -17 20 19 -19 21 23 -23 -13 -25 26 27 28 29 -9
right_child=2 -3 7 -5 5 -7 -8 12 -10 10 -12 14 13 -15 15 16 -18 18 -20 -21 -22 22 -24 24 -26 -27 -28 -29 -30 -31
leaf_value=-2.5038833252221745e-05 6.094813371780295e-05 -3.087003815863842e-05 0.00065582634027966608 -0.00055473606558238686 0.0025737106962539155 -5.4734949388342283e-05 -0.00055075497567851843 9.607395139333598e-06 0.00043216435283568864 -0.00031831710171174594 0.00025583198223095747 -0.00012854858493079884 -0.00031178447699276094 1.6323465335839339e-05 -4.3456430527610631e-05 -4.8642969441056341e-05 9.8499153515783669e-05 2.4751530279599512e-05 0.0002648415946298416 -0.00027936743347691423 -0.00050108314528919987 0.00053888179564437759 -4.7683960756962977e-05 0.00035148428440995891 -5.0699927506615548e-05 -0.0012101061308631236 0.012045610256226707 -0.00014025009486961406 -0.00086898460954038946 0.0037533179959410774
leaf_weight=78 62 70 62 85 82 105 63 1328 84 67 67 60 101 69 86 103 92 78 63 71 64 76 68 62 1064 61 64 489 129 79
leaf_count=78 62 70 62 85 82 105 63 1328 84 67 67 60 101 69 86 103 92 78 63 71 64 76 68 62 1064 61 64 489 129 79
internal_value=-0.00121224 -0.0111486 -0.000911138 -0.00164186 -0.00139836 0.00307487 -0.00181412 -0.000269231 0.00285714 0.000510204 -0.00261194 -0.00157773 -0.000646552 -0.00441176 -0.00178855 0.000978648 0.00294872 -0.00227273 0.000707547 -0.00218121 -0.00272597 -0.00244361 0.00208333 -0.00299325 -0.0026643 -0.000348837 -0.000179512 -0.000382716 0.000260417 0.000692964
internal_weight=5032 148 4884 2284 2199 187 2012 2600 280 196 134 1949 2320 170 1887 281 195 1606 212 149 1394 1330 144 1186 1126 2150 2089 2025 1536 1407
internal_count=5032 148 4884 2284 2199 187 2012 2600 280 196 134 1949 2320 170 1887 281 195 1606 212 149 1394 1330 144 1186 1126 2150 2089 2025 1536 1407
is_linear=0
shrinkage=0.05


Tree=80
num_leaves=31
num_cat=0
split_feature=1 6 6 6 11 13 4 9 8 0 1 2 11 5 9 13 5 6 0 12 4 0 0 5 6 9 5 6 2 0
split_gain=6.08244 1.569 0.895577 1.36954 1.24306 1.45474 0.939421 0.868158 0.859685 0.951112 1.41483 1.56083 1.29568 1.21953 0.968553 1.02988 1.10058 0.961422 1.06842 0.965531 1.32704 1.85671 1.07874 1.72437 1.95155 1.39616 1.76442 1.22868 1.68082 0.98009
threshold=3.3903550000000008e-05 2.3993700000000004e-05 0.0065148350000000009 0.0072127150000000006 21.500000000000004 1.0000000180025095e-35 134.96300000000002 506.00000000000006 30.791650000000004 1.4557800000000001 0.0017043800000000003 5.8146050000000011 20.500000000000004 5.2051250000000007 2878.0000000000005 1.0000000180025095e-35 0.12255150000000002 0.00017186800000000002 1.7374750000000003 2.5000000000000004 9.3900050000000004 8.9295950000000008 2.9914650000000003 5.8038350000000003 0.0022938500000000005 1456.5000000000002 8.8983350000000012 0.0014136850000000002 10.297450000000001 2.7810250000000001
decision_type=2 2 2 2 2 2 2 2 2 2 2 2 2 2 2 2 2 2 2 2 2 2 2 2 2 2 2 2 2 2
left_child=1 -1 7 -4 6 -6 -5 -2 9 10 11 12 14 -12 15 16 -9 -11 -19 20 21 29 23 24 -21 26 -24 -27 -29 -20
right_child=2 -3 3 4 5 -7 -8 8 -10 17 13 -13 -14 -15 -16 -17 -18 18 19 22 -22 -23 25 -25 -26 27 -28 28 -30 -31
leaf_value=-2.3786891589610656e-05 5.6311967728885168e-05 -2.9326536250706499e-05 0.00034280339597970793 -2.2793772609425557e-05 -0.00013871668930633959 -0.00029048744777211179 0.0018311347290092207 -3.4335493518991223e-06 2.5326616496376319e-05 -5.1305172893012052e-05 0.0014928900262699907 9.6353117646519592e-05 8.4386038737192871e-05 -8.029312237913013e-05 -0.00013902177126021164 2.7095132574632486e-05 -0.00022696383436936456 -0.00019604409567912639 -0.0001840343011751661 0.00013861577944374175 -0.00029430517501077076 -0.00018568800395757454 -0.00021905309936164283 0.00048125982296686555 -0.00022441844472193885 -9.1143970924634018e-05 6.0995076178168911e-05 8.8090326601082691e-05 -0.00013777185748229453 6.3174447164161739e-05
leaf_weight=78 71 70 120 2197 118 60 65 73 207 70 63 165 63 60 60 130 135 100 62 87 85 61 134 69 88 100 63 113 114 151
leaf_count=78 71 70 120 2197 118 60 65 73 207 70 63 165 63 60 60 130 135 100 62 87 85 61 134 69 88 100 63 113 114 151
internal_value=-0.00116256 -0.0111486 -0.000859951 -0.000214844 -0.000471311 -0.00449438 -0.00015473 -0.00157057 -0.00174212 -0.00205279 -0.000634179 -0.00159744 -0.00309111 0.00426829 -0.00414573 -0.00310651 -0.00528846 -0.00287201 -0.00254686 -0.00210736 -0.00424791 -0.00255474 -0.00110677 0.00163934 -0.001 -0.0023855 -0.00571066 -0.000382263 0.00165198 -0.000352113
internal_weight=5032 148 4884 2560 2440 178 2262 2324 2253 2046 749 626 461 123 398 338 208 1297 1227 1127 359 274 768 244 175 524 197 327 227 213
internal_count=5032 148 4884 2560 2440 178 2262 2324 2253 2046 749 626 461 123 398 338 208 1297 1227 1127 359 274 768 244 175 524 197 327 227 213
is_linear=0
shrinkage=0.05


Tree=81
num_leaves=31
num_cat=0
split_feature=1 6 9 6 3 10 9 9 0 5 12 10 9 12 2 9 9 4 0 0 2 5 7 9 6 5 1 6 2 6
split_gain=5.80722 1.37998 0.843638 1.04197 0.794197 0.926472 1.54031 2.02762 1.02212 1.01762 1.36489 1.35048 1.34557 1.33416 1.07556 1.23541 1.00914 1.06554 0.67838 1.36999 1.03177 1.05891 0.924142 0.818496 1.05847 1.77245 1.36543 1.1895 1.15172 1.07342
threshold=3.3903550000000008e-05 2.3993700000000004e-05 3722.5000000000005 7.3274950000000016e-05 15.500000000000002 14.500000000000002 1419.0000000000002 2341.5000000000005 74.58580000000002 0.040182100000000005 5.5000000000000009 11.500000000000002 1523.5000000000002 2.5000000000000004 0.089246550000000022 2101.0000000000005 2446.5000000000005 0.028071800000000004 11.226100000000001 13.729400000000002 18.825600000000005 5.020690000000001 -0.14253949999999996 506.00000000000006 0.0031194950000000003 0.36782600000000004 0.020630250000000006 0.0037172200000000007 18.825600000000005 0.061063700000000005
decision_type=2 2 2 2 2 2 2 2 2 2 2 2 2 2 2 2 2 2 2 2 2 2 2 2 2 2 2 2 2 2
left_child=1 -1 3 -2 5 8 -7 -8 9 10 13 14 -12 16 15 -11 -5 -18 22 -20 21 -21 -16 -24 25 -25 27 -26 -27 -29
right_child=2 -3 -4 4 -6 6 7 -9 -10 11 12 -13 -14 -15 18 -17 17 -19 19 20 -22 -23 23 24 26 28 -28 29 -30 -31
leaf_value=-2.2597547010130121e-05 -4.5761547973668073e-05 -2.7860209438171173e-05 -5.4569286949315368e-05 -0.00013783484047937038 0.00028606975444070047 -0.00024998507341972357 0.00011627407892606385 -0.0003781372701471481 0.0024294042953628501 -0.0002217579985415245 5.2049157925613405e-05 0.00024418007174988114 -0.00021340439396147425 0.00094357306567455787 0.002841941239931354 -1.2689608785279344e-05 9.6441617380086013e-05 -1.2169477373837967e-05 -0.00037634258758835118 -0.00030211196395767636 -0.00025566552562186312 0.00030691531259626891 5.3496369342440933e-05 -0.00015028786064641452 0.00036513230893394765 -5.1890065179945567e-05 -0.0013827409024372531 -3.0928832822427198e-05 0.00015117492911177226 0.00067477544089040618
leaf_weight=78 94 70 153 60 108 114 87 75 65 85 113 119 68 107 92 66 63 66 92 60 78 110 103 67 104 803 95 1581 120 136
leaf_count=78 94 70 153 60 108 114 87 75 65 85 113 119 68 107 92 66 63 66 92 60 78 110 103 67 104 803 95 1581 120 136
internal_value=-0.00105326 -0.0108108 -0.000757576 -0.0006394 -0.00053375 -0.000634798 -0.00344203 -0.000308642 -0.000452622 -0.000549188 0.00162474 -0.000828618 -0.00179558 0.00371622 -0.00100223 -0.00513245 0.00119048 0.00368217 -0.000820982 -0.00294118 -0.00100806 0.00117647 -0.00058852 -0.000739448 -0.000894701 -0.00222222 -0.000208768 9.6101e-05 -0.00165222 -0.000218404
internal_weight=5032 148 4884 4731 4637 4529 276 162 4253 4188 477 3711 181 296 3592 151 189 129 3441 340 248 170 3101 3009 2906 990 1916 1821 923 1717
internal_count=5032 148 4884 4731 4637 4529 276 162 4253 4188 477 3711 181 296 3592 151 189 129 3441 340 248 170 3101 3009 2906 990 1916 1821 923 1717
is_linear=0
shrinkage=0.05


Tree=82
num_leaves=31
num_cat=0
split_feature=1 0 15 2 0 4 7 2 10 4 2 9 0 4 2 7 4 1 5 3 1 9 3 2 4 11 4 7 6 1
split_gain=4.7224 2.96843 1.37865 0.747579 1.2525 1.0535 0.896745 0.856156 1.41516 1.02955 0.902277 1.12889 0.880847 1.03846 0.833627 1.35536 1.73352 1.28116 1.49425 0.881362 1.62045 1.36965 1.22392 1.20691 2.03124 1.19184 1.02037 0.859705 0.8173 1.35067
threshold=8.054870000000001e-05 0.5535675000000001 1.0000000180025095e-35 24.644900000000003 7.2517200000000015 0.15960250000000001 -0.0029258849999999996 18.410650000000004 3.5000000000000004 1.0050150000000002 12.467250000000002 3034.5000000000005 9.3288000000000029 0.0074158300000000009 9.7846550000000025 0.005619980000000001 0.50574000000000019 0.0096923250000000016 5.6345900000000011 7.5000000000000009 0.00051012250000000007 1145.5000000000002 4.5000000000000009 0.93883250000000007 0.65801200000000015 15.500000000000002 85.118950000000012 0.0083441700000000014 0.065560350000000017 0.013845100000000001
decision_type=2 2 2 2 2 2 2 2 2 2 2 2 2 2 2 2 2 2 2 2 2 2 2 2 2 2 2 2 2 2
left_child=1 2 -1 7 6 -6 -5 10 -9 -10 14 12 13 -12 19 16 -16 18 -17 22 -21 27 26 24 -24 -25 28 -22 29 -2
right_child=3 -3 -4 4 5 -7 -8 8 9 -11 11 -13 -14 -15 15 17 -18 -19 -20 20 21 -23 23 25 -26 -27 -28 -29 -30 -31
leaf_value=-1.8911935575374133e-05 -2.4744482199700029e-05 -2.8698778044914007e-05 4.8138466582477358e-05 -0.00012788266866173775 -0.00017249743962109113 -0.00013403840420404727 0.00022397886754918356 0.0023367238072511255 -0.00015830022730241886 0.00073884956887921573 0.0001226216925843663 -0.00026416633304529211 0.00024151181354804368 -0.00017569885261438926 3.0459507553036882e-05 3.5361647137706963e-05 0.00062176965174433471 0.0015289443646444802 -0.00074121797544832082 5.6055791067284125e-05 -0.0001329180349618906 -0.00017495095031808919 0.00017174273411652669 0.0004307430606540666 -0.00015567778065146457 -5.9628979970551693e-05 -0.00051442988716350125 0.00074168867089127841 0.00026531507371823498 -0.0023132376177225824
leaf_weight=79 2079 78 71 62 61 135 83 74 67 60 60 73 99 200 147 63 73 61 65 60 61 304 124 160 158 65 76 66 203 65
leaf_count=79 2079 78 71 62 61 135 83 74 67 60 60 73 99 200 147 63 73 61 65 60 61 304 124 160 158 65 76 66 203 65
internal_value=-0.00108307 -0.00811404 -0.004 -0.000749376 -0.00300587 -0.00561224 0.000517241 -0.000576966 0.00261194 -0.000590551 -0.000727358 -0.00289352 -0.00174095 -0.00326923 -0.000483029 0.00165037 0.00431818 -0.00145503 -0.00429688 -0.000738088 -0.00269857 -0.0037703 -0.000409556 0.00182446 -0.00035461 0.00455556 -0.000877012 0.000590551 -0.000692373 -0.000979478
internal_weight=5032 228 150 4804 341 196 145 4463 201 127 4262 432 359 260 3830 409 220 189 128 3421 491 431 2930 507 282 225 2423 127 2347 2144
internal_count=5032 228 150 4804 341 196 145 4463 201 127 4262 432 359 260 3830 409 220 189 128 3421 491 431 2930 507 282 225 2423 127 2347 2144
is_linear=0
shrinkage=0.05


Tree=83
num_leaves=31
num_cat=0
split_feature=1 6 6 3 10 0 10 6 2 2 13 2 4 9 9 1 2 7 8 9 2 4 3 2 4 2 2 5 2 6
split_gain=4.88872 1.40097 0.918429 0.836885 1.0103 1.53859 1.39879 1.53847 1.26111 0.774748 1.88845 0.900927 0.938295 1.30032 1.63333 0.855543 0.814726 1.12651 1.02539 0.778641 1.46853 0.775689 0.751459 2.58798 1.15731 1.0593 0.872011 1.28576 1.13815 1.00833
threshold=3.3903550000000008e-05 2.3993700000000004e-05 7.3274950000000016e-05 18.500000000000004 13.500000000000002 50.706700000000005 31.500000000000004 0.012403250000000001 11.406550000000001 12.467250000000002 1.5000000000000002 13.892950000000001 1.4956500000000001 1576.0000000000002 2382.0000000000005 0.00010215500000000001 9.7846550000000025 0.005619980000000001 13.275000000000002 1477.5000000000002 24.644900000000003 0.50574000000000019 7.5000000000000009 0.23193950000000005 6.8747500000000015 1.9859850000000001 8.695470000000002 4.8363000000000005 7.6649800000000008 0.005805600000000001
decision_type=2 2 2 2 2 2 2 2 2 2 2 2 2 2 2 2 2 2 2 2 2 2 2 2 2 2 2 2 2 2
left_child=1 -1 -2 4 5 9 7 8 -6 15 11 -11 19 -14 -15 -4 22 21 -19 -13 -21 -18 26 -24 25 -25 28 -28 -17 -30
right_child=2 -3 3 -5 6 -7 -8 -9 -10 10 -12 12 13 14 -16 16 17 18 -20 20 -22 -23 23 24 -26 -27 27 -29 29 -31
leaf_value=-2.0277401819116414e-05 -4.0545982050208093e-05 -2.5032260064016912e-05 -4.3122341005744656e-05 0.00057818232061892377 4.1777696104004696e-05 0.0013030886887447045 4.3177729043673165e-05 -0.00076446828790947277 -8.0092995827759858e-05 -0.00014800803734610777 -0.00025095801639302747 -0.00040441529548155728 0.0015984000266046705 -0.00034132484042747734 0.0002353174219155511 -1.3820298238747392e-05 7.7728555708273843e-05 -0.00055415471448107723 0.00097965467901186816 0.00018373459503011477 -0.00011389882249559737 0.00078906982151283702 4.5872558271494135e-05 -0.00038626283363133037 -3.5235293339586343e-05 -7.3442763423520885e-05 -0.00030662445929902321 3.9615607365437816e-05 5.6320839773373949e-06 0.0045547032917650906
leaf_weight=78 103 70 80 71 69 82 66 121 86 122 73 125 105 60 60 2486 136 81 89 105 77 65 146 69 88 66 69 64 60 60
leaf_count=78 103 70 80 71 69 82 66 121 86 122 73 125 105 60 60 2486 136 81 89 105 77 65 146 69 88 66 69 64 60 60
internal_value=-0.00118243 -0.0101351 -0.000911138 -0.0008105 -0.00089172 -0.000686813 -0.00350877 -0.00507246 -0.00177419 -0.000816612 -0.00230399 -0.0014526 -0.00056391 0.00188889 -0.00166667 -0.000512784 -0.000395229 0.00181941 -0.00117647 -0.00236156 -0.000274725 0.00435323 -0.000659588 -0.00277778 -0.00616592 -0.00907407 -0.000374224 -0.00432331 -0.000172678 0.00458333
internal_weight=5032 148 4884 4781 4710 4368 342 276 155 4286 727 654 532 225 120 3559 3479 371 170 307 182 201 3108 369 223 135 2739 133 2606 120
internal_count=5032 148 4884 4781 4710 4368 342 276 155 4286 727 654 532 225 120 3559 3479 371 170 307 182 201 3108 369 223 135 2739 133 2606 120
is_linear=0
shrinkage=0.05


Tree=84
num_leaves=31
num_cat=0
split_feature=1 6 6 0 9 6 3 1 5 2 15 6 0 2 6 9 13 10 0 10 9 4 9 5 3 5 1 3 11 8
split_gain=4.65289 1.2227 0.963244 0.85502 0.683884 0.714286 0.52092 0.57575 0.623339 1.24397 1.09022 1.40572 1.40833 0.850717 0.868581 0.81 0.705502 0.678969 0.654102 0.595597 0.57758 1.78279 1.4904 1.32818 1.12404 1.53809 1.37273 1.00799 0.989154 1.3252
threshold=3.3903550000000008e-05 2.3993700000000004e-05 7.3274950000000016e-05 -0.30268249999999997 3722.5000000000005 0.0088678750000000025 18.500000000000004 0.00010215500000000001 0.040182100000000005 0.089246550000000022 1.0000000180025095e-35 0.022984250000000001 3.4859300000000002 0.14293100000000003 0.36922900000000008 2234.5000000000005 2.5000000000000004 1.5000000000000002 1.8748350000000003 28.500000000000004 991.50000000000011 14.968350000000003 917.50000000000011 7.3553000000000006 7.5000000000000009 7.4714000000000009 0.0037383800000000003 5.5000000000000009 18.500000000000004 25.600000000000005
decision_type=2 2 2 2 2 2 2 2 2 2 2 2 2 2 2 2 2 2 2 2 2 2 2 2 2 2 2 2 2 2
left_child=1 -1 -2 -4 6 -6 7 -5 10 15 11 17 -13 -11 16 -10 19 -9 -19 20 21 22 23 27 28 26 -26 -15 -22 -30
right_child=2 -3 3 4 5 -7 -8 8 9 13 -12 12 -14 14 -16 -17 -18 18 -20 -21 24 -23 -24 -25 25 -27 -28 -29 29 -31
leaf_value=-1.9263531728160592e-05 -3.8518682947697689e-05 -2.3780647060816067e-05 0.00049395360401774564 -5.0038183036537137e-05 -9.7375900009339538e-05 -1.8890940234222128e-05 0.00049955421024593192 0.0002347305821638365 -0.00019263791407804254 0.00020416531468631519 0.00052400734061701512 -0.00035716912726634981 1.754222636374224e-05 -7.198814273971076e-05 -0.0024664633072285086 -1.330454090891144e-05 -0.00010015783154023887 -8.8898945047939659e-05 3.6684048549922617e-05 4.2232246712029507e-05 -1.1359079211919729e-05 0.0012626300051762245 0.00024651815836462218 -0.00052028975911228351 -5.2277662993113766e-05 0.00045430801083019644 -0.0011231780108721748 0.0011614568462382513 -0.00014775774018016484 8.5929095638841339e-05
leaf_weight=78 103 70 65 73 84 60 68 76 90 93 85 60 60 238 65 60 63 98 103 69 2182 124 71 90 121 75 107 72 298 131
leaf_count=78 103 70 65 73 84 60 68 76 90 93 85 60 60 238 65 60 63 98 103 69 2182 124 71 90 121 75 107 72 298 131
internal_value=-0.0010632 -0.0097973 -0.000798526 -0.000695461 -0.000773961 -0.00416667 -0.000667104 -0.000732682 -0.000660122 -0.000867308 0.00103734 -6.29723e-05 -0.00458333 -0.000690971 -0.000809498 -0.00533333 -0.000707223 0.00189531 0.000373134 -0.000614869 -0.000705329 0.000714286 -0.000690021 -0.001875 -0.000995196 -0.00387789 -0.00592105 -0.000322581 -0.000660666 -0.00285548
internal_weight=5032 148 4884 4781 4716 144 4572 4504 4431 3949 482 397 120 3799 3706 150 3641 277 201 3578 3509 595 471 400 2914 303 228 310 2611 429
internal_count=5032 148 4884 4781 4716 144 4572 4504 4431 3949 482 397 120 3799 3706 150 3641 277 201 3578 3509 595 471 400 2914 303 228 310 2611 429
is_linear=0
shrinkage=0.05


Tree=85
num_leaves=31
num_cat=0
split_feature=1 6 6 0 5 10 10 9 5 3 0 10 5 5 5 5 7 3 1 3 7 10 0 4 4 5 0 1 7 0
split_gain=4.69534 1.2227 0.979805 0.62884 0.578924 1.26752 1.12183 1.98728 2.31146 1.43323 0.940145 0.975955 0.713584 0.787134 1.13643 1.04458 0.995772 0.917936 0.962835 0.854915 0.815822 1.05695 1.49562 1.50355 1.05667 1.14935 1.02699 0.867325 1.43833 1.30108
threshold=3.3903550000000008e-05 2.3993700000000004e-05 7.3274950000000016e-05 -0.30268249999999997 32.54610000000001 31.500000000000004 13.500000000000002 2341.5000000000005 0.9408780000000001 6.5000000000000009 50.706700000000005 11.500000000000002 17.827550000000006 10.233650000000003 8.8983350000000012 8.2669550000000012 -0.0055580699999999992 9.5000000000000018 0.00010215500000000001 12.500000000000002 -0.013332949999999998 5.5000000000000009 2.5799250000000002 2.7540500000000003 0.47269600000000006 4.0226700000000006 -0.11911949999999999 0.0081454950000000009 -0.043461899999999991 2.7446800000000002
decision_type=2 2 2 2 2 2 2 2 2 2 2 2 2 2 2 2 2 2 2 2 2 2 2 2 2 2 2 2 2 2
left_child=1 -1 -2 -4 5 6 10 8 -8 -10 11 12 13 14 15 17 -15 18 -5 -19 24 26 -23 -24 27 -26 -22 28 -20 -29
right_child=2 -3 3 4 -6 -7 7 -9 9 -11 -12 -13 -14 16 -16 -17 -18 19 20 -21 21 22 23 -25 25 -27 -28 29 -30 -31
leaf_value=-1.8300355141752562e-05 -3.6592748800312803e-05 -2.259161470777526e-05 0.00046925592381685848 -5.9389454616122691e-05 -0.00026116094092980773 0.00013706631216078637 0.00012535848948719286 -0.00040110760239335167 -0.00019267493729372895 8.7265571533762251e-05 0.0014113908956719934 0.00034500805654321678 0.00021623479695129442 -0.00041693158370411195 0.00053008489239731208 -0.00042450555412771712 -3.5420019756282618e-05 -0.00018425992081684756 -0.00058979688658507973 4.509109333259744e-06 0.00043310119612533507 -0.00029943820198947795 5.3362883934373473e-05 -0.0001620375676654495 0.00010035672765017698 0.0019778022806065591 -2.5547237897349319e-05 0.0048008386264691005 5.2351184733834093e-05 -3.0730745542204441e-05
leaf_weight=78 103 70 65 65 91 71 61 82 64 65 75 101 72 121 96 62 109 134 181 88 65 144 128 86 91 73 2128 62 277 124
leaf_count=78 103 70 65 65 91 71 61 82 64 65 75 101 72 121 96 62 109 134 181 88 65 144 128 86 91 73 2128 62 277 124
internal_value=-0.00102345 -0.0097973 -0.000757576 -0.000653629 -0.00072095 -0.000643243 -0.000746596 -0.00386029 -0.00105263 -0.00484496 -0.000548809 -0.00064773 -0.00076717 -0.000855231 -0.000683491 -0.000822546 -0.00369565 -0.00071311 -0.000511098 -0.00382883 -0.000394463 -0.000833007 -0.00335196 -0.000700935 0.000990099 0.00457317 -0.000421797 7.76398e-05 -0.0010917 0.00295699
internal_weight=5032 148 4884 4781 4716 4625 4554 272 190 129 4282 4207 4106 4034 3804 3708 230 3646 3424 222 3359 2551 358 214 808 164 2193 644 458 186
internal_count=5032 148 4884 4781 4716 4625 4554 272 190 129 4282 4207 4106 4034 3804 3708 230 3646 3424 222 3359 2551 358 214 808 164 2193 644 458 186
is_linear=0
shrinkage=0.05


Tree=86
num_leaves=31
num_cat=0
split_feature=1 6 6 10 10 3 10 5 0 4 4 3 7 2 5 11 10 9 5 5 5 4 3 2 8 9 2 12 7 11
split_gain=4.09877 1.24246 0.822765 0.699926 0.592668 0.682726 1.05658 0.627703 2.07054 1.50592 0.881934 0.684218 1.40833 0.82044 1.39683 1.31612 1.18677 0.841244 0.685813 1.80378 1.04879 1.82473 1.21935 0.865543 1.09117 1.32237 0.781342 1.07905 0.750735 1.69948
threshold=3.3903550000000008e-05 2.3993700000000004e-05 7.3274950000000016e-05 31.500000000000004 23.500000000000004 12.500000000000002 9.5000000000000018 0.010792800000000002 3.4859300000000002 0.028071800000000004 0.0030038350000000003 10.500000000000002 0.005619980000000001 0.089246550000000022 0.040182100000000005 12.500000000000002 2.5000000000000004 2101.0000000000005 10.233650000000003 9.3431550000000012 14.408250000000001 3.4466150000000004 2.5000000000000004 12.467250000000002 24.741650000000003 2736.0000000000005 31.714300000000005 1.5000000000000002 -0.0049754099999999987 7.5000000000000009
decision_type=2 2 2 2 2 2 2 2 2 2 2 2 2 2 2 2 2 2 2 2 2 2 2 2 2 2 2 2 2 2
left_child=1 -1 -2 4 5 7 -7 8 9 10 -4 13 -13 14 15 16 -9 -16 19 23 21 22 -20 28 25 -25 -22 -28 -15 -30
right_child=2 -3 3 -5 -6 6 -8 11 -10 -11 -12 12 -14 18 17 -17 -18 -19 20 -21 26 -23 -24 24 -26 -27 27 -29 29 -31
leaf_value=-1.7385337384664935e-05 -3.4763111360297163e-05 -2.1462033972386501e-05 -2.2045484951793054e-05 7.5156509295804325e-05 -0.00033297488386026177 -1.005772530463787e-05 0.00060831064557714831 -3.3501491980099817e-05 0.00030490797530393867 0.00025476546312487754 -0.00026882826023022846 -0.00023131466769618208 2.9276455797381174e-05 2.7899224942316057e-05 -0.00020274389224092691 -0.0001119172088648552 0.00024191317127033563 -5.5086362129691536e-05 -0.00024128227956190311 0.0017082854263339262 0.00092318015577109362 5.7029406966330534e-05 -0.00045715378927731009 -0.00012368911909706409 0.00014025649748955935 -0.00033673227564310802 -0.00022811903092080367 7.4140464133496845e-05 2.374011535893235e-05 -6.146440614395391e-05
leaf_weight=78 103 70 80 96 73 81 61 65 81 74 61 60 60 1010 81 77 61 67 79 67 68 65 61 236 80 65 73 94 677 1128
leaf_count=78 103 70 80 96 73 81 61 65 81 74 61 60 60 1010 81 77 61 67 79 67 68 65 61 236 80 65 73 94 677 1128
internal_value=-0.000924086 -0.00912162 -0.000675676 -0.000580423 -0.000667022 -0.000596271 0.0028169 -0.000704698 0.00152027 -0.00104651 -0.00407801 -0.000862482 -0.00458333 -0.000752343 -0.00306268 -0.000369458 0.00277778 -0.00675676 -0.000533351 -0.000283481 -0.00238636 -0.005 -0.00821429 -0.000453692 -0.00269029 -0.00406977 -0.000106383 -0.00194611 -0.000150977 -0.000761773
internal_weight=5032 148 4884 4781 4685 4612 142 4470 296 215 141 4174 120 4054 351 203 126 148 3703 3263 440 205 140 3196 381 301 235 167 2815 1805
internal_count=5032 148 4884 4781 4685 4612 142 4470 296 215 141 4174 120 4054 351 203 126 148 3703 3263 440 205 140 3196 381 301 235 167 2815 1805
is_linear=0
shrinkage=0.05


Tree=87
num_leaves=31
num_cat=0
split_feature=1 6 6 0 4 7 5 2 2 12 0 1 12 3 9 8 7 11 8 0 1 7 7 7 0 5 2 7 5 7
split_gain=4.10871 1.24246 0.82658 0.607482 0.575384 2.10406 1.63059 1.70154 1.38152 3.02597 1.8489 1.26863 1.16487 1.14574 1.06146 1.03822 1.08532 0.97064 1.51458 2.67559 1.18287 1.54468 1.53037 1.45231 1.29224 1.52148 1.43334 1.7375 1.45723 1.17505
threshold=3.3903550000000008e-05 2.3993700000000004e-05 7.3274950000000016e-05 -0.30268249999999997 0.0016836400000000001 0.00028281500000000006 2.9968350000000004 5.8146050000000011 0.72113600000000011 1.0000000180025095e-35 1.3087700000000002 0.029931300000000004 4.5000000000000009 5.5000000000000009 1766.5000000000002 10.591650000000001 -0.027678299999999996 7.5000000000000009 24.200000000000003 6.7055500000000015 0.014469800000000001 0.021666400000000006 -0.054334999999999994 0.03706845000000001 3.1157800000000004 5.1461750000000004 9.2291650000000018 0.0028794850000000006 0.81168600000000002 0.00077503250000000021
decision_type=2 2 2 2 2 2 2 2 2 2 2 2 2 2 2 2 2 2 2 2 2 2 2 2 2 2 2 2 2 2
left_child=1 -1 -2 -4 5 6 8 -8 9 -5 -10 17 15 -13 -11 -9 -17 18 20 -20 21 22 -6 -23 26 29 27 -24 -29 -26
right_child=2 -3 3 4 11 -7 7 12 10 14 -12 13 -14 -15 -16 16 -18 -19 19 -21 -22 23 24 -25 25 -27 -28 28 -30 -31
leaf_value=-1.6516070515431689e-05 -3.302495579228231e-05 -2.0388932273767172e-05 0.0004474682022250206 0.00020189087819045702 0.0014939574303463967 -0.00029541274644932108 -0.00037699564747711953 3.4396779522425902e-06 -0.0001193533846594058 -2.9914918105840751e-05 0.00025027141071771037 -0.00050686463881005476 0.00030969416828984973 0.0049401264003787323 -0.00012940818173111891 -0.0001971322367089184 -0.00012259025076515618 -4.2759005249165538e-05 0.00028966257653874176 -0.00010264415332030121 -0.0011083442919515355 0.0011754683286834859 -8.8585206258409366e-05 3.8684565511044443e-05 2.5311042838740258e-05 -0.00021406681940434928 0.00044857951546417639 0.00041580707820352371 -0.00011040846703091624 -0.00011368351421868016
leaf_weight=78 103 70 65 60 74 93 63 107 89 68 151 75 109 106 71 75 89 2231 89 98 86 72 249 175 82 67 73 74 87 103
leaf_count=78 103 70 65 60 74 93 63 107 89 68 151 75 109 106 71 75 89 2231 89 98 86 72 249 175 82 67 73 74 87 103
internal_value=-0.000914149 -0.00912162 -0.000665438 -0.000569964 -0.000636132 -0.00171795 -0.000963719 -0.00310384 0.0011959 -0.00188442 0.00375 -0.000354183 -0.00184211 0.00372928 -0.00593525 -0.00359779 -0.00609756 -0.000561798 0.000507901 0.00467914 -0.000175131 0.000284091 -0.000772559 0.00374494 -0.00146259 -0.00436508 5.17598e-05 -0.00109756 0.00295031 -0.00202703
internal_weight=5032 148 4884 4781 4716 975 882 443 439 199 240 3741 380 181 139 271 164 3560 1329 187 1142 1056 809 247 735 252 483 410 161 185
internal_count=5032 148 4884 4781 4716 975 882 443 439 199 240 3741 380 181 139 271 164 3560 1329 187 1142 1056 809 247 735 252 483 410 161 185
is_linear=0
shrinkage=0.05


Tree=88
num_leaves=31
num_cat=0
split_feature=6 1 15 7 6 7 0 1 0 4 9 10 9 1 8 5 5 10 6 8 9 8 11 1 4 2 2 2 8 8
split_gain=3.99811 1.4342 2.7315 0.657889 0.972793 0.937082 0.634959 0.674945 1.35907 1.65141 1.22149 1.14089 0.741383 0.722915 1.34041 0.677447 1.30633 0.859082 1.12327 0.85099 0.65809 0.518619 1.68462 1.47167 0.914871 0.909344 0.716169 1.5728 2.792 1.66848
threshold=8.4206600000000011e-06 0.00010215500000000001 1.0000000180025095e-35 0.61703500000000011 0.26226800000000006 0.35182300000000005 -0.23639949999999996 0.014469800000000001 1.9513150000000001 1.2741100000000001 1362.5000000000002 4.5000000000000009 2341.5000000000005 0.011955000000000002 18.658350000000002 0.0032325700000000001 0.010792800000000002 28.500000000000004 0.099132800000000007 15.775000000000002 451.50000000000006 31.200000000000003 11.500000000000002 0.0026562650000000001 0.24543300000000004 0.036678050000000011 13.040750000000001 18.825600000000005 18.133350000000004 12.308350000000003
decision_type=2 2 2 2 2 2 2 2 2 2 2 2 2 2 2 2 2 2 2 2 2 2 2 2 2 2 2 2 2 2
left_child=-1 2 -2 4 5 6 -3 13 -9 10 -10 -11 -12 15 -15 19 -17 18 20 -8 -18 25 24 -24 -23 -22 -27 -28 29 -29
right_child=1 3 -4 -5 -6 -7 7 8 9 11 12 -13 -14 14 -16 16 17 -19 -20 -21 21 22 23 -25 -26 26 27 28 -30 -31
leaf_value=-2.3108074909214787e-05 -2.5040816637969708e-05 0.00043330367151090212 3.4783752383784915e-05 -0.0013559166558637843 0.0026778425808444365 0.0033063792284536301 -0.00016690772098169258 -0.0017151231315187439 -0.00078373166968288279 -0.0014230163154333774 0.00011449383491391047 0.0027421567369345454 -0.00082024663331464883 0.0021186958550452662 -0.0013304262938552854 0.0002146207885981388 8.4104854934158142e-05 3.8678718927666922e-05 -0.00063070096499570237 -3.4470815798073179e-06 -0.00012467563038924458 -6.4409231687892914e-06 -9.5734075407466962e-05 0.000704584933941435 0.00020925152941423473 -1.7929474798949845e-05 -0.00018954974673031957 -6.8752074830541125e-07 -0.00012053647114838022 0.00062285748180114064
leaf_weight=89 109 86 93 76 97 68 90 72 69 60 60 79 61 103 60 113 67 69 63 87 122 65 71 66 109 2395 235 139 89 70
leaf_count=89 109 86 93 76 97 68 90 72 69 60 60 79 61 103 60 113 67 69 63 87 122 65 71 66 109 2395 235 139 89 70
internal_value=-0.00101351 -0.000824398 -0.0049505 -0.000648597 -0.000573419 -0.000678634 -0.000766667 -0.00084957 -0.00280549 -0.00144377 -0.00447368 0.00269784 -0.00144628 -0.000654124 0.00260736 -0.000792208 -0.00064661 -0.000814607 -0.000923804 -0.00381356 -0.000802217 -0.00090003 0.00104502 -0.00310219 0.00431034 -0.00109836 -0.000922131 -0.00257974 -0.000167785 0.00299043
internal_weight=5032 4943 202 4741 4665 4568 4500 4414 401 329 190 139 121 4013 163 3850 3673 3560 3491 177 3428 3361 311 137 174 3050 2928 533 298 209
internal_count=5032 4943 202 4741 4665 4568 4500 4414 401 329 190 139 121 4013 163 3850 3673 3560 3491 177 3428 3361 311 137 174 3050 2928 533 298 209
is_linear=0
shrinkage=0.05


Tree=89
num_leaves=31
num_cat=0
split_feature=6 1 15 7 1 3 10 12 7 1 6 10 5 2 5 4 10 5 10 5 4 8 3 2 8 0 11 11 2 5
split_gain=3.99055 1.42718 2.7315 0.654885 0.879936 0.610067 1.41855 2.3172 1.41072 1.80561 1.12356 1.45839 1.05317 0.88429 1.1386 1.06865 0.916628 0.966203 0.848288 1.28726 1.39424 0.859601 0.8427 1.11101 1.94161 0.995242 0.94479 1.16167 1.17468 1.01677
threshold=8.4206600000000011e-06 0.00010215500000000001 1.0000000180025095e-35 0.61703500000000011 0.042007900000000008 7.5000000000000009 7.5000000000000009 1.0000000180025095e-35 0.032585800000000005 0.0016077350000000001 0.019607900000000004 15.500000000000002 10.233650000000003 0.0025190850000000003 0.010792800000000002 0.0030038350000000003 17.500000000000004 9.0387150000000016 11.500000000000002 14.408250000000001 0.65801200000000015 17.591650000000005 6.5000000000000009 13.418100000000001 20.633350000000004 3.9605100000000006 16.500000000000004 15.500000000000002 3.7437500000000004 5.9961900000000012
decision_type=2 2 2 2 2 2 2 2 2 2 2 2 2 2 2 2 2 2 2 2 2 2 2 2 2 2 2 2 2 2
left_child=-1 2 -2 4 5 12 8 -8 9 -7 11 -9 13 15 -15 -3 17 22 19 20 -14 -21 23 26 -25 -24 27 -16 -29 -28
right_child=1 3 -4 -5 -6 6 7 10 -10 -11 -12 -13 18 14 16 -17 -18 -19 -20 21 -22 -23 25 24 -26 -27 29 28 -30 -31
leaf_value=-2.1952671163754045e-05 -2.3788775806071223e-05 1.6199864905746122e-05 3.3044564764595683e-05 -0.0012881208230705961 0.0087779334339834012 -3.9724581246759763e-05 -0.00020037363134168003 0.00063118497367385662 3.7646810975439701e-05 -0.00039671458541807366 -0.00036252610067151058 3.5848002027071869e-05 -0.00042055765815198002 0.00019501079113782237 -6.1188770103498113e-06 -0.0002292913109969964 3.9454280737478022e-05 0.00069129730119509296 -0.00016214225708988499 0.00013061976248297135 -1.035215232217078e-05 -9.0947371637093612e-05 -3.0335801062586747e-05 -0.00037910455449921749 0.00016295635090085619 0.00087069906945571847 -5.0394924559420823e-05 0.00048131623302308073 -1.6744125974356947e-05 -0.00036987000071719281
leaf_weight=89 109 64 93 76 83 113 105 78 83 101 70 71 94 132 2001 79 67 87 65 117 78 61 66 142 60 62 579 67 68 72
leaf_count=89 109 64 93 76 83 113 105 78 83 101 70 71 94 132 2001 79 67 87 65 117 78 61 66 142 60 62 579 67 68 72
internal_value=-0.00102345 -0.000834513 -0.0049505 -0.000659144 -0.000584137 -0.00067656 -0.00213366 0.000154321 -0.00462963 -0.0067757 0.00308219 0.00553691 -0.000448119 -0.000169205 -7.34646e-06 -0.00402098 -0.000191073 -0.00031211 -0.00283133 -0.00185714 -0.00494186 0.0011236 -0.00045717 -0.0006273 -0.00420792 0.00351563 -0.000367779 0.000140449 0.00462963 -0.00203533
internal_weight=5032 4943 202 4741 4665 4582 621 324 297 214 219 149 3961 3546 3403 143 3271 3204 415 350 172 178 3117 2989 202 128 2787 2136 135 651
internal_count=5032 4943 202 4741 4665 4582 621 324 297 214 219 149 3961 3546 3403 143 3271 3204 415 350 172 178 3117 2989 202 128 2787 2136 135 651
is_linear=0
shrinkage=0.05


Tree=90
num_leaves=31
num_cat=0
split_feature=6 1 15 6 5 5 5 4 12 2 4 0 8 0 5 2 8 0 7 6 0 2 13 1 5 1 1 6 3 0
split_gain=4.04363 1.47671 2.28482 0.595445 0.763285 1.06393 0.787564 1.73214 1.15295 1.12937 1.00833 0.626003 1.19014 0.862997 0.520803 2.22544 2.18734 2.01858 1.40992 1.84707 2.26901 1.55641 1.17552 1.32268 1.93844 1.81945 2.10716 1.47263 1.79219 1.26884
threshold=8.4206600000000011e-06 0.00010215500000000001 1.0000000180025095e-35 0.00017186800000000002 32.54610000000001 19.187150000000006 10.233650000000003 3.4466150000000004 2.5000000000000004 18.410650000000004 0.15960250000000001 -0.11911949999999999 8.5416650000000018 1.0000000180025095e-35 2.9968350000000004 4.0917850000000007 9.9083350000000028 14.442950000000002 -0.062753199999999981 0.0094441750000000008 2.4738650000000004 0.0018792800000000003 1.0000000180025095e-35 0.0024799100000000005 8.0000000000000018 0.00065444850000000014 0.0010193650000000002 0.0096883250000000028 1.5000000000000002 3.0268650000000004
decision_type=2 2 2 2 2 2 2 2 2 2 2 2 2 2 2 2 2 2 2 2 2 2 2 2 2 2 2 2 2 2
left_child=-1 2 -2 -3 5 6 9 8 -8 11 -10 12 -5 -13 17 16 -16 18 -15 20 -20 -21 23 25 27 -17 -27 -25 -29 -28
right_child=1 3 -4 4 -6 -7 7 -9 10 -11 -12 13 -14 14 15 22 -18 -19 19 21 -22 -23 -24 24 -26 26 29 28 -30 -31
leaf_value=-2.0855037605566345e-05 -2.2599337015767661e-05 -4.4939872073658456e-05 3.1392336526365897e-05 0.001007903489085612 -0.0002793315048575534 0.0003829692345707389 -0.00045833916094179487 0.00026999707570608009 2.9370545464701624e-05 0.0015272737594123286 -0.00030537137408550392 -0.00038795577123144399 -0.00012798310422837742 0.0017017029252744842 1.6167111214132721e-05 6.6288905028228601e-05 -0.00048339438555740366 -0.00062880840515189187 -1.4858485062500209e-05 -0.00028127974829315194 5.9219687899037107e-05 -3.9763833491301279e-05 -0.00013427899590538682 0.0013787485764860594 -0.00087988331853255963 -0.00027092431458093148 0.00022844730684668413 -0.00069348855746532859 0.00082105378509662874 -0.0001274875605862945
leaf_weight=89 109 104 93 71 88 103 102 108 60 64 60 78 71 150 74 88 99 81 574 63 416 961 561 155 72 60 64 109 223 82
leaf_count=89 109 104 93 71 88 103 102 108 60 64 60 78 71 150 74 88 99 81 574 63 416 961 561 155 72 60 64 109 223 82
internal_value=-0.000953895 -0.000763706 -0.0049505 -0.00058532 -0.000501402 -0.000412179 -0.000528565 -0.00287879 -0.00540541 -0.000340136 -0.00208333 -0.000444225 0.0028169 -0.00056266 -0.000456681 -0.00114997 -0.00650289 3.34076e-05 0.000323475 -2.48262e-05 0.00151515 -0.00151367 -0.00049505 0.000674091 0.00210197 -0.00204082 -0.00461165 0.00323409 0.00135542 -0.00136986
internal_weight=5032 4943 202 4741 4637 4549 4446 330 222 4116 120 4052 142 3910 3832 1587 173 2245 2164 2014 990 1024 1414 853 559 294 206 487 332 146
internal_count=5032 4943 202 4741 4637 4549 4446 330 222 4116 120 4052 142 3910 3832 1587 173 2245 2164 2014 990 1024 1414 853 559 294 206 487 332 146
is_linear=0
shrinkage=0.05


Tree=91
num_leaves=31
num_cat=0
split_feature=6 1 15 9 11 8 3 8 8 6 8 2 0 5 2 6 10 0 9 5 0 6 0 7 2 2 3 10 6 1
split_gain=3.99055 1.42718 2.28482 0.809384 1.20606 1.35614 1.39926 0.959894 1.70843 1.76837 1.60207 1.18648 2.55687 1.08285 2.64585 2.66692 1.94554 1.95688 1.92936 1.59156 1.62136 1.35087 1.26358 1.31494 1.20274 1.38361 1.16512 2.34852 1.14257 1.66811
threshold=8.4206600000000011e-06 0.00010215500000000001 1.0000000180025095e-35 632.50000000000011 12.500000000000002 6.8750000000000009 4.5000000000000009 6.9250000000000007 8.1916650000000022 0.00017186800000000002 6.5916650000000008 4.9491850000000008 0.89211450000000003 2.7836250000000002 4.0917850000000007 0.0053532250000000005 17.500000000000004 11.226100000000001 1876.5000000000002 2.2111750000000003 1.7374750000000003 0.0091986100000000012 0.5535675000000001 -0.000229247 5.2047100000000013 7.4590250000000013 11.500000000000002 14.500000000000002 0.079577700000000015 0.0019312750000000003
decision_type=2 2 2 2 2 2 2 2 2 2 2 2 2 2 2 2 2 2 2 2 2 2 2 2 2 2 2 2 2 2
left_child=-1 2 -2 4 -3 -6 -7 10 11 -10 -5 12 -9 16 15 -15 17 18 19 20 22 -22 23 -11 -16 -26 27 -27 29 -23
right_child=1 3 -4 7 5 6 -8 8 9 13 -12 -13 -14 14 24 -17 -18 -19 -20 -21 21 28 -24 -25 25 26 -28 -29 -30 -31
leaf_value=-1.9812285725288027e-05 -2.146937016497928e-05 -0.00037133645995361908 2.9822719700047615e-05 -2.0597131074182561e-05 0.00030633185246486364 -0.00022205898929649888 0.00035767733223592474 0.00067736098024955471 -8.9660479483731194e-05 0.00023863541489646582 -0.00024518089602998952 0.00042150140304925832 -5.559743410099927e-05 -0.00035161739183579637 0.0008070774564803596 -0.00036797666204683375 0.00015319013156144987 -0.00023239197649698362 3.3209794788394142e-05 0.00023894111055362181 7.2097437647016023e-05 4.5772435370086426e-05 -0.00019982865878334375 -0.00035525821021841516 -0.00025776167173754711 -8.1599585494073281e-06 0.00053401707215667844 -0.00051897156970122631 0.0014790666915984617 -0.00038307388489466329
leaf_weight=89 109 81 93 228 77 121 62 96 77 60 109 216 125 60 61 95 82 85 875 68 146 66 166 66 228 1143 75 86 61 126
leaf_count=89 109 81 93 228 77 121 62 96 77 60 109 216 125 60 61 95 82 85 875 68 146 66 166 66 228 1143 75 86 61 126
internal_value=-0.00102345 -0.000834513 -0.0049505 -0.000659144 -0.00300587 -0.00134615 -0.00368852 -0.000477273 -0.000264583 -0.000620518 -0.00304154 0.00268879 0.000113122 -0.000457875 -0.00134439 -0.00758065 0.000402554 4.363e-05 0.000428397 -0.00141634 -0.00213459 -6.26566e-05 -0.00496575 -0.00119048 -0.000737602 -0.00101175 -0.000383436 -0.000752644 -0.00227273 -0.00416667
internal_weight=5032 4943 202 4741 341 260 183 4400 4063 3626 337 437 221 3549 1748 155 1801 1719 1634 759 691 399 292 126 1593 1532 1304 1229 253 192
internal_count=5032 4943 202 4741 341 260 183 4400 4063 3626 337 437 221 3549 1748 155 1801 1719 1634 759 691 399 292 126 1593 1532 1304 1229 253 192
is_linear=0
shrinkage=0.05


Tree=92
num_leaves=31
num_cat=0
split_feature=6 1 15 0 7 5 3 0 10 3 4 1 8 4 4 9 9 0 0 8 3 5 12 9 9 10 6 11 5 2
split_gain=3.59619 1.27391 2.09257 0.533336 1.51799 1.20838 1.13743 1.42046 1.21334 1.17446 1.68269 0.870322 0.736159 1.41383 1.41729 0.872655 1.28249 0.719966 0.953931 0.674082 0.665425 0.778396 1.20754 0.624235 1.01576 0.85194 1.38144 1.19069 1.85997 2.06475
threshold=8.4206600000000011e-06 0.00010215500000000001 1.0000000180025095e-35 8.3881900000000016 -0.14253949999999996 19.187150000000006 1.5000000000000002 9.3288000000000029 4.5000000000000009 3.5000000000000004 12.461350000000001 0.0078238700000000019 33.025000000000006 0.051181250000000005 2.0444900000000001 3722.5000000000005 3568.0000000000005 5.9903050000000011 7.7231650000000007 25.833350000000006 11.500000000000002 3.8976200000000003 2.5000000000000004 451.50000000000006 587.50000000000011 3.5000000000000004 0.092566800000000019 12.500000000000002 0.14805500000000002 0.90694050000000004
decision_type=2 2 2 2 2 2 2 2 2 2 2 2 2 2 2 2 2 2 2 2 2 2 2 2 2 2 2 2 2 2
left_child=-1 2 -2 4 -3 12 8 -8 11 19 20 -5 15 -14 -15 16 17 23 -19 -9 21 -11 -23 -6 -25 26 -26 28 -27 -30
right_child=1 3 -4 6 5 -7 7 9 -10 10 -12 -13 13 14 -16 -17 -18 18 -20 -21 -22 22 -24 24 25 27 -28 -29 29 -31
leaf_value=-1.8821671439023628e-05 -2.0395901656730314e-05 0.0023632160583849093 2.8331583715045239e-05 1.2095466480414899e-05 6.1927979019772713e-05 0.00014375878947862905 -0.00018080673969949232 3.3441546164951617e-05 -0.00019696096018997878 -0.0005720837416979636 0.00035166880634593807 -0.00068220051552646201 -9.0905184396287367e-05 0.00023310988889894228 -3.6212428578214115e-05 -7.9975365588373328e-05 0.00016011586274321311 -0.00012546375111039261 4.5613506799935607e-05 0.00067542548580845358 3.6374098633295604e-05 -0.00035604585033613276 0.0010907803971980301 -0.00021336431767634894 -3.3236949796169523e-06 0.00014444063986352685 0.00196743095811778 -0.00014219111030567937 -0.00030084425340928545 -1.0592773535589989e-05
leaf_weight=89 109 103 93 101 67 95 68 69 84 80 79 63 89 90 66 100 64 219 71 60 68 77 64 117 1796 134 67 411 84 355
leaf_count=89 109 103 93 101 67 95 68 69 84 80 79 63 89 90 66 100 64 219 71 60 68 77 64 117 1796 134 67 411 84 355
internal_value=-0.000993641 -0.000814283 -0.00470297 -0.000648597 -0.000407332 -0.000568627 -0.00181427 -0.000575221 -0.0046371 0.000352113 -0.00108696 -0.00213415 -0.000710456 0.00193878 0.00480769 -0.0008967 -0.000760709 -0.000895815 -0.00327586 0.00445736 -0.00285467 -0.00418552 -0.00195035 -0.000668096 -0.000775978 -0.000588339 4.02576e-05 -0.00177846 -0.00030541 -0.00187927
internal_weight=5032 4943 202 4741 3928 3825 813 565 248 497 368 164 3730 245 156 3485 3385 3321 290 129 289 221 141 3031 2964 2847 1863 984 573 439
internal_count=5032 4943 202 4741 3928 3825 813 565 248 497 368 164 3730 245 156 3485 3385 3321 290 129 289 221 141 3031 2964 2847 1863 984 573 439
is_linear=0
shrinkage=0.05


Tree=93
num_leaves=31
num_cat=0
split_feature=1 15 4 6 5 8 4 15 4 2 9 3 7 8 5 10 5 6 0 0 2 5 7 9 10 2 5 3 2 2
split_gain=3.00682 1.97985 1.21885 0.923979 1.10177 0.687446 1.36221 1.92369 1.32083 1.27631 0.978611 1.79231 1.75156 1.13958 0.893792 1.49565 1.02082 1.61092 1.79496 1.77627 1.36437 1.28884 0.925219 0.815654 1.30379 0.861597 1.42635 1.99098 1.35613 1.85636
threshold=0.00010215500000000001 1.0000000180025095e-35 0.11576900000000001 0.00017186800000000002 3.6965350000000003 7.0250000000000012 5.6742800000000004 1.0000000180025095e-35 0.52240050000000016 4.9491850000000008 632.50000000000011 4.5000000000000009 0.004629465000000001 7.2083350000000008 32.54610000000001 30.500000000000004 0.034263250000000009 0.0027928250000000005 3.4859300000000002 6.2737050000000005 0.089246550000000022 0.0040564750000000012 0.0016049700000000001 826.50000000000011 2.5000000000000004 18.410650000000004 3.0609000000000006 3.5000000000000004 4.0917850000000007 2.4664950000000005
decision_type=2 2 2 2 2 2 2 2 2 2 2 2 2 2 2 2 2 2 2 2 2 2 2 2 2 2 2 2 2 2
left_child=1 2 -1 4 -2 6 7 8 -5 -8 11 12 -7 -12 15 16 17 -15 21 -20 22 -19 -18 24 -22 26 27 -25 29 -28
right_child=3 -3 -4 5 -6 10 9 -9 -10 -11 13 -13 -14 14 -16 -17 20 18 19 -21 23 -23 -24 25 -26 -27 28 -29 -30 -31
leaf_value=-5.6902171627500091e-06 -0.0001193333297451267 -1.2883714366655482e-05 -1.9376106573893799e-05 -0.00020909090802469178 5.177824669886183e-06 -3.3999591670906514e-05 -8.7210528928214311e-05 9.2839638639262428e-05 3.9246789214142657e-05 -0.00047482669792078515 0.00034409183479044915 0.00031758338044673485 -0.0006607382402553419 0.00018484398211815459 -0.00028390437249570385 0.00018000059529321686 -0.00016105787294432245 -0.00026585595373525408 0.00037777713549491356 -7.3835311667944884e-06 0.0028916468772372454 2.3011371527070434e-05 -5.6669034792327523e-06 4.385793522318476e-05 -3.1792358507436862e-05 5.5135729603756663e-05 -4.3173635125410545e-05 -3.6999502301170163e-05 -7.9024002152262859e-05 -0.00052590174940547155
leaf_weight=85 67 108 75 145 60 80 62 123 85 67 69 74 66 93 82 65 98 78 66 61 64 113 63 863 83 324 75 497 1167 74
leaf_count=85 67 108 75 145 60 80 62 123 85 67 69 74 66 93 82 65 98 78 66 61 64 113 63 863 83 324 75 497 1167 74
internal_value=-0.00100358 -0.00615672 -0.0096875 -0.000713686 -0.00492126 -0.000598447 -0.00238589 -0.000779037 -0.00347826 -0.00678295 -0.000391095 -0.00363636 -0.00684932 -0.000209657 -0.000323332 -0.000211416 -0.000342834 0.0020073 0.000314465 0.00492126 -0.000634825 -0.00274869 -0.00512422 -0.000405148 0.00323129 -0.000583333 -0.000878176 0.000257353 -0.00205167 -0.00654362
internal_weight=5032 268 160 4764 127 4637 482 353 230 129 4155 220 146 3935 3866 3784 3719 411 318 127 3308 191 161 3147 147 3000 2676 1360 1316 149
internal_count=5032 268 160 4764 127 4637 482 353 230 129 4155 220 146 3935 3866 3784 3719 411 318 127 3308 191 161 3147 147 3000 2676 1360 1316 149
is_linear=0
shrinkage=0.05


Tree=94
num_leaves=31
num_cat=0
split_feature=6 1 0 9 2 1 9 1 5 0 3 10 10 11 8 8 12 1 6 7 10 4 1 11 9 6 9 8 1 13
split_gain=2.86835 0.886995 0.858197 1.00939 0.778986 0.775778 0.92871 1.40211 2.11375 1.6883 1.253 1.1151 1.02971 1.24953 1.37134 1.30359 1.69424 1.36689 1.40475 1.2476 0.959643 0.880208 0.988562 0.834515 1.15901 1.05261 1.0151 1.54049 1.5879 1.34112
threshold=2.3993700000000004e-05 0.00017994750000000002 0.45935700000000007 1551.5000000000002 3.0331750000000004 0.00025803050000000003 1445.0000000000002 0.0010193650000000002 0.12966850000000005 0.98387550000000012 2.5000000000000004 30.500000000000004 14.500000000000002 1.0000000180025095e-35 19.225000000000005 10.725000000000001 5.5000000000000009 0.0075885600000000011 0.010827800000000002 0.040162900000000008 3.5000000000000004 7.2341200000000008 0.0061910900000000007 3.5000000000000004 2668.5000000000005 0.0033602300000000005 2885.5000000000005 10.491650000000002 0.0072720100000000015 1.5000000000000002
decision_type=2 2 2 2 2 2 2 2 2 2 2 2 2 2 2 2 2 2 2 2 2 2 2 2 2 2 2 2 2 2
left_child=4 2 3 -2 -1 -3 7 8 -7 21 -10 23 13 -11 15 16 19 18 -17 20 -15 22 -9 24 -8 -26 -25 29 -29 -28
right_child=1 5 -4 -5 -6 6 11 9 10 12 -12 -13 -14 14 -16 17 -18 -19 -20 -21 -22 -23 -24 26 25 -27 27 28 -30 -31
leaf_value=-2.5502035242193079e-05 -8.7891297706623367e-05 2.8704321754918893e-05 -2.3848016630372151e-05 2.755919024762573e-05 -3.9266733467394815e-06 0.00013372380924185878 0.00020111295192265806 0.0012149712038453993 -6.9377010508487618e-05 -0.00029753370561786774 -0.00025661999850734829 0.0001824337588403383 -0.00037791699829944837 -6.5949445187301128e-06 -0.00041948113487318139 0.00013072934867101386 -0.00057892506166736749 0.0024599527060055536 -0.00015974239022636906 -0.00047866037708086707 0.00065442406609658797 0.0037101141570264808 -0.00090383749012120621 -7.1866450000601052e-05 1.9602020501259706e-05 -0.00010531215205040238 1.0793815246833843e-05 0.00012223559829967876 -0.00029824731133654971 -0.00022324285830838364
leaf_weight=69 67 118 132 89 60 90 321 102 192 67 80 62 103 123 101 109 112 140 90 78 65 64 90 1541 72 138 109 386 173 89
leaf_count=69 67 118 132 89 60 90 321 102 192 67 80 62 103 123 101 109 112 140 90 78 65 64 90 1541 72 138 109 386 173 89
internal_value=-0.000973768 -0.000780135 -0.00347222 -0.000961538 -0.00833333 -0.000612134 -0.000717145 -0.0016812 -0.00441989 -0.000884244 -0.00661765 -0.000181598 -0.00182186 -0.00127119 -0.000733496 3.48675e-05 -0.00198413 0.00228614 -0.000376884 0.00018797 0.00239362 0.00273438 0.00104167 -0.000326971 0.00145951 -0.00142857 -0.000739774 0.000759577 0.00210197 -0.0030303
internal_weight=5032 4903 288 156 129 4615 4497 1606 362 1244 272 2891 988 885 818 717 378 339 199 266 188 256 192 2829 531 210 2298 757 559 198
internal_count=5032 4903 288 156 129 4615 4497 1606 362 1244 272 2891 988 885 818 717 378 339 199 266 188 256 192 2829 531 210 2298 757 559 198
is_linear=0
shrinkage=0.05


Tree=95
num_leaves=31
num_cat=0
split_feature=1 15 4 6 5 3 5 3 12 12 10 5 8 3 11 9 3 9 1 2 0 8 6 7 9 7 9 6 2 6
split_gain=2.72886 1.70747 1.56885 0.805812 0.932542 0.61989 1.65277 1.14227 1.53167 0.910265 0.762288 1.56152 2.32638 1.13824 1.12492 0.783664 0.605905 1.07053 1.8708 0.877759 0.690206 1.70699 2.21251 1.11664 1.10674 1.01176 0.921096 0.861699 1.66975 1.16621
threshold=0.00010215500000000001 1.0000000180025095e-35 0.11576900000000001 0.00017186800000000002 3.6965350000000003 11.500000000000002 4.9304500000000013 9.5000000000000018 3.5000000000000004 3.5000000000000004 8.5000000000000018 2.7836250000000002 11.275000000000002 2.5000000000000004 12.500000000000002 1944.0000000000002 6.5000000000000009 1876.5000000000002 0.0060891600000000006 0.8631255000000001 5.9903050000000011 24.533350000000002 0.0079665500000000011 -0.0015160199999999999 2359.5000000000005 -0.13383849999999997 2359.5000000000005 0.024391250000000003 9.3446000000000016 0.006401775000000001
decision_type=2 2 2 2 2 2 2 2 2 2 2 2 2 2 2 2 2 2 2 2 2 2 2 2 2 2 2 2 2 2
left_child=1 2 -1 4 -2 7 9 10 -9 -7 16 12 -12 -13 -15 -14 20 18 -18 -19 25 26 23 -23 -24 -5 27 28 -22 -30
right_child=3 -3 -4 5 -6 6 -8 8 -10 -11 11 13 15 14 -16 -17 17 19 -20 -21 21 22 24 -25 -26 -27 -28 -29 29 -31
leaf_value=-4.1306045425028501e-06 -0.00011848439579296408 -1.1487087322089335e-05 -1.7214900413680504e-05 0.0024976590128703538 6.2255441738754051e-06 -0.0001532891316495675 0.00067155199998142183 -0.00035902114838447593 1.9575381083762265e-05 9.3987004773024064e-05 -0.00010599656508580407 -0.00025692266157292869 5.8228990993584069e-07 3.1524535248196424e-05 -0.0004431745602580831 0.00032874446257443444 -0.00014682006427098554 0.00021328182404947011 0.0040443569962738323 7.6214876792865975e-06 -0.00012571499128061049 0.00053748034941430859 -0.00062197092927214026 3.5926153324233533e-05 5.5662743337071526e-05 -6.9244146583775062e-06 -0.00025626939087948969 -0.0013302126590258015 -7.7405857422628918e-05 0.0024618148261018164
leaf_weight=85 67 108 75 66 60 97 102 81 64 79 71 99 61 115 120 66 77 62 66 61 61 73 74 62 89 2668 116 63 82 62
leaf_count=85 67 108 75 66 60 97 102 81 64 79 71 99 61 115 120 66 77 62 66 61 61 73 74 62 89 2668 116 63 82 62
internal_value=-0.000874404 -0.00578358 -0.0090625 -0.000598237 -0.00452756 -0.000490619 0.00179856 -0.000636614 -0.005 -0.00113636 -0.000486474 -0.00225564 0.00126263 -0.00434132 -0.00244681 0.00531496 -0.000230853 0.00206767 -0.000874126 0.0054878 -0.000409836 -0.00183284 0.00100671 0.00574074 -0.00291411 -5.48647e-05 -0.00403646 -0.00242537 -0.000853659 0.00208333
internal_weight=5032 268 160 4764 127 4637 278 4359 145 176 4214 532 198 334 235 127 3682 266 143 123 3416 682 298 135 163 2734 384 268 205 144
internal_count=5032 268 160 4764 127 4637 278 4359 145 176 4214 532 198 334 235 127 3682 266 143 123 3416 682 298 135 163 2734 384 268 205 144
is_linear=0
shrinkage=0.05


Tree=96
num_leaves=31
num_cat=0
split_feature=1 15 4 6 5 5 10 10 10 10 5 10 9 1 0 3 0 4 8 7 0 0 0 8 2 7 7 12 2 4
split_gain=2.49361 1.57883 1.3651 0.788685 0.932542 0.752616 1.16557 0.549894 0.583681 1.27295 0.717426 0.709193 0.773818 0.565684 0.761398 1.20361 1.055 0.918603 1.91192 1.4425 1.22847 1.28675 2.31498 1.0855 0.932805 0.816389 0.757876 0.729477 1.35168 2.20042
threshold=0.00010215500000000001 1.0000000180025095e-35 0.11576900000000001 0.00017186800000000002 3.6965350000000003 32.54610000000001 31.500000000000004 21.500000000000004 17.500000000000004 14.500000000000002 17.124650000000006 11.500000000000002 1695.5000000000002 0.042007900000000008 5.9903050000000011 8.5000000000000018 5.4923700000000011 0.0026152500000000004 24.200000000000003 -0.10671299999999999 15.403900000000002 11.450850000000001 9.3288000000000029 26.058300000000006 0.36611800000000005 -0.12463649999999998 0.022767450000000005 5.5000000000000009 12.467250000000002 30.521150000000002
decision_type=2 2 2 2 2 2 2 2 2 2 2 2 2 2 2 2 2 2 2 2 2 2 2 2 2 2 2 2 2 2
left_child=1 2 -1 4 -2 6 7 8 9 10 11 13 -13 14 15 16 25 18 -16 -19 21 22 24 -22 -21 -5 -26 -27 29 -29
right_child=3 -3 -4 5 -6 -7 -8 -9 -10 -11 -12 12 -14 -15 17 -17 -18 19 -20 20 23 -23 -24 -25 26 27 -28 28 -30 -31
leaf_value=-3.9240743153777084e-06 -0.00011256017600331584 -1.0912732955984866e-05 -1.6354155392996478e-05 0.0021382191727362869 5.9142669651816299e-06 -0.00024729876336454488 0.00013962002347718636 -0.00032456969920480595 3.8855377266325269e-05 -0.00020260897809056086 0.00011649030919861558 0.0004705654998806668 -7.4700133013843026e-06 0.0046947100582463265 -9.7780485047606995e-05 -0.00011736479988801288 0.0003020039550912175 -0.00061059287202104226 0.00032390728339119459 8.6285882237160241e-06 0.0013316780955109704 -0.00023569364985624223 0.00072934935590145177 -7.8148269770256723e-05 -0.0002310696319022563 1.2640759904292664e-06 -0.00010079896583797596 -9.3970740625656205e-05 -0.00033950010214833966 0.00047652877517551095
leaf_weight=85 67 108 75 68 60 88 73 81 65 89 99 64 62 75 80 190 82 66 69 71 61 79 71 96 130 1975 118 590 91 104
leaf_count=85 67 108 75 68 60 88 73 81 65 89 99 64 62 75 80 190 82 66 69 71 61 79 71 96 130 1975 118 590 91 104
internal_value=-0.000904213 -0.00559701 -0.00875 -0.000640218 -0.00452756 -0.00053375 -0.000445153 -0.000547364 -0.000472127 -0.000542725 -0.000418533 -0.000519073 0.0031746 -0.00063496 -0.000716823 -0.000354839 -0.000103093 -0.00205113 0.00151007 -0.00281792 -0.00207668 -0.00335821 -0.00217949 0.00175159 -0.00399687 -0.000265205 -0.00544355 -0.000398551 -0.0016879 -0.000936599
internal_weight=5032 268 160 4764 127 4637 4549 4476 4395 4330 4241 4142 126 4016 3941 3100 2910 841 149 692 626 469 390 157 319 2828 248 2760 785 694
internal_count=5032 268 160 4764 127 4637 4549 4476 4395 4330 4241 4142 126 4016 3941 3100 2910 841 149 692 626 469 390 157 319 2828 248 2760 785 694
is_linear=0
shrinkage=0.05


Tree=97
num_leaves=31
num_cat=0
split_feature=1 15 4 6 5 5 5 6 5 4 11 5 2 8 5 7 4 1 6 6 4 2 1 0 8 0 4 2 11 11
split_gain=2.06666 1.22314 1.20161 0.679819 0.777412 0.608919 1.03618 0.969691 1.05897 1.42741 1.12266 0.944634 0.803014 1.16856 0.796352 0.524192 1.00453 0.953563 1.5376 1.50429 0.756622 0.748159 1.31528 1.11288 1.39347 1.3411 1.91457 1.04034 0.853747 0.802914
threshold=0.00010215500000000001 1.0000000180025095e-35 0.00078493050000000015 0.00017186800000000002 3.6965350000000003 32.54610000000001 19.187150000000006 0.00040404150000000007 10.233650000000003 3.4466150000000004 6.5000000000000009 8.8983350000000012 14.370500000000002 18.291650000000004 13.251850000000003 0.27338450000000009 2.0444900000000001 0.018597300000000001 0.14253400000000002 0.16360600000000003 127.72250000000001 9.7846550000000025 0.013845100000000001 3.0268650000000004 9.3166650000000022 4.0731000000000011 4.3473900000000016 8.506115000000003 12.500000000000002 11.500000000000002
decision_type=2 2 2 2 2 2 2 2 2 2 2 2 2 2 2 2 2 2 2 2 2 2 2 2 2 2 2 2 2 2
left_child=1 2 -1 4 -2 6 7 -5 11 10 -10 12 15 -14 -12 17 -17 19 -19 20 21 22 27 24 -23 -25 29 -9 -29 -27
right_child=3 -3 -4 5 -6 -7 -8 8 9 -11 14 -13 13 -15 -16 16 -18 18 -20 -21 -22 23 -24 25 -26 26 -28 28 -30 -31
leaf_value=-9.4740329931681318e-06 -0.00010693216720315006 -1.0367096308185626e-05 -9.4584305531344302e-06 2.1564490933332055e-05 5.6185536169225444e-06 -0.00023493382519631763 0.00038949670944428069 -6.7687929574699644e-07 -6.1559234598052889e-06 0.00030578322008575199 -0.00055123314890973777 0.00057647316118319416 -0.00032935334533678586 8.8104026916923818e-05 -0.00037381527830406778 -0.0011628228959553279 0.00012105390790693588 -8.9022343180487909e-05 0.004459974555334009 -0.0015370032551148974 -0.00026635973608324387 -0.00012115074070032875 -0.0013185814429367126 -0.0002440178262782861 0.00095541421308201202 0.00050230926849772844 -0.00033806459426282927 -0.00027115260180291152 1.0842145982508734e-05 6.5924380966340655e-05
leaf_weight=73 67 108 87 119 60 88 103 2616 60 100 84 117 113 66 64 62 68 103 79 67 60 75 82 65 101 64 76 79 60 66
leaf_count=73 67 108 87 119 60 88 103 2616 60 100 84 117 113 66 64 62 68 103 79 67 60 75 82 65 101 64 76 79 60 66
internal_value=-0.000765103 -0.00503731 -0.0078125 -0.000524769 -0.00413386 -0.000425922 -0.00034623 -0.000461089 -0.000583545 -0.00340909 -0.00576923 -0.000367007 -0.000499744 -0.00377095 -0.00810811 -0.000342466 -0.00346154 -0.000229613 0.0032967 -0.000417766 -0.000269139 -0.000167479 -0.000467043 0.00173378 0.00482955 -0.000276753 0.00169903 -0.000281307 -0.0044964 0.00538462
internal_weight=5032 268 160 4764 127 4637 4549 4446 4327 308 208 4019 3902 179 148 3723 130 3593 182 3411 3344 3284 2837 447 176 271 206 2755 139 130
internal_count=5032 268 160 4764 127 4637 4549 4446 4327 308 208 4019 3902 179 148 3723 130 3593 182 3411 3344 3284 2837 447 176 271 206 2755 139 130
is_linear=0
shrinkage=0.05


Tree=98
num_leaves=31
num_cat=0
split_feature=6 3 5 12 1 6 0 7 0 1 1 7 4 9 9 0 8 4 4 7 5 13 10 9 9 5 5 10 1 9
split_gain=1.97436 1.0141 1.65951 0.827656 0.814354 1.97998 0.81654 1.76164 0.996059 1.30038 2.76993 1.26345 0.940724 0.908087 1.32657 1.04895 1.04431 1.34368 1.00862 1.03581 1.03021 0.958545 1.43731 0.955664 0.905113 0.767269 0.938115 0.73286 1.54078 0.973535
threshold=8.4206600000000011e-06 11.500000000000002 4.9304500000000013 3.5000000000000004 0.00010215500000000001 0.00023798750000000003 8.3881900000000016 -0.14253949999999996 15.900200000000002 0.0023955750000000005 0.0078238700000000019 0.047379650000000002 7.2341200000000008 2418.5000000000005 2517.5000000000005 4.1956550000000012 18.133350000000004 0.88295100000000015 0.79339350000000008 0.022767450000000005 2.5317650000000005 1.5000000000000002 1.5000000000000002 3183.5000000000005 3210.5000000000005 9.9791500000000024 13.610750000000001 2.5000000000000004 0.0038629100000000002 2885.5000000000005
decision_type=2 2 2 2 2 2 2 2 2 2 2 2 2 2 2 2 2 2 2 2 2 2 2 2 2 2 2 2 2 2
left_child=-1 4 3 -3 5 -2 7 -6 9 -8 -11 -12 -10 25 -15 16 21 23 20 -20 -17 27 -23 -18 -24 -9 -27 28 -16 -29
right_child=1 2 -4 -5 6 -7 8 13 12 10 11 -13 -14 14 15 18 17 -19 19 -21 -22 22 24 -25 -26 26 -28 29 -30 -31
leaf_value=-1.5445319776274544e-05 2.9960853996584786e-07 -0.00013380614860948969 0.00055048483396123238 6.5585460584205056e-05 0.0023136355669254962 -7.4053313181248097e-05 -8.3665798554465046e-05 -2.131544219551038e-05 -5.9742183182316021e-05 0.00025307916900384756 -0.0008409094396282968 -0.00050359122009464581 0.00022705217396196912 0.00032739495120919746 0.000382750653557834 0.00020891529404848936 -0.0002999067273886651 8.8641678647528115e-05 -0.00010530857796306054 0.00055957849926115968 2.8795617538390319e-05 -0.00025628853085730047 7.7045946754316687e-05 -4.5264569235702851e-05 -4.574463993638218e-05 -0.00037804780550053499 -9.2891269769005215e-06 -0.00022236606668010156 -0.00025081666828992189 4.5409862288387169e-05
leaf_weight=89 110 101 109 82 94 85 112 2196 246 106 80 89 91 98 178 75 89 96 65 77 74 69 85 60 73 88 95 73 70 77
leaf_count=89 110 101 109 82 94 85 112 2196 246 106 80 89 91 98 178 75 89 96 65 77 74 69 85 60 73 88 95 73 70 77
internal_value=-0.000765103 -0.000632207 0.00222603 -0.00068306 -0.000811653 -0.00397436 -0.00067325 -0.000375134 -0.00220994 -0.00394057 -0.00209091 -0.00606509 -0.000222552 -0.000549753 0.00053614 6.45995e-05 -0.000804598 -0.00357143 0.00266323 -0.000352113 0.00553691 0.00028 -0.00231278 -0.00654362 0.000316456 -0.00112442 -0.00423497 0.00175879 0.00342742 -0.001
internal_weight=5032 4943 292 183 4651 195 4456 3732 724 387 275 169 337 3638 1259 1161 870 245 291 142 149 625 227 149 158 2379 183 398 248 150
internal_count=5032 4943 292 183 4651 195 4456 3732 724 387 275 169 337 3638 1259 1161 870 245 291 142 149 625 227 149 158 2379 183 398 248 150
is_linear=0
shrinkage=0.05


Tree=99
num_leaves=31
num_cat=0
split_feature=1 4 6 0 7 1 0 7 6 6 15 5 0 10 3 10 8 8 5 11 7 0 1 8 1 3 6 6 11 9
split_gain=1.69799 0.993368 0.510064 0.607482 0.486766 1.11621 0.75632 0.791996 0.499316 0.983564 1.62492 0.925257 0.511169 0.659131 1.05644 0.594532 0.489679 1.73427 1.3337 2.66747 2.23638 1.98179 2.2445 1.55304 1.35794 1.13405 1.07634 1.02209 1.02192 1.00768
threshold=3.3903550000000008e-05 8.9146600000000018e-05 7.3274950000000016e-05 -0.30268249999999997 0.61703500000000011 0.042007900000000008 41.517000000000003 -0.18084649999999997 0.16360600000000003 0.065560350000000017 1.0000000180025095e-35 0.27590200000000004 -0.13812649999999996 19.500000000000004 13.500000000000002 29.500000000000004 18.133350000000004 16.491650000000003 2.9378750000000005 7.5000000000000009 0.00077503250000000021 1.4285750000000002 0.0017043800000000003 19.791650000000004 0.0035545000000000004 2.5000000000000004 0.0015931400000000003 0.0044720550000000008 14.500000000000002 2264.5000000000005
decision_type=2 2 2 2 2 2 2 2 2 2 2 2 2 2 2 2 2 2 2 2 2 2 2 2 2 2 2 2 2 2
left_child=1 -1 -2 -4 5 6 7 -5 9 12 11 -11 -9 14 16 -15 17 -14 19 20 -18 -21 27 -20 25 26 -25 -23 -26 -24
right_child=2 -3 3 4 -6 -7 -8 8 -10 10 -12 -13 13 15 -16 -17 18 -19 23 21 -22 22 29 24 28 -27 -28 -29 -30 -31
leaf_value=-1.4285262776544427e-06 -2.1816321661956703e-05 -8.1064916435298272e-06 0.00030193320142084642 -0.00087713570694249524 -0.0012253308082713799 0.0081724170816823618 0.00016940508194948441 -0.00016296852264214448 -0.00047098677374998732 -0.00052967525288729733 0.0038884611990206066 0.00057084819873601538 -1.7056784401680085e-05 -0.00028288833931409849 6.4444235345949849e-05 -6.3972966344416633e-06 -7.9609245210744531e-06 7.3193649416600833e-05 -0.00048455831402612862 -0.00015994621544665076 0.00025520614187333031 9.4034736850212019e-05 -0.0003795682308958163 6.2807956380072884e-06 -0.00028024529134199896 -0.00012644852767272659 -0.00024008942076617852 -3.6904030778535359e-06 0.00053770712687147351 -0.00015593990058319906
leaf_weight=66 103 82 65 78 76 81 109 88 103 64 64 83 2372 61 76 71 121 195 82 78 119 88 89 79 111 68 84 106 91 79
leaf_count=66 103 82 65 78 76 81 109 88 103 64 64 83 2372 61 76 71 121 195 82 78 119 88 89 79 111 68 84 106 91 79
internal_value=-0.000804849 -0.00608108 -0.000644963 -0.000569964 -0.000636132 -0.000571121 -0.00067449 -0.000775281 -0.000686185 -0.000603186 0.00272512 -0.000170068 -0.000776244 -0.000692695 -0.000573215 -0.00416667 -0.000691122 -0.000301909 -0.0015272 -7.35294e-05 0.00416667 -0.00238636 -0.000828729 -0.0034466 -0.00225173 -0.00487013 -0.00260736 0.00283505 0.000742574 -0.00505952
internal_weight=5032 148 4884 4781 4716 4640 4559 4450 4372 4269 211 147 4058 3970 3838 132 3762 2567 1195 680 240 440 362 515 433 231 163 194 202 168
internal_count=5032 148 4884 4781 4716 4640 4559 4450 4372 4269 211 147 4058 3970 3838 132 3762 2567 1195 680 240 440 362 515 433 231 163 194 202 168
is_linear=0
shrinkage=0.05


Tree=100
num_leaves=31
num_cat=0
split_feature=1 0 2 9 2 0 0 1 1 8 1 9 7 2 5 1 9 8 8 2 0 0 8 6 3 1 11 8 6 11
split_gain=1.68453 2.23816 1.19097 0.603468 1.3009 0.993843 1.65797 1.66777 1.39706 1.76293 2.10579 1.615 1.856 2.44885 1.2049 1.04702 0.924906 0.808447 0.692885 0.734711 0.72592 1.52401 1.13022 0.8652 1.93783 1.43383 1.42895 1.619 1.33927 1.13719
threshold=8.054870000000001e-05 0.91247250000000013 0.16069550000000002 2854.5000000000005 41.970950000000009 1.3377350000000001 2.0249150000000005 0.0015027550000000001 0.00066332100000000014 10.408350000000002 0.0068179600000000005 3132.0000000000005 0.0080074900000000008 3.9879100000000007 1.7650400000000002 0.011013050000000002 2757.5000000000005 37.775000000000006 36.433350000000011 0.0014357500000000002 4.1424900000000013 3.9605100000000006 31.675000000000001 0.015149950000000001 1.5000000000000002 0.0036621050000000001 11.500000000000002 17.008350000000004 0.0036697900000000005 11.500000000000002
decision_type=2 2 2 2 2 2 2 2 2 2 2 2 2 2 2 2 2 2 2 2 2 2 2 2 2 2 2 2 2 2
left_child=1 2 -1 4 16 14 7 -7 -8 -10 11 -11 13 -13 -5 -12 18 -17 19 -2 21 -21 23 25 -25 26 27 -22 -28 -27
right_child=3 -3 -4 5 -6 6 8 -9 9 10 15 12 -14 -15 -16 17 -18 -19 -20 20 22 -23 -24 24 -26 29 28 -29 -30 -31
leaf_value=-3.0862961698706174e-05 -0.00014062601767291568 -1.6952786156232625e-05 2.7221310413496095e-06 1.381776422193971e-05 -0.00020642976508380333 1.6504364727231069e-05 -5.4104866077292622e-05 0.0049398190572651551 -0.00015188117891080084 0.00028509701912043109 -0.0007347253300661647 0.00028521248944679968 -0.00026526346081743663 -1.0315545761112308e-05 -0.00022675498397121963 0.00064475791457238314 -0.0002060561181028588 -0.00054895937003208474 0.00010801475248597379 -7.4169686185094655e-06 -0.00017290103274288161 0.00014067576661326583 -0.00011626644659765099 -0.00071609977001169426 -8.39650112046112e-05 0.00034265587095267985 -1.7105045317094735e-05 1.6088432730899764e-08 0.00012766892405264232 -0.00011007325145750494
leaf_weight=72 100 60 96 118 98 62 101 60 102 129 73 69 69 66 103 69 107 66 104 2104 102 70 65 103 344 105 118 86 90 121
leaf_count=72 100 60 96 118 98 62 101 60 102 129 73 69 69 66 103 69 107 66 104 2104 102 70 65 103 344 105 118 86 90 121
internal_value=-0.000844595 -0.00504386 -0.00208333 -0.000645296 -0.000948345 0.000390984 0.00115473 0.00655738 0.000268817 0.00112753 0.00226433 0.00472973 0.00196078 0.00537037 -0.00260181 -0.00168269 -0.000794418 0.000925926 -0.000654897 -0.000777582 -0.00064994 -0.000114995 -0.00167549 -0.00128625 -0.00296421 -8.03859e-05 -0.00189394 -0.00505319 0.000961538 0.00309735
internal_weight=5032 228 168 4804 3717 1087 866 122 744 643 541 333 204 135 221 208 3619 135 3512 3408 3308 2174 1134 1069 447 622 396 188 208 226
internal_count=5032 228 168 4804 3717 1087 866 122 744 643 541 333 204 135 221 208 3619 135 3512 3408 3308 2174 1134 1069 447 622 396 188 208 226
is_linear=0
shrinkage=0.05


Tree=101
num_leaves=31
num_cat=0
split_feature=1 4 8 6 1 4 4 5 8 2 2 0 11 9 0 4 9 6 9 5 0 12 0 4 1 1 9 5 3 1
split_gain=1.11866 1.22363 0.538551 1.14155 1.38546 1.10639 1.4733 1.98057 1.03476 1.23548 2.46077 1.39673 1.39462 1.08827 1.14159 1.06682 0.838346 1.25491 0.990892 1.28841 1.17311 1.15864 2.00238 1.17752 0.931727 1.07218 0.869685 1.10672 0.880623 0.792295
threshold=3.3903550000000008e-05 8.9146600000000018e-05 7.0250000000000012 0.00074906000000000007 0.00065444850000000014 5.6742800000000004 0.015621750000000002 4.2914900000000005 8.1916650000000022 4.9491850000000008 2.6757650000000006 1.4285750000000002 2.5000000000000004 666.50000000000011 4.1072150000000009 1.4625400000000002 2885.5000000000005 0.00017186800000000002 2970.5000000000005 1.8417000000000001 15.403900000000002 1.0000000180025095e-35 3.9205900000000002 0.098188700000000018 0.0026059900000000003 0.0072720100000000015 2757.5000000000005 24.713600000000003 14.500000000000002 0.007967115000000002
decision_type=2 2 2 2 2 2 2 2 2 2 2 2 2 2 2 2 2 2 2 2 2 2 2 2 2 2 2 2 2 2
left_child=1 -1 3 -2 -5 6 -6 -8 9 10 11 -4 -11 14 -10 -14 17 -15 -18 21 24 23 -23 -20 -21 -26 27 28 29 -19
right_child=2 -3 8 4 5 -7 7 -9 13 12 -12 -13 15 16 -16 -17 18 26 19 20 -22 22 -24 -25 25 -27 -28 -29 -30 -31
leaf_value=-7.4051371648202542e-07 -8.7765790352197301e-05 -7.2850933321541243e-06 0.00089244808886891614 0.00011876921869852457 -0.00051409897069793181 -0.00046822636297190467 -5.5540676199882058e-05 0.00083727876365506714 -1.5904357215222583e-05 0.00068346273949584674 -0.00033155112272797803 -2.9224967286674722e-05 -7.5959910004837647e-05 -5.1779595021905615e-05 -0.00019337198057753704 0.0007391263829087403 0.00020971949765084838 -2.2708906976563911e-05 0.00031320299255164314 -1.3378242861670066e-05 7.6448267254415779e-05 -0.00010762194764225792 4.4650629118446582e-05 2.9599864997800071e-05 -0.00056325858917206028 -0.00023968351002491632 -0.00020139603197354627 -0.00030213381852357352 0.00034277852150824627 8.9540851353805961e-05
leaf_weight=66 61 82 104 83 82 91 123 75 66 60 73 120 107 86 61 76 122 1856 65 184 100 80 60 129 75 71 138 69 68 599
leaf_count=66 61 82 104 83 82 91 123 75 66 60 73 120 107 86 61 76 122 1856 65 184 100 80 60 129 75 71 138 69 68 599
internal_value=-0.000784976 -0.00506757 -0.000655201 -0.00218447 -0.00132159 -0.00262803 -0.00107143 0.00126263 -0.000474937 0.00157407 -0.000589226 0.00200893 0.00421811 -0.000763907 -0.00531496 0.00204918 -0.00060778 -0.00102983 0.000733634 6.5445e-05 -0.00174419 0.00239521 -0.00107143 0.00489691 -0.00318182 -0.00616438 -0.000842491 -0.000636574 -0.000465715 -0.000621181
internal_weight=5032 148 4884 515 454 371 280 198 4369 540 297 224 243 3829 127 183 3702 2816 886 764 430 334 140 194 330 146 2730 2592 2523 2455
internal_count=5032 148 4884 515 454 371 280 198 4369 540 297 224 243 3829 127 183 3702 2816 886 764 430 334 140 194 330 146 2730 2592 2523 2455
is_linear=0
shrinkage=0.05


Tree=102
num_leaves=31
num_cat=0
split_feature=1 0 6 6 5 0 0 5 5 2 7 0 6 2 0 1 7 8 1 11 12 2 6 8 7 3 10 5 5 6
split_gain=1.2328 1.36263 2.05033 0.797225 0.932542 0.75027 0.687989 0.773142 1.64222 1.35821 1.25066 1.19354 0.975545 1.08204 0.790514 0.757897 1.34291 1.23122 0.977913 1.07122 0.853761 0.814552 0.800061 1.11106 0.926639 1.1487 2.53853 1.3369 1.37344 1.2558
threshold=0.00010215500000000001 0.94061000000000006 0.00023798750000000003 0.00017186800000000002 3.6965350000000003 -0.020533949999999995 -0.23639949999999996 0.034263250000000009 0.0040564750000000012 0.089246550000000022 1.0000000180025095e-35 3.4859300000000002 0.024912200000000006 0.015011250000000002 1.3377350000000001 0.00041118550000000006 0.0011862400000000001 13.191650000000001 0.0005391040000000001 9.5000000000000018 2.5000000000000004 0.14293100000000003 0.11856900000000002 18.791650000000004 0.35182300000000005 7.5000000000000009 8.5000000000000018 10.233650000000003 9.0387150000000016 0.0039281950000000015
decision_type=2 2 2 2 2 2 2 2 2 2 2 2 2 2 2 2 2 2 2 2 2 2 2 2 2 2 2 2 2 2
left_child=1 2 5 4 -2 -1 -5 8 11 10 -9 14 13 -10 -8 16 20 -18 19 -17 -11 -20 24 -24 25 27 -27 28 -23 -29
right_child=3 -3 -4 6 -6 -7 7 9 12 15 -12 -13 -14 -15 -16 18 17 -19 21 -21 -22 22 23 -25 -26 26 -28 29 -30 -31
leaf_value=-1.945550490283861e-05 -0.00010750093855274546 -1.5202333221787107e-05 -9.4247001927817925e-05 0.00038607549493121769 7.9044969985921609e-07 2.7866646654980333e-06 -1.8979067610403261e-05 -0.00014433522474135795 0.0003232789780111543 7.3832943311639854e-05 -2.4480326495192416e-05 5.6384601806130571e-05 -1.2380264938325388e-05 6.0470717388342994e-05 -0.00022071201473371598 -8.1732654354432356e-05 -0.00013770097074194002 3.3542941866926206e-05 0.00025375538254303489 -9.0545921584354014e-06 1.9831998289977979e-05 -6.2569165118989828e-06 -0.0023885628042952869 1.5771826036573011e-05 0.0026444078844678164 -0.00023279072510270834 1.9391005734481233e-05 -9.541493345609308e-06 0.00098905588033606682 -0.00061125950841733109
leaf_weight=69 67 73 66 79 60 60 66 89 65 66 96 61 95 114 72 65 75 66 82 79 115 2273 93 77 92 174 200 207 74 162
leaf_count=69 67 73 66 79 60 60 66 89 65 66 96 61 95 114 72 65 75 66 82 79 115 2273 93 77 92 174 200 207 74 162
internal_value=-0.000804849 -0.00410448 -0.00192308 -0.000619228 -0.00452756 0.00174419 -0.000512185 -0.000592365 0.00132135 -0.000813953 -0.005 -0.00213568 0.00383212 0.00600559 -0.00471014 -0.000615385 0.00170807 -0.00195035 -0.000824483 -0.00486111 0.00455801 -0.000655213 -0.000775656 -0.00411765 -0.000597109 -0.000744337 -0.00334225 -0.000386598 5.32595e-05 -0.00318428
internal_weight=5032 268 195 4764 127 129 4637 4558 473 4085 185 199 274 179 138 3900 322 141 3578 144 181 3434 3352 170 3182 3090 374 2716 2347 369
internal_count=5032 268 195 4764 127 129 4637 4558 473 4085 185 199 274 179 138 3900 322 141 3578 144 181 3434 3352 170 3182 3090 374 2716 2347 369
is_linear=0
shrinkage=0.05


Tree=103
num_leaves=31
num_cat=0
split_feature=1 0 6 0 2 7 5 0 9 9 4 3 10 2 3 0 10 0 5 5 0 10 3 5 2 1 2 0 2 2
split_gain=1.14692 1.13951 2.05033 0.75027 0.604187 1.04783 0.949299 0.79629 0.662003 0.965629 1.81018 1.00923 0.646055 2.32274 1.52256 1.21572 1.23095 0.986632 1.58623 2.37363 1.00413 0.844167 0.873476 1.41184 2.80721 1.41323 1.48177 2.09576 1.3874 1.33135
threshold=0.00010215500000000001 0.94061000000000006 0.00023798750000000003 -0.020533949999999995 0.0025190850000000003 -0.0011624849999999998 0.010792800000000002 3.5253750000000004 436.00000000000006 632.50000000000011 4.8084050000000014 4.5000000000000009 17.500000000000004 5.8146050000000011 11.500000000000002 74.58580000000002 14.500000000000002 11.450850000000001 4.9756200000000002 6.1984200000000014 16.638450000000002 11.500000000000002 2.5000000000000004 2.3009250000000003 4.3387600000000015 0.0096923250000000016 1.0798900000000002 0.91247250000000013 0.58203400000000005 14.848450000000001
decision_type=2 2 2 2 2 2 2 2 2 2 2 2 2 2 2 2 2 2 2 2 2 2 2 2 2 2 2 2 2 2
left_child=1 2 3 -1 5 -2 7 -6 -8 10 11 -10 15 -14 -15 16 17 21 -19 -20 -21 22 23 25 -25 26 27 -11 -29 -24
right_child=4 -3 -4 -5 6 -7 8 -9 9 12 -12 -13 13 14 -16 -17 -18 18 19 20 -22 -23 29 24 -26 -27 -28 28 -30 -31
leaf_value=-1.848272965769668e-05 1.2107948932454883e-05 -1.4442216560697753e-05 -8.9534651831427051e-05 2.6473314322231315e-06 1.7595241775051697e-05 -0.00014883481849577762 6.5447968118439187e-05 0.00022309912738616061 -0.00034693791491522362 0.00018671263686544727 0.00015793434265710845 -5.6882372451771971e-06 0.0001585333275259757 -0.00027738920949920169 0.00033616108294004938 0.0013864294123969161 -0.00019359969441426971 -0.00034773804536893734 0.00039551762022752745 -0.00018933804746781944 -4.5912903994322734e-05 0.00016504047011512999 -5.7575026828737139e-05 -0.00032698544625371271 2.2417445998327301e-06 0.002524142642032501 0.00012832101698246763 -3.9227797342283665e-05 -0.00024933287564492251 0.00020690753622611068
leaf_weight=69 66 73 66 60 111 108 72 61 116 138 61 63 90 70 63 75 73 90 77 69 110 92 1221 164 990 65 347 190 61 121
leaf_count=69 66 73 66 60 111 108 72 61 116 138 61 63 90 70 63 75 73 90 77 69 110 92 1221 164 990 65 347 190 61 121
internal_value=-0.000735294 -0.00391791 -0.00192308 0.00174419 -0.000556255 -0.00344828 -0.000446623 0.00319767 -0.000588502 -0.00066728 -0.00375 -0.00628492 -0.000487092 0.00213004 -0.00206767 -0.000637394 -0.000761555 -0.000635877 -0.00317919 -0.00117188 -0.00432961 -0.000376217 -0.000508038 0.00016624 -0.000953206 0.00177903 0.00115489 -0.00096401 -0.00368526 -0.00149031
internal_weight=5032 268 195 129 4764 174 4590 172 4418 4346 240 179 4106 223 133 3883 3808 3735 346 256 179 3389 3297 1955 1154 801 736 389 251 1342
internal_count=5032 268 195 129 4764 174 4590 172 4418 4346 240 179 4106 223 133 3883 3808 3735 346 256 179 3389 3297 1955 1154 801 736 389 251 1342
is_linear=0
shrinkage=0.05


Tree=104
num_leaves=31
num_cat=0
split_feature=1 0 0 1 7 1 6 1 4 9 11 8 3 1 3 10 2 9 11 7 2 5 13 2 8 0 4 12 2 5
split_gain=1.23825 2.2619 1.34799 0.622371 1.15741 1.15497 1.15466 0.819387 1.14079 0.737271 1.3914 1.27345 1.29635 0.719877 0.660385 1.72544 1.59435 1.45358 1.33476 1.33364 1.16957 1.84801 1.00947 1.67638 1.21519 1.45173 1.01792 1.37831 1.49155 1.47725
threshold=8.054870000000001e-05 0.91247250000000013 -0.051815299999999995 0.00041118550000000006 -0.00010582099999999999 0.00028756150000000004 0.00081000100000000008 0.00027126800000000007 6.8747500000000015 632.50000000000011 12.500000000000002 6.8750000000000009 4.5000000000000009 0.056092950000000009 7.5000000000000009 8.5000000000000018 0.14293100000000003 2341.5000000000005 8.5000000000000018 0.035349600000000002 0.0025190850000000003 0.010792800000000002 1.5000000000000002 13.214800000000002 11.058350000000003 3.0268650000000004 0.24543300000000004 5.5000000000000009 10.297450000000001 4.3602150000000011
decision_type=2 2 2 2 2 2 2 2 2 2 2 2 2 2 2 2 2 2 2 2 2 2 2 2 2 2 2 2 2 2
left_child=1 2 -1 4 5 6 -2 8 -6 10 -5 -12 -13 14 20 16 -16 18 -17 -18 -11 -22 26 24 -24 -26 -23 -28 29 -29
right_child=3 -3 -4 9 7 -7 -8 -9 -10 13 11 12 -14 -15 15 17 19 -19 -20 -21 21 22 23 -25 25 -27 27 28 -30 -31
leaf_value=-4.7290326442652338e-05 2.302422590695727e-05 -1.4320039023280218e-05 2.246562030258331e-06 -0.00044433565657237901 -1.508970333938401e-05 0.00013514679623729395 -5.3616101453967985e-05 -8.5505514854869935e-05 7.2629217782049825e-05 -0.0001301914225886984 0.0003163356161597962 -0.000217138867453133 0.00037247557925886715 0.0038465484788130001 7.8225924282910968e-06 0.0011377345809725776 -0.00026573531712094866 -0.00019427295467409406 3.0500505629900941e-06 -0.00010078299015492676 0.00028361641287342072 -6.8467961626963612e-05 -0.00014753343152873531 -0.00031467122464000146 -3.3623570748218164e-05 0.00012576392277387544 6.0587144843291327e-05 -5.7135701652386238e-05 -0.00046653941420878205 0.0015407537369758592
leaf_weight=83 78 60 85 77 79 111 81 118 73 116 71 109 60 71 83 66 124 96 104 69 96 1032 134 64 62 68 1239 282 154 87
leaf_count=83 78 60 85 77 79 111 81 118 73 116 71 109 60 71 83 66 124 96 104 69 96 1032 134 64 62 68 1239 282 154 87
internal_value=-0.000566375 -0.00416667 -0.00119048 -0.000395504 0.0012037 0.00351852 0.000786164 -0.00111111 0.00131579 -0.00059803 -0.00291798 -0.00104167 -0.00340237 -0.000411705 -0.000503096 -0.00212177 -0.0048913 0.00075188 0.00352941 -0.00738342 -0.000239952 -6.21504e-05 -0.000272261 -0.00289634 -0.00113636 0.00230769 3.5791e-05 0.000766175 -0.00138623 0.000338753
internal_weight=5032 228 168 4804 540 270 159 270 152 4264 317 240 169 3947 3876 542 276 266 170 193 3334 3218 3122 328 264 130 2794 1762 523 369
internal_count=5032 228 168 4804 540 270 159 270 152 4264 317 240 169 3947 3876 542 276 266 170 193 3334 3218 3122 328 264 130 2794 1762 523 369
is_linear=0
shrinkage=0.05


Tree=105
num_leaves=31
num_cat=0
split_feature=1 0 0 9 5 5 9 9 1 5 9 5 7 7 11 9 3 9 3 10 9 0 4 7 9 5 11 2 3 2
split_gain=1.19087 2.2619 1.34799 0.552859 0.648376 1.34393 1.0981 1.34028 1.26685 1.50018 1.07684 0.815247 1.13306 0.695929 0.66054 2.18197 2.16264 0.993561 0.836703 1.56682 1.10158 1.38792 1.37077 1.8507 1.4248 1.29113 1.25026 0.980516 1.32146 0.998554
threshold=8.054870000000001e-05 0.91247250000000013 -0.051815299999999995 3768.5000000000005 0.10997100000000001 0.16617750000000003 2087.5000000000005 1630.5000000000002 0.0046292750000000013 0.017764500000000006 1165.5000000000002 0.028821200000000002 -4.6591449999999992e-05 0.61703500000000011 1.0000000180025095e-35 1034.5000000000002 2.5000000000000004 3599.5000000000005 15.500000000000002 14.500000000000002 991.50000000000011 1.0000000180025095e-35 1.6110250000000004 0.0032427450000000004 587.50000000000011 5.5918500000000009 6.5000000000000009 0.26841600000000004 7.5000000000000009 2.0829850000000003
decision_type=2 2 2 2 2 2 2 2 2 2 2 2 2 2 2 2 2 2 2 2 2 2 2 2 2 2 2 2 2 2
left_child=1 2 -1 4 6 -6 7 10 9 -8 11 12 -2 14 15 -7 -17 18 19 20 22 -22 23 25 -24 -16 -26 -23 -29 -30
right_child=3 -3 -4 -5 5 13 8 -9 -10 -11 -12 -13 -14 -15 17 16 -18 -19 -20 -21 21 27 24 -25 26 -27 -28 28 29 -31
leaf_value=-4.492581012051972e-05 6.7286224203359267e-05 -1.3604037072116206e-05 2.1342339287454145e-06 1.5219111009928788e-05 -0.00012933002747285999 -0.00022587930345353369 2.1145953781868174e-05 -0.00015081740483247706 -0.00027042956315992118 0.00024077798678927254 8.737510589146817e-05 -0.0001372346830651583 -9.8145316312593661e-05 -0.0016284054040270743 0.00010137184757265938 0.00015137448224332494 -5.3326148493612735e-05 8.893253060063348e-05 0.00037592905796073381 -0.00017906122352725763 -0.00026819365597377591 0.00024579826194669511 -3.5235850220431687e-05 -0.00042802782837351018 2.7248717562746059e-05 -4.6588821848738907e-05 0.0050511366545054129 -1.3307812591339824e-05 -0.00033441624898537049 -2.3491215132435137e-05
leaf_weight=83 67 60 85 103 121 82 125 115 66 115 118 70 74 65 153 113 111 65 72 181 114 82 71 69 61 81 88 2228 60 134
leaf_count=83 67 60 85 103 121 82 125 115 66 115 118 70 74 65 153 113 111 65 72 181 114 82 71 69 61 81 88 2228 60 134
internal_value=-0.00063593 -0.00416667 -0.00119048 -0.00046836 -0.000547756 -0.000803594 0.0008 -0.000788288 0.00310458 0.00479167 0.000835866 -0.00130332 0.000886525 -0.000639687 -0.000551129 -0.00277778 -0.000223214 -0.000354149 -0.00047142 -0.000586996 -0.000326329 -0.000744843 0.00176864 -0.000412541 0.00477273 0.0017094 0.00755034 -0.000499201 -0.000681255 -0.00463918
internal_weight=5032 228 168 4804 4701 3951 750 444 306 240 329 211 141 3830 3765 306 224 3459 3394 3322 3141 2618 523 303 220 234 149 2504 2422 194
internal_count=5032 228 168 4804 4701 3951 750 444 306 240 329 211 141 3830 3765 306 224 3459 3394 3322 3141 2618 523 303 220 234 149 2504 2422 194
is_linear=0
shrinkage=0.05


Tree=106
num_leaves=31
num_cat=0
split_feature=1 7 0 11 8 1 9 4 10 8 0 1 6 5 9 6 0 7 3 1 4 5 0 5 7 9 8 2 5 9
split_gain=1.61586 1.12675 0.515695 0.490222 2.00741 1.46373 1.43017 1.52966 1.10855 1.1042 1.83391 1.08577 1.04636 0.546827 0.779371 1.42717 0.739204 0.91325 1.12971 1.44151 1.37121 1.2789 0.952432 0.880659 1.1775 0.912389 0.960181 0.868 0.68494 0.687268
threshold=3.3903550000000008e-05 1.0000000180025095e-35 -0.35404599999999992 1.0000000180025095e-35 7.4583350000000008 0.0047976500000000014 3359.5000000000005 2.7540500000000003 5.5000000000000009 10.975000000000001 3.6853600000000006 0.0017477950000000001 7.3274950000000016e-05 32.54610000000001 3132.0000000000005 0.0052402750000000008 8.3881900000000016 0.27338450000000009 1.5000000000000002 0.0023955750000000005 0.35056350000000008 4.9304500000000013 14.442950000000002 13.251850000000003 -0.14253949999999996 3071.5000000000005 36.433350000000011 30.574300000000004 0.00088299750000000012 436.00000000000006
decision_type=2 2 2 2 2 2 2 2 2 2 2 2 2 2 2 2 2 2 2 2 2 2 2 2 2 2 2 2 2 2
left_child=1 -1 -2 4 -4 8 12 11 9 -6 -11 -8 -5 14 16 -16 23 18 20 -20 -18 -21 -23 24 -14 26 28 -25 -26 -30
right_child=2 -3 3 6 5 -7 7 -9 -10 10 -12 -13 13 -15 15 -17 17 -19 19 21 -22 22 -24 27 25 -27 -28 -29 29 -31
leaf_value=-1.7524065186572062e-07 0.00024817609399062216 -1.2586417783622033e-05 -0.00016263626314552251 -2.8175008714759004e-05 0.00020163382811114574 -0.00029493941443612922 8.1298576249959242e-05 -0.0001770281490007342 0.00014238311405167202 -0.00012432663391936661 3.6601768589853909e-06 1.1216633551670896e-05 0.0024817146931988528 -0.00023651149658071374 -0.00019015375006864162 4.4803275468872401e-05 -4.4259380756301973e-05 -0.0021149150157580804 -9.3657018961915318e-05 -0.00010633025253463519 -0.00032972031489845874 0.00019419819280220749 0.0021696870446432331 0.0011640432039748208 -0.00012338972666620234 9.8408522524526167e-05 3.7800649011462442e-05 -3.4123684860943616e-05 4.9575829513373889e-05 -1.930876332327941e-05
leaf_weight=82 60 66 72 66 81 79 118 75 68 74 71 88 81 74 101 135 103 63 64 115 72 67 95 63 60 69 91 62 64 2653
leaf_count=82 60 66 72 66 81 79 118 75 68 74 71 88 81 74 101 135 103 63 64 115 72 67 95 63 60 69 91 62 64 2653
internal_value=-0.000596184 -0.00574324 -0.000440213 -0.000497512 -0.00207865 -0.000603217 -0.000336835 0.00311388 0.00102041 -0.000663717 -0.00327586 0.00533981 -0.00057345 -0.00047123 -0.000391612 -0.00317797 -0.000214938 -0.00185665 -0.00116279 0.000513196 -0.00442857 0.00207581 0.00493827 8.7496e-05 -8.28363e-05 -0.000246851 -0.000383543 0.0042 -0.000549154 -0.000432462
internal_weight=5032 148 4884 4824 445 373 4379 281 294 226 145 206 4098 4032 3958 236 3722 579 516 341 175 277 162 3143 3018 2937 2868 125 2777 2717
internal_count=5032 148 4884 4824 445 373 4379 281 294 226 145 206 4098 4032 3958 236 3722 579 516 341 175 277 162 3143 3018 2937 2868 125 2777 2717
is_linear=0
shrinkage=0.05


Tree=107
num_leaves=31
num_cat=0
split_feature=1 15 4 6 1 7 4 7 5 2 6 5 1 1 10 4 3 10 11 0 8 2 5 0 0 2 6 4 12 0
split_gain=1.48817 1.06038 1.29657 1.03792 0.84733 0.810278 1.53305 0.851877 0.779255 1.93417 1.37032 1.3343 1.24766 2.31867 1.22171 1.06764 1.06509 2.26301 1.30814 1.11967 1.31675 1.70242 1.37643 0.924326 1.46768 1.94069 1.22427 0.89346 1.18494 0.76149
threshold=0.00010215500000000001 1.0000000180025095e-35 0.11576900000000001 0.00017186800000000002 0.00033529700000000008 0.0025005500000000003 0.67335300000000009 -0.0015160199999999999 1.992075 3.2955050000000008 0.0011216150000000001 2.2111750000000003 0.00088371550000000004 0.00076935600000000012 1.5000000000000002 0.26947400000000005 1.5000000000000002 7.5000000000000009 2.5000000000000004 4.1424900000000013 10.725000000000001 7.6649800000000008 6.2358650000000013 0.20485750000000003 1.8748350000000003 11.908500000000002 0.00096227050000000016 0.0020268600000000006 3.5000000000000004 11.226100000000001
decision_type=2 2 2 2 2 2 2 2 2 2 2 2 2 2 2 2 2 2 2 2 2 2 2 2 2 2 2 2 2 2
left_child=1 2 -1 -2 5 6 7 -5 9 10 -6 -10 13 14 -13 -16 17 18 -14 20 22 -22 -20 -18 25 -25 -26 -21 -29 -12
right_child=3 -3 -4 4 8 -7 -8 -9 11 -11 29 12 16 -15 15 -17 23 -19 19 27 21 -23 -24 24 26 -27 -28 28 -30 -31
leaf_value=-1.6930324192488084e-06 -4.5813077312673343e-05 -3.0100844198467264e-06 -6.7435437576366877e-06 4.3103950076816443e-06 0.00012761182303858907 0.00010828253778774139 -9.593503907698249e-05 5.2613264803715663e-05 -0.00020846619725399773 0.00065010736441081373 -2.551374294019397e-06 -0.00020914096230216975 0.0005397743557719576 -0.00021749889890870344 7.7745931793480504e-05 -3.9183647227223978e-05 0.0024645893173581672 -0.00039794584314739698 1.588178961613794e-05 -0.00012479830024973062 -0.00028557951540619521 0.0013033560559165113 -0.00057023562267208489 -3.3727053838650353e-05 0.00011015807569952838 -0.0012969348515195864 1.7228792230212586e-05 -0.00018484707570085986 -0.00096477315363681067 -0.00021956374340644793
leaf_weight=85 127 108 75 104 87 74 65 64 75 79 1580 98 107 66 74 98 80 64 100 116 60 94 65 172 61 69 942 75 63 105
leaf_count=85 127 108 75 104 87 74 65 64 75 79 1580 98 107 66 74 98 80 64 100 116 60 94 65 172 61 69 942 75 63 105
internal_value=-0.000665739 -0.00429104 -0.006875 -0.000461797 -0.000339659 0.0021987 0.000751073 0.00327381 -0.00051963 0.000256618 -8.46501e-05 -0.00109923 -0.000894343 -0.00372024 -0.00166667 0.000872093 -0.000435203 -0.00194892 -0.00110294 -0.00205061 -7.83699e-05 0.00324675 -0.00318182 0.000415408 8.03859e-05 -0.00342324 0.000922233 -0.00452756 -0.00724638 -0.000400593
internal_weight=5032 268 160 4764 4637 307 233 168 4330 1851 1772 2479 2404 336 270 172 2068 744 680 573 319 154 165 1324 1244 241 1003 254 138 1685
internal_count=5032 268 160 4764 4637 307 233 168 4330 1851 1772 2479 2404 336 270 172 2068 744 680 573 319 154 165 1324 1244 241 1003 254 138 1685
is_linear=0
shrinkage=0.05


Tree=108
num_leaves=31
num_cat=0
split_feature=6 4 7 4 9 3 3 5 0 2 4 6 10 8 4 4 9 11 9 1 11 2 1 7 6 1 1 8 3 9
split_gain=1.06529 2.41888 1.56753 1.92629 0.88016 0.685533 1.19752 1.07089 1.31973 0.817571 1.31134 1.01929 1.55709 0.938328 0.97528 1.18279 0.989546 0.847686 1.97677 0.966553 0.836856 0.896582 0.970707 0.910898 0.780448 1.8902 0.748156 1.9071 1.53581 2.02089
threshold=0.00048937300000000009 0.094432250000000009 -6.0376699999999994e-06 7.2341200000000008 2679.5000000000005 11.500000000000002 10.500000000000002 6.5977300000000012 4.1956550000000012 12.467250000000002 140.14300000000003 0.0010340450000000001 14.500000000000002 21.291650000000004 0.30151750000000005 4.0878050000000004 2234.5000000000005 1.0000000180025095e-35 1034.5000000000002 0.00095249050000000013 19.500000000000004 5.446905000000001 0.0028850650000000005 0.024025250000000001 0.0010614850000000002 0.00053207050000000011 0.0025580900000000003 17.866650000000003 4.5000000000000009 666.50000000000011
decision_type=2 2 2 2 2 2 2 2 2 2 2 2 2 2 2 2 2 2 2 2 2 2 2 2 2 2 2 2 2 2
left_child=1 4 -3 -4 -1 6 9 8 -7 17 11 -11 13 14 16 -16 -13 18 -2 -20 24 23 -23 -22 25 -19 -26 28 29 -28
right_child=5 2 3 -5 -6 7 -8 -9 -10 10 -12 12 -14 -15 15 -17 -18 20 19 -21 21 22 -24 -25 26 -27 27 -29 -30 -31
leaf_value=2.1997011223697515e-05 -0.00022728208675177445 -1.3891290750459008e-06 -5.7982834870245814e-05 -4.116399679241021e-06 -8.8389597681707722e-06 5.7752266715107965e-05 -0.00025468307124273118 0.001391335873021384 -9.4078902802015047e-05 5.3854506401758298e-05 0.0004572397912543637 -0.00016649235579764847 -0.00070439214861308915 4.5188598175109619e-05 0.00031471694865522191 -0.00033133015391842435 -0.00049899451050079366 -5.0632330422340164e-05 3.6047367307370707e-06 -4.9915476198984283e-05 1.359739528615264e-05 -0.00019478771105023134 -0.00045953978802411208 -0.0010160620019719856 -1.7938210594780052e-05 0.00017849119782115146 -0.00080541598984416602 -0.00015193007906083721 0.0018337231537173537 0.00059174646898516286
leaf_weight=146 70 103 113 85 82 98 65 80 96 86 122 130 61 139 94 103 66 88 129 122 262 60 72 76 1200 75 75 448 204 482
leaf_count=146 70 103 113 85 82 98 65 80 96 86 122 130 61 139 94 103 66 88 129 122 262 60 72 76 1200 75 75 448 204 482
internal_value=-0.000665739 -0.00278828 -0.0057309 -0.00833333 0.00109649 -0.000416389 -0.000573422 0.0020073 0 -0.0004683 -0.00190387 -0.00276141 -0.00349916 -0.00263158 -0.00388041 -0.00139594 -0.00637755 -0.000126375 -0.00257009 -0.000498008 0.000131492 -0.00180851 -0.00530303 -0.000443787 0.000486003 0.00383436 0.000259444 0.0011373 0.00266097 0.00130162
internal_weight=5032 529 301 198 228 4503 4229 274 194 4164 801 679 593 532 393 197 196 3363 321 251 3042 470 132 338 2572 163 2409 1209 761 557
internal_count=5032 529 301 198 228 4503 4229 274 194 4164 801 679 593 532 393 197 196 3363 321 251 3042 470 132 338 2572 163 2409 1209 761 557
is_linear=0
shrinkage=0.05


Tree=109
num_leaves=31
num_cat=0
split_feature=1 7 9 9 4 6 1 0 9 3 11 0 0 0 6 3 6 8 8 4 0 0 2 1 9 9 5 2 9 0
split_gain=1.18182 1.46162 0.601673 1.22507 1.04489 2.23853 1.24565 1.65089 1.29751 1.1501 0.873467 0.845509 1.13702 2.02982 1.89277 1.76343 1.11194 1.03322 1.47245 1.24078 1.77393 0.853358 0.833333 0.784341 0.757978 0.754499 0.758721 1.37443 1.52536 2.92972
threshold=3.3903550000000008e-05 1.0000000180025095e-35 1456.5000000000002 1505.5000000000002 48.775300000000009 0.014564550000000001 0.013081800000000003 5.4923700000000011 436.00000000000006 2.5000000000000004 6.5000000000000009 8.6375250000000019 3.0268650000000004 3.6853600000000006 0.0036697900000000005 4.5000000000000009 0.04153165000000001 12.075000000000001 16.491650000000003 0.090000550000000012 0.96284300000000012 1.0615350000000003 2.3903200000000004 0.038444500000000006 1165.5000000000002 1544.5000000000002 2.7836250000000002 1.2622250000000002 1876.5000000000002 2.0841500000000006
decision_type=2 2 2 2 2 2 2 2 2 2 2 2 2 2 2 2 2 2 2 2 2 2 2 2 2 2 2 2 2 2
left_child=1 -1 4 -4 6 10 8 9 -2 -8 -6 12 16 -14 -15 -16 17 19 24 21 -21 -10 -22 25 -19 -5 27 28 29 -27
right_child=2 -3 3 23 5 -7 7 -9 11 -11 -12 -13 13 14 15 -17 -18 18 -20 20 22 -23 -24 -25 -26 26 -28 -29 -30 -31
leaf_value=-3.2547236439091144e-07 0.00048952261668126773 -1.0500115354484897e-05 0.00014196006364985728 -0.00021158785657837827 0.00014195875313018793 0.002701457099886867 -0.0022544725775187385 -0.0009473225118906939 1.5107048661326673e-05 0.0015181645592523829 -0.00042201573252982323 4.8685946675456131e-05 -0.0003178162567951785 -0.0001150693627666493 -9.4959951578031795e-05 0.00013459279196809947 0.0011472484135529922 -0.00039259718533624587 1.6923115156285055e-05 0.00023892310378703513 -0.00014009564291014363 0.00029503013662879107 -6.1894256858021412e-05 0.002739146178163428 -7.0057806989790554e-05 -0.0003157323545349352 -3.2362224912382832e-05 6.2432570113365657e-05 2.9680505587127533e-06 1.6404133927195273e-05
leaf_weight=82 63 66 97 83 71 63 61 120 111 107 69 102 93 76 116 72 60 63 85 145 60 83 60 72 61 80 1417 505 791 98
leaf_count=82 63 66 97 83 71 63 61 120 111 107 69 102 93 76 116 72 60 63 85 145 60 83 60 72 61 80 1417 505 791 98
internal_value=-0.000665739 -0.00506757 -0.000532351 -0.000119313 -0.001278 0.0020936 -0.00172302 -0.0046875 -0.00104 -0.0014881 -0.00142857 -0.00141112 -0.00182028 -0.00413165 -0.00189394 0.000797872 -0.000686813 -0.00127246 -0.0041866 5.44662e-05 -0.00216981 0.00309278 -0.00666667 -0.000295469 -0.00766129 -0.000420309 -0.000285368 0.00050882 -0.000593395 -0.00477528
internal_weight=5032 148 4884 3143 1741 203 1538 288 1250 168 140 1187 1085 357 264 188 728 668 209 459 265 194 120 3046 124 2974 2891 1474 969 178
internal_count=5032 148 4884 3143 1741 203 1538 288 1250 168 140 1187 1085 357 264 188 728 668 209 459 265 194 120 3046 124 2974 2891 1474 969 178
is_linear=0
shrinkage=0.05


Tree=110
num_leaves=31
num_cat=0
split_feature=1 6 4 6 5 0 11 9 1 6 9 4 0 1 8 3 4 0 10 2 3 10 0 9 4 4 10 11 1 1
split_gain=1.02315 0.988806 1.01617 0.66801 1.12244 0.672046 0.530278 0.996808 0.751525 1.44348 0.754709 0.900685 0.869531 0.745069 0.689736 0.980527 0.754505 0.610771 0.643983 1.51036 2.2466 0.925709 1.07935 0.708524 0.804441 1.33273 1.10864 1.27338 1.25557 1.35637
threshold=0.00010215500000000001 0.00023798750000000003 0.15960250000000001 0.00017186800000000002 3.6965350000000003 -0.23639949999999996 1.0000000180025095e-35 1034.5000000000002 0.00025803050000000003 0.0011952750000000002 3359.5000000000005 2.7540500000000003 1.0000000180025095e-35 0.0017477950000000001 10.408350000000002 3.5000000000000004 0.13389100000000001 0.18333800000000003 14.500000000000002 2.2832100000000004 9.5000000000000018 11.500000000000002 50.706700000000005 3254.5000000000005 0.0074158300000000009 0.031780750000000003 8.5000000000000018 12.500000000000002 0.029931300000000004 0.0093748950000000029
decision_type=2 2 2 2 2 2 2 2 2 2 2 2 2 2 2 2 2 2 2 2 2 2 2 2 2 2 2 2 2 2
left_child=1 2 -1 4 -2 -5 7 -7 9 -8 12 13 -10 -12 -9 16 -16 -14 21 -20 -21 22 23 24 -19 -26 28 -28 29 -27
right_child=3 -3 -4 5 -6 6 8 14 10 -11 11 -13 17 -15 15 -17 -18 18 19 20 -22 -23 -24 -25 25 26 27 -29 -30 -31
leaf_value=1.0228034779419237e-06 -0.00010343065421928709 -6.2395342621969534e-05 -2.8136820527638022e-06 0.00033965736198420231 6.4322082473447062e-07 -0.00017255601629634424 -9.5793115633634784e-06 0.00014016035346841362 -0.00040091494590333211 5.9992553139421193e-05 0.00015722639842881867 -0.0001706950221020769 0.0014511638321700563 1.2309300377991379e-05 -6.8580200735507871e-05 -4.4415828326022994e-05 0.00020524651300965165 1.5276942071890164e-05 1.8329667623405781e-05 -0.00063057793831493888 -2.4682238907815584e-05 0.00015128874372170875 0.0017809733935044343 -0.00021760695130192375 -0.00022019476107463886 -2.1755499508085975e-06 -7.4457634940150894e-05 -0.00028858564928613961 0.0076674900906932991 -0.00046236703199686592
leaf_weight=101 67 91 76 79 60 91 90 108 117 67 76 67 95 88 74 78 60 720 92 88 86 112 65 70 136 1552 82 72 69 403
leaf_count=101 67 91 76 79 60 91 90 108 117 67 76 67 95 88 74 78 60 720 92 88 86 112 65 70 136 1552 82 72 69 403
internal_value=-0.000725358 -0.00373134 -0.00155367 -0.000556255 -0.00413386 -0.00045827 -0.000537516 -0.00225061 -0.000367736 0.00302548 -0.000501253 0.00227273 -0.000671721 0.00426829 -0.0009375 -0.00259434 0 -0.00053542 -0.000641387 -0.00300752 -0.00574713 -0.000449558 -0.000607447 -0.000740979 -0.000626236 -0.00108038 -0.000780533 -0.00487013 -0.000469368 -0.000703325
internal_weight=5032 268 177 4764 127 4637 4558 411 4147 157 3990 231 3759 164 320 212 134 3642 3547 266 174 3281 3169 3104 3034 2314 2178 154 2024 1955
internal_count=5032 268 177 4764 127 4637 4558 411 4147 157 3990 231 3759 164 320 212 134 3642 3547 266 174 3281 3169 3104 3034 2314 2178 154 2024 1955
is_linear=0
shrinkage=0.05


Tree=111
num_leaves=31
num_cat=0
split_feature=1 6 4 6 5 1 8 8 9 3 4 0 3 0 3 12 5 0 10 9 6 9 12 7 9 12 0 7 4 5
split_gain=0.814805 0.908199 0.848986 0.679819 1.12244 0.600009 0.687774 1.62204 0.60849 1.34931 1.33774 0.60618 0.604134 1.49465 0.790568 2.56274 0.890502 1.29282 1.58589 1.78083 1.35676 1.21887 1.38175 1.2628 1.20883 1.15787 1.64137 1.00853 1.82977 1.09106
threshold=0.00010215500000000001 0.00023798750000000003 0.15960250000000001 0.00017186800000000002 3.6965350000000003 0.00033529700000000008 15.175000000000002 10.725000000000001 632.50000000000011 5.5000000000000009 0.12930150000000004 1.5992300000000002 12.500000000000002 6.0727500000000001 9.5000000000000018 3.5000000000000004 6.2904850000000012 21.731150000000003 14.500000000000002 3169.5000000000005 0.0079665500000000011 2642.0000000000005 2.5000000000000004 0.015075000000000002 764.50000000000011 3.5000000000000004 2.3633400000000004 -0.017787099999999997 0.80839400000000006 2.3675650000000004
decision_type=2 2 2 2 2 2 2 2 2 2 2 2 2 2 2 2 2 2 2 2 2 2 2 2 2 2 2 2 2 2
left_child=1 2 -1 4 -2 6 7 -5 9 10 -7 -8 14 -14 16 -16 24 18 19 21 -19 22 23 -18 -10 -24 -27 28 29 -26
right_child=3 -3 -4 5 -6 8 11 -9 12 -11 -12 -13 13 -15 15 -17 17 20 -20 -21 -22 -23 25 -25 27 26 -28 -29 -30 -31
leaf_value=9.7166330404482946e-07 -9.82591215083227e-05 -5.927557549087106e-05 -2.6729979501256116e-06 1.504225757702352e-05 6.1105978349774734e-07 4.0491057485801845e-06 6.4441080771240243e-05 -0.00012247942735195619 0.0016709648268850852 0.00016009078072268398 -0.00036351100205024892 1.4863421744242781e-06 0.00037628409999653417 -7.2510913337515802e-05 -0.00033252802500472861 6.3501772655661214e-05 -0.00060057586952686967 0.00083233696759273427 -0.00058003767964514012 -0.00023266212362914578 -0.00051517399927987213 7.695791136624548e-05 0.00022989876749559868 -6.4759381740542302e-05 0.00055772764086770813 -0.00046565736404005609 5.9086044706661846e-06 -9.7894507037335801e-06 0.0013941822905957101 -0.00027222263616609281
leaf_weight=101 67 91 76 117 60 90 62 63 75 89 137 65 91 78 110 80 71 67 61 83 64 113 107 63 232 85 195 2064 75 300
leaf_count=101 67 91 76 117 60 90 62 63 75 89 137 65 91 78 110 80 71 67 61 83 64 113 107 63 232 85 195 2064 75 300
internal_value=-0.000675676 -0.00335821 -0.00127119 -0.000524769 -0.00413386 -0.000425922 0.0017101 -0.000277778 -0.000577367 -0.00268987 -0.00473568 0.00452756 -0.000411061 0.00251479 -0.000539662 -0.00368421 -0.000376197 -0.00173267 -0.00250643 -0.00184798 0.0028626 -0.000946372 -0.00196737 -0.00634328 7.28332e-05 -0.000452196 -0.00214286 -0.000102958 0.00168863 0.000657895
internal_weight=5032 268 177 4764 127 4637 307 180 4330 316 227 127 4014 169 3845 190 3655 909 778 717 131 634 521 134 2746 387 280 2671 607 532
internal_count=5032 268 177 4764 127 4637 307 180 4330 316 227 127 4014 169 3845 190 3655 909 778 717 131 634 521 134 2746 387 280 2671 607 532
is_linear=0
shrinkage=0.05


Tree=112
num_leaves=31
num_cat=0
split_feature=1 6 4 6 5 5 6 0 6 6 0 2 4 2 1 6 1 3 10 0 0 5 5 8 7 15 2 2 7 7
split_gain=0.802778 0.908199 0.848986 0.671935 1.12244 0.690792 1.66194 1.37745 2.10911 2.55255 0.985793 0.888516 1.32778 0.877166 0.861665 0.701864 0.695764 0.92883 1.368 1.21113 1.39127 0.816763 1.10822 1.0938 1.26087 0.810085 1.00397 0.799291 0.78691 1.25943
threshold=0.00010215500000000001 0.00023798750000000003 0.15960250000000001 0.00017186800000000002 3.6965350000000003 0.034263250000000009 0.0027928250000000005 3.4427550000000005 0.022984250000000001 0.0062810300000000008 6.1698400000000015 0.089246550000000022 0.3143645000000001 0.14293100000000003 0.0018895950000000002 0.36922900000000008 0.038444500000000006 7.5000000000000009 3.5000000000000004 1.7540750000000003 3.9205900000000002 10.233650000000003 9.0387150000000016 7.8083350000000005 -0.071445549999999983 1.0000000180025095e-35 10.187050000000001 14.128900000000002 -0.013332949999999998 -0.0084486399999999986
decision_type=2 2 2 2 2 2 2 2 2 2 2 2 2 2 2 2 2 2 2 2 2 2 2 2 2 2 2 2 2 2
left_child=1 2 -1 4 -2 6 -5 8 9 -8 -9 12 -7 -13 -14 16 17 21 -19 -20 -21 22 27 -23 -25 26 -22 28 -15 -30
right_child=3 -3 -4 5 -6 11 7 10 -10 -11 -12 13 14 15 -16 -17 -18 18 19 20 25 23 -24 24 -26 -27 -28 -29 29 -31
leaf_value=9.2308013884258799e-07 -9.3346165432906493e-05 -5.6311796716327511e-05 -2.5393480526193312e-06 0.00010228069681463975 5.8050679432286034e-07 -0.00015816290218745042 -0.0002086419385141836 0.0002844256986697903 -0.00022563139527018023 0.00019765381751094479 -2.4978749489632012e-05 0.00016875072309058324 -5.3669151199105215e-05 8.1634460904512782e-05 0.00022876037534944136 -0.0021611662063738186 0.0013643365012800765 -0.0001626602748277978 -0.00033868909296212837 0.0003214669708199146 4.3458801779409915e-06 -0.00033274527516361483 0.00055395407479815059 -0.0007248026481182614 7.5011537515507628e-06 2.2120779600446826e-05 -0.00035517028453082303 -0.00020441094990987019 -0.00013673732568830527 -2.1435045353557919e-06
leaf_weight=101 67 91 76 105 60 63 62 75 79 103 64 107 74 680 60 65 79 102 77 72 63 66 85 68 263 73 69 170 136 1777
leaf_count=101 67 91 76 105 60 63 62 75 79 103 64 107 74 680 60 65 79 102 77 72 63 66 85 68 263 73 69 170 136 1777
internal_value=-0.000695548 -0.00335821 -0.00127119 -0.00054576 -0.00413386 -0.000447488 0.00133197 -0.000195822 -0.00245902 0.000757576 0.00377698 -0.000656785 -0.00393401 -0.000493421 -0.0011194 -0.000617685 -0.000529101 -0.000628209 -0.00274123 -0.00127119 0.000270758 -0.000331279 -3.51124e-05 -0.00245592 -0.00128399 -0.00182927 -0.00416667 -0.000208107 9.64134e-06 -0.000509671
internal_weight=5032 268 177 4764 127 4637 488 383 244 165 139 4149 197 3952 134 3845 3780 3701 456 354 277 3245 2848 397 331 205 132 2763 2593 1913
internal_count=5032 268 177 4764 127 4637 488 383 244 165 139 4149 197 3952 134 3845 3780 3701 456 354 277 3245 2848 397 331 205 132 2763 2593 1913
is_linear=0
shrinkage=0.05


Tree=113
num_leaves=31
num_cat=0
split_feature=2 0 0 9 9 0 4 5 9 8 9 7 6 2 1 5 7 1 11 8 1 0 0 7 7 5 4 0 15 6
split_gain=0.866028 0.544353 0.829272 1.62436 1.34751 0.589789 1.76792 1.28306 0.544614 1.97701 1.12266 2.7251 0.762343 0.742415 2.0285 2.00373 1.37334 1.20778 2.29531 1.73012 1.56837 2.46232 1.28954 1.14166 1.1351 1.15658 1.09673 1.08244 1.11516 1.06454
threshold=0.00015435000000000001 -0.40238699999999994 -1.0000000180025095e-35 2341.5000000000005 1065.5000000000002 0.22869500000000001 0.019858700000000003 3.0609000000000006 1876.5000000000002 28.008300000000002 2101.0000000000005 0.016120100000000002 0.0078729150000000012 3.2098850000000003 0.00039793150000000003 3.0609000000000006 0.0059184650000000012 0.0028850650000000005 15.500000000000002 8.1916650000000022 0.020630250000000006 5.9903050000000011 14.442950000000002 -0.062753199999999981 -0.0051625349999999993 5.2051250000000007 0.0010524400000000002 5.1490800000000005 1.0000000180025095e-35 0.014564550000000001
decision_type=2 2 2 2 2 2 2 2 2 2 2 2 2 2 2 2 2 2 2 2 2 2 2 2 2 2 2 2 2 2
left_child=-1 -2 3 4 -3 6 -4 -8 9 13 11 12 -10 15 -15 16 23 18 19 -16 22 -22 -19 -7 -21 -26 -25 28 -18 -28
right_child=1 2 5 -5 -6 8 7 -9 10 -11 -12 -13 -14 14 17 -17 27 20 -20 24 21 -23 -24 26 25 -27 29 -29 -30 -31
leaf_value=-5.177679295969226e-05 0.00026306580323740551 -2.7598872630335629e-05 -3.9092960367120414e-05 3.7592234418893668e-05 -0.00014469184607741206 0.0022912651990417143 9.2690595331833347e-07 0.0024462109652163416 0.00013945860629946226 -0.00020705960031583678 -3.7838510342569961e-06 -0.00042667608950974143 0.00028136702068111207 6.9939026292172387e-05 0.00035921779514822217 -0.00037730241631642322 -0.00018138978547958611 8.3841563110471771e-05 -0.00024178966909154184 9.2063482549480926e-06 0.0019571137168382666 -0.0014757574603244282 0.00040841602009242896 2.3505469546107344e-05 -0.00030343854604136908 -0.00012418287325223731 -2.5105641173621233e-05 0.00036219127578294156 8.7632748635677407e-05 -0.00033720787539315479
leaf_weight=60 62 76 60 94 120 77 72 65 114 63 1940 71 70 78 71 73 126 508 87 102 68 80 78 104 61 66 313 85 100 88
leaf_count=60 62 76 60 94 120 77 72 65 114 63 1940 71 70 78 71 73 126 508 87 102 68 80 78 104 61 66 313 85 100 88
internal_value=-0.000695548 -0.000623492 -0.000682281 -0.00327586 -0.00586735 -0.000519481 0.00215736 0.00529197 -0.000638707 -0.00118941 -7.97267e-05 0.00303922 0.00625 -0.000935335 -0.000104254 -0.00196687 -0.00131579 -0.000646744 -0.00290698 -0.000833333 0.000544959 -0.00405405 0.00170648 -0.00274914 -0.0029476 -0.00610236 -0.00361386 0.00136656 -0.000442478 -0.0048005
internal_weight=5032 4972 4910 290 196 4620 197 137 4423 2228 2195 255 184 2165 1199 966 893 1121 387 300 734 148 586 582 229 127 505 311 226 401
internal_count=5032 4972 4910 290 196 4620 197 137 4423 2228 2195 255 184 2165 1199 966 893 1121 387 300 734 148 586 582 229 127 505 311 226 401
is_linear=0
shrinkage=0.05


Tree=114
num_leaves=31
num_cat=0
split_feature=2 6 4 9 5 9 11 12 10 4 3 7 1 7 11 6 2 9 2 0 7 9 11 2 1 7 3 10 12 12
split_gain=0.651128 0.552143 2.48764 1.35587 1.54288 0.903555 0.731214 0.579137 0.438891 0.425722 1.04398 0.80511 0.773699 0.892843 0.714021 1.47459 1.01369 0.715668 1.51844 1.34865 0.750713 0.688689 0.678049 1.53113 1.48661 1.27528 1.55775 1.25724 2.0756 1.78759
threshold=0.00015435000000000001 0.00048937300000000009 0.094432250000000009 2992.0000000000005 2.3675650000000004 2679.5000000000005 6.5000000000000009 3.5000000000000004 31.500000000000004 140.14300000000003 2.5000000000000004 0.54980750000000012 0.038444500000000006 -0.18084649999999997 1.0000000180025095e-35 0.0020588650000000004 6.4199150000000005 3099.0000000000005 0.72113600000000011 5.2154950000000015 -0.14253949999999996 3301.5000000000005 13.500000000000002 0.12679150000000003 0.01503955 0.0039890750000000008 7.5000000000000009 2.5000000000000004 3.5000000000000004 2.5000000000000004
decision_type=2 2 2 2 2 2 2 2 2 2 2 2 2 2 2 2 2 2 2 2 2 2 2 2 2 2 2 2 2 2
left_child=-1 2 5 4 -4 7 -6 -2 9 11 -11 12 13 -3 15 -15 -17 20 21 -20 -16 -19 25 -24 -25 26 -22 29 -29 -27
right_child=1 8 3 -5 6 -7 -8 -9 -10 10 -12 -13 -14 14 17 16 -18 18 19 -21 22 -23 23 24 -26 27 -28 28 -30 -31
leaf_value=-4.9187953311707652e-05 0.00010511662041504753 -0.00064236991551318973 -4.7372133293924787e-05 2.2473417895462451e-06 9.6127622383655944e-07 -8.9213592118307007e-06 -1.779456869202357e-05 3.1223950359660134e-06 8.7415265664701937e-05 -0.00011846370211834219 0.0015215679487210955 -0.0015561835106044351 0.0049868637948739629 2.2732710159137729e-05 0.0010675186073027363 -2.385035911494013e-05 -0.00038842363070743847 0.00016646474599669645 -0.00012468660953909418 6.1372742527379163e-05 -1.4971131560329726e-05 4.1297699731860949e-05 -0.00011871427833056456 -2.1829795621807271e-06 -0.0012956954495819762 0.0023013945616138002 -0.00021366380884767821 -0.00021394758841852981 0.00011446831850006195 2.5843969543036353e-05
leaf_weight=60 62 83 86 69 61 79 85 70 91 82 75 66 80 77 60 231 60 78 201 114 891 70 173 941 96 106 122 233 229 301
leaf_count=60 62 83 86 69 61 79 85 70 91 82 75 66 80 77 60 231 60 78 201 114 891 70 173 941 96 106 122 233 229 301
internal_value=-0.000655803 -0.000593323 -0.00214844 -0.00506645 -0.00689655 0.00201422 -0.00376712 0.00454545 -0.000414798 -0.000486381 0.00207006 -0.000581671 -0.000494452 -0.000590261 -0.000483304 -0.00258152 -0.00420962 -0.00026971 0.00156587 -0.000396825 -0.00053934 0.00574324 -0.000646831 -0.00157025 -0.00084378 -5.3135e-05 -0.00125864 0.00135213 -0.0004329 0.00337838
internal_weight=5032 4972 512 301 232 211 146 132 4460 4369 157 4212 4146 4066 3983 368 291 3615 463 315 3152 148 3092 1210 1037 1882 1013 869 462 407
internal_count=5032 4972 512 301 232 211 146 132 4460 4369 157 4212 4146 4066 3983 368 291 3615 463 315 3152 148 3092 1210 1037 1882 1013 869 462 407
is_linear=0
shrinkage=0.05


Tree=115
num_leaves=31
num_cat=0
split_feature=6 4 7 11 8 9 3 2 0 3 12 3 1 1 9 1 4 7 0 4 0 2 5 2 2 1 1 0 11 2
split_gain=0.525471 1.66511 1.17657 1.24311 0.813657 2.07322 0.609654 1.29291 2.00826 0.942482 1.32181 0.669444 1.93462 1.84501 1.1535 1.45094 1.52188 0.948802 0.940674 1.79145 1.14041 0.684792 0.869951 1.06113 2.13795 1.1619 1.09964 1.07235 1.16697 1.01026
threshold=0.00048937300000000009 0.094432250000000009 -2.5607499999999995e-05 3.5000000000000004 9.6083350000000021 2273.5000000000005 11.500000000000002 7.6649800000000008 4.1956550000000012 9.5000000000000018 3.5000000000000004 5.5000000000000009 0.024024250000000004 0.014469800000000001 632.50000000000011 0.010441600000000002 0.10881300000000001 -0.029902849999999998 1.6994300000000002 2.6256600000000003 3.9205900000000002 0.0018792800000000003 2.9968350000000004 4.3387600000000015 2.4664950000000005 0.021279800000000005 0.014103750000000002 2.0841500000000006 17.500000000000004 12.580600000000002
decision_type=2 2 2 2 2 2 2 2 2 2 2 2 2 2 2 2 2 2 2 2 2 2 2 2 2 2 2 2 2 2
left_child=1 4 -3 -4 -1 -6 9 8 -8 11 -11 14 13 17 15 16 -2 -13 -19 20 -20 -16 -23 24 -24 26 27 28 29 -25
right_child=6 2 3 -5 5 -7 7 -9 -10 10 -12 12 -14 -15 21 -17 -18 18 19 -21 -22 22 23 25 -26 -27 -28 -29 -30 -31
leaf_value=6.4952526137984889e-05 9.7409970097467677e-05 -1.4421328334629427e-07 -1.7447538345301332e-06 -5.4374598285277424e-05 3.8843943117635956e-05 -2.0212994658550378e-05 0.00010899679832089212 0.00064483726296972075 -0.00021275029221248971 -0.00032399898610563214 5.2848573850823589e-05 0.0012085735985863594 0.0038305887094531726 -0.0011451671391725844 -7.2045697173578639e-05 -0.0012302180469689142 -0.00015514183264486454 0.00011921082306396124 -2.9235520246095536e-05 -0.00018782831703534231 7.275099799487212e-05 6.0892329530070656e-06 0.00010083625610677158 0.00074204040814272666 -0.00042938737679538519 -0.0016023261081368494 0.0013241562901086853 -5.0316686330542736e-05 -0.00028783055842449505 -0.00023293386771498122
leaf_weight=74 67 96 67 138 73 81 103 88 83 78 62 68 83 83 118 60 110 119 69 112 112 1532 66 237 83 86 81 864 64 75
leaf_count=74 67 96 67 138 73 81 103 88 83 78 62 68 83 83 118 60 110 119 69 112 112 1532 66 237 83 86 81 864 64 75
internal_value=-0.00063593 -0.00212665 -0.00456811 -0.00670732 0.00109649 -0.000974026 -0.000460804 0.00182482 -0.000537634 -0.000608891 -0.00464286 -0.000470775 0.00100619 -4.4405e-05 -0.000747894 -0.00411392 -0.00183616 0.00114583 0.000242718 -0.00127986 0.00179558 -0.000499064 -0.000356218 -0.00118895 -0.00520134 -0.000764037 -0.000397426 -0.000766129 0.00146277 0.00272436
internal_weight=5032 529 301 205 228 154 4503 274 186 4229 140 4089 646 563 3443 237 177 480 412 293 181 3206 3088 1556 149 1407 1321 1240 376 312
internal_count=5032 529 301 205 228 154 4503 274 186 4229 140 4089 646 563 3443 237 177 480 412 293 181 3206 3088 1556 149 1407 1321 1240 376 312
is_linear=0
shrinkage=0.05


Tree=116
num_leaves=31
num_cat=0
split_feature=8 5 6 2 8 2 9 1 4 3 1 7 10 8 4 7 12 3 7 6 9 8 6 6 1 8 9 9 0 8
split_gain=0.59015 1.42856 1.38566 1.31882 1.3176 1.8023 1.62812 1.95017 1.50727 1.27928 1.12848 1.0087 0.908582 2.06912 1.63146 2.43441 1.12154 0.968373 1.28947 0.743238 0.669686 0.664535 2.27427 0.728749 1.20155 1.00044 0.859158 1.35056 1.62668 0.75205
threshold=24.200000000000003 0.028821200000000002 8.4206600000000011e-06 0.12679150000000003 42.183350000000011 0.45801850000000005 2359.5000000000005 0.0014503450000000002 3.3005550000000006 3.5000000000000004 0.0043913700000000012 1.0000000180025095e-35 11.500000000000002 7.4916650000000002 1.1174250000000001 -0.0010345749999999998 4.5000000000000009 10.500000000000002 0.0088846100000000029 0.0017816250000000002 3021.5000000000005 22.241650000000003 0.0079665500000000011 0.033446850000000007 0.01503955 7.0250000000000012 1844.0000000000002 1399.5000000000002 2.8435100000000006 19.791650000000004
decision_type=2 2 2 2 2 2 2 2 2 2 2 2 2 2 2 2 2 2 2 2 2 2 2 2 2 2 2 2 2 2
left_child=2 11 -1 -3 5 -5 7 19 -6 20 -9 -2 17 -14 15 -15 -16 21 -19 -7 -8 23 -23 24 29 -25 27 28 -27 -4
right_child=1 3 12 4 8 6 9 10 -10 -11 -12 -13 13 14 16 -17 -18 18 -20 -21 -22 22 -24 25 -26 26 -28 -29 -30 -31
leaf_value=-1.8166830902106493e-05 0.00013830155217412298 -9.397405471931448e-05 -2.0934119851667016e-05 0.00026324999512889906 -8.6428011391386566e-05 -2.4626237978043338e-06 0.0017676795045110654 -0.00036471874774155773 0.00038050152701840021 -7.6215418691880267e-05 -0.0004990403657854595 6.9292546677254124e-06 -0.00016406766197668457 6.4273088889793895e-05 0.00046297600746460433 -0.00010284673549143418 8.1257273000956922e-05 -0.00014005327318529232 6.3991115401840215e-06 0.0001325510166129144 4.6940875616650646e-05 -4.4604203578798095e-05 0.00011461596672599994 -0.00048999131746167094 -0.0012204895119812612 0.0024454890825794913 0.0020034382218567814 -0.00035369874524371694 -0.00021475942292749283 2.4167186053052299e-05
leaf_weight=68 70 81 2497 64 138 62 63 65 62 66 116 68 66 118 99 76 61 85 61 61 60 107 80 62 107 91 116 63 117 182
leaf_count=68 70 81 2497 64 138 62 63 65 62 66 116 68 66 118 99 76 61 85 61 61 60 107 80 62 107 91 116 63 117 182
internal_value=-0.000745231 0.000358607 -0.00101085 -0.000417661 0.000231176 0.00148115 0.000456389 -0.00180921 -0.00325 0.00410053 -0.0051105 0.00507246 -0.000890171 0.00130952 0.00282486 -0.000257732 0.0065625 -0.0011491 -0.00513699 0.00304878 0.00711382 -0.00097896 -0.00387701 -0.000811437 -0.00111271 0.00105791 0.00200258 0.000461255 0.00240385 -0.000905189
internal_weight=5032 976 4056 838 757 557 493 304 200 189 181 138 3988 420 354 194 160 3568 146 123 123 3422 187 3235 2786 449 387 271 208 2679
internal_count=5032 976 4056 838 757 557 493 304 200 189 181 138 3988 420 354 194 160 3568 146 123 123 3422 187 3235 2786 449 387 271 208 2679
is_linear=0
shrinkage=0.05


Tree=117
num_leaves=31
num_cat=0
split_feature=6 10 9 10 0 1 10 8 0 10 6 3 4 6 6 8 6 5 1 3 4 4 2 2 2 3 1 9 9 9
split_gain=0.944094 0.448296 1.65782 1.54566 1.04593 0.74013 0.700239 1.06855 0.691503 0.679117 1.26131 1.37285 1.36717 0.921515 2.33521 1.20509 0.76354 1.34334 1.81455 1.08341 0.747903 1.33883 0.991695 2.77901 1.50092 1.29069 0.855733 1.19478 2.47193 1.65678
threshold=8.4206600000000011e-06 16.500000000000004 917.50000000000011 14.500000000000002 9.8804450000000017 0.0017477950000000001 11.500000000000002 16.025000000000002 50.706700000000005 3.5000000000000004 0.099132800000000007 7.5000000000000009 0.32524800000000004 0.031815700000000009 0.11856900000000002 17.325000000000006 0.030416250000000002 1.3952250000000002 0.012447850000000002 4.5000000000000009 99.636550000000014 23.927300000000002 1.0162650000000004 0.27754150000000005 2.9618650000000004 4.5000000000000009 0.0088221450000000017 2101.0000000000005 1362.5000000000002 2757.5000000000005
decision_type=2 2 2 2 2 2 2 2 2 2 2 2 2 2 2 2 2 2 2 2 2 2 2 2 2 2 2 2 2 2
left_child=-1 3 -3 6 5 -4 8 -8 9 10 11 16 -12 20 15 -15 19 -18 -19 -2 21 22 23 25 -24 -11 27 28 -26 -29
right_child=1 2 4 -5 -6 -7 7 -9 -10 13 12 -13 -14 14 -16 -17 17 18 -20 -21 -22 -23 24 -25 26 -27 -28 29 -30 -31
leaf_value=-4.5144035984058186e-06 -5.3909298652168241e-06 -0.00035551628862737439 0.00021945940169372307 -0.00014384334681097807 -1.5199955797963111e-05 0.00012452021538476786 0.00032500021891266305 -1.3704959187594546e-05 0.00090560084424018764 -7.727961405134855e-05 0.0023232146284505165 -0.00013305060952602775 -0.00011923543505070051 0.002418043446740889 -0.0012540517477912635 -0.00010382068518677741 -0.00039481053078527662 0.005006396721651425 -0.00087708792940501738 0.00011429698790334648 1.8897609363779934e-05 -0.00020243273317887452 7.2775613135125415e-05 -7.7154778739687955e-05 -3.842373924860254e-05 0.00010723208162475607 -0.00075568354061843147 -0.00011010045403431461 0.00076220012891369156 3.7566599506107334e-06
leaf_weight=89 2106 61 60 76 90 83 90 62 78 121 67 141 68 106 93 78 142 72 92 197 99 109 113 123 119 93 134 82 77 111
leaf_count=89 2106 61 60 76 90 83 90 62 78 121 67 141 68 106 93 78 142 72 92 197 99 109 113 123 119 93 134 82 77 111
internal_value=-0.000794913 -0.000703014 0.00119048 -0.000822758 0.00311159 0.00576923 -0.000705226 0.00263158 -0.00081995 -0.000903753 -0.000459272 -0.000690909 0.00425926 -0.00178326 0.000812274 0.00407609 -0.0004312 -0.00277778 0.000304878 -0.000119409 -0.00239204 -0.00277264 -0.00218397 -0.00437685 -0.00102201 -0.000934579 -0.00215105 -0.00096401 0.00178571 -0.00375648
internal_weight=5032 4943 294 4649 233 143 4573 152 4421 4343 2885 2750 135 1458 277 184 2609 306 164 2303 1181 1082 973 337 636 214 523 389 196 193
internal_count=5032 4943 294 4649 233 143 4573 152 4421 4343 2885 2750 135 1458 277 184 2609 306 164 2303 1181 1082 973 337 636 214 523 389 196 193
is_linear=0
shrinkage=0.05


Tree=118
num_leaves=31
num_cat=0
split_feature=6 6 9 0 3 3 5 1 5 5 4 7 7 4 0 0 13 7 0 4 2 10 2 4 8 2 2 6 6 12
split_gain=0.955154 1.04667 0.647502 1.11568 0.523242 1.46954 0.895414 1.26994 0.60602 1.27015 1.16842 0.981401 0.875512 1.18194 0.9511 1.16342 2.06174 1.14206 1.10038 1.4159 1.46263 0.882358 0.870859 0.845047 0.819278 1.21808 1.67424 0.933333 2.85764 1.30847
threshold=8.4206600000000011e-06 4.5814600000000007e-05 3722.5000000000005 4.0731000000000011 11.500000000000002 10.500000000000002 4.9304500000000013 0.0033885250000000003 10.233650000000003 14.408250000000001 3.4466150000000004 0.029568500000000005 -0.015606399999999998 1.2741100000000001 2.4343950000000008 0.85170850000000009 1.0000000180025095e-35 -0.022662449999999997 3.9605100000000006 0.32524800000000004 3.6031700000000004 16.500000000000004 9.7846550000000025 0.32524800000000004 9.0250000000000004 12.580600000000002 8.695470000000002 0.022984250000000001 0.010485300000000001 3.5000000000000004
decision_type=2 2 2 2 2 2 2 2 2 2 2 2 2 2 2 2 2 2 2 2 2 2 2 2 2 2 2 2 2 2
left_child=-1 -2 4 -4 5 8 7 -6 12 10 -10 23 13 14 15 -3 -17 18 -16 20 -20 24 -22 -11 25 26 27 28 29 -14
right_child=1 2 3 -5 6 -7 -8 -9 9 11 -12 -13 21 -15 17 16 -18 -19 19 -21 22 -23 -24 -25 -26 -27 -28 -29 -30 -31
leaf_value=-4.2886834184855285e-06 2.5764345053061522e-06 -0.00029477654475859718 -6.7101591019581359e-05 5.9495492576662378e-06 1.9841604611039405e-05 -0.00021412877750801455 0.00054185091933301041 -0.00045021701782123753 -0.00033255985956937278 -8.1269359129636854e-06 3.455478351177769e-05 -0.00030926890175652505 3.074411556849915e-05 0.0016085440301951658 -0.00072583574074245845 0.0018481732963041388 -0.00022572029111695772 8.1106416525003784e-05 0.0015587664565495001 -0.00025712670746323648 -0.00033777878830336465 2.3464856844373368e-05 0.00025289098562080136 0.00019166697307798874 -2.981824115789178e-05 0.00051767614153537913 -0.00019496637913314662 -0.00033146599735649315 0.0011720721331470408 -5.5037034879886707e-05
leaf_weight=89 80 107 82 68 98 68 101 77 145 100 63 89 266 77 121 121 75 72 62 73 77 84 107 61 2107 66 90 112 98 196
leaf_count=89 80 107 82 68 98 68 101 77 145 100 63 89 266 77 121 121 75 72 62 73 77 84 107 61 2107 66 90 112 98 196
internal_value=-0.000765103 -0.000672668 -0.000765988 -0.004 -0.00066306 -0.000794456 0.00144928 -0.000714286 -0.000680934 -0.00240175 -0.00528846 0 -0.000479417 0.000896861 0.000337423 0.00255776 0.00484694 -0.000976562 -0.00193182 -0.00039185 0.00142276 -0.000886055 -0.000815217 0.00232919 -0.00103066 0.000301932 -0.000262467 0.000595238 0.00142857 -0.00021645
internal_weight=5032 4943 4863 150 4713 4437 276 175 4369 458 208 250 3911 892 815 303 196 512 440 319 246 3019 184 161 2935 828 762 672 560 462
internal_count=5032 4943 4863 150 4713 4437 276 175 4369 458 208 250 3911 892 815 303 196 512 440 319 246 3019 184 161 2935 828 762 672 560 462
is_linear=0
shrinkage=0.05


Tree=119
num_leaves=31
num_cat=0
split_feature=6 6 11 10 11 9 7 0 11 1 10 9 9 4 2 15 11 9 7 4 0 4 12 5 8 7 1 6 7 10
split_gain=0.731431 0.858903 0.467588 1.49441 1.36115 1.47975 1.43858 2.36214 1.63469 1.64174 1.28363 1.23441 1.0584 1.02793 1.49032 0.989481 0.863184 1.34344 1.2392 1.29465 1.18125 1.22183 1.76602 2.05912 1.62907 1.1343 1.17332 1.06374 1.40952 1.09149
threshold=8.4206600000000011e-06 4.5814600000000007e-05 9.5000000000000018 17.500000000000004 7.5000000000000009 666.50000000000011 0.0059184650000000012 2.2730900000000003 5.5000000000000009 0.0033312750000000003 8.5000000000000018 1088.5000000000002 1201.5000000000002 0.047016300000000004 1.9859850000000001 1.0000000180025095e-35 13.500000000000002 1099.5000000000002 0.0013982450000000002 0.25676000000000004 21.731150000000003 0.00021546900000000001 5.5000000000000009 0.77939550000000002 25.141650000000002 -0.071445549999999983 0.00038990100000000006 0.0031194950000000003 0.006104860000000001 8.5000000000000018
decision_type=2 2 2 2 2 2 2 2 2 2 2 2 2 2 2 2 2 2 2 2 2 2 2 2 2 2 2 2 2 2
left_child=-1 -2 3 4 5 -3 10 11 9 -9 -7 -8 -11 -6 -15 -13 17 -4 20 -20 21 24 -23 -24 -18 -19 -27 28 -21 -29
right_child=1 2 16 -5 13 6 7 8 -10 12 -12 15 -14 14 -16 -17 18 25 19 27 -22 22 23 -25 -26 26 -28 29 -30 -31
leaf_value=-4.074249247561252e-06 2.4476127800408569e-06 -0.00031533311550730803 0.00092984168996515157 0.00010131009398135597 -1.0888317482725251e-05 -3.3251455343831505e-05 -0.00010262405467258429 -0.00012555574834920762 0.00080537578155149723 0.001297340952221275 6.6292773378144343e-05 0.00056361927826208396 -0.00043210617191764383 -0.00046035806548581259 -0.00018497992082641232 0.0013300514977530272 0.00012950530745976224 -0.00047260179570175618 -0.00031241587786777443 1.3105964939124498e-06 0.00052161448963902388 3.2494523315065862e-06 1.8849524380487419e-05 -0.00016702039829764479 -4.660159316463332e-05 -6.2628771815928766e-05 5.2098890949837766e-05 1.7521768788865932e-05 -0.00031461977186959155 -0.00065947100237021656
leaf_weight=89 80 64 88 113 111 973 67 118 82 61 106 84 98 95 130 67 285 79 96 80 61 409 70 127 65 66 540 490 105 133
leaf_count=89 80 64 88 113 111 973 67 118 82 61 106 84 98 95 130 67 285 79 96 80 61 409 70 127 65 66 540 490 105 133
internal_value=-0.000844595 -0.000763706 -0.000848242 -0.00139465 -0.00170233 -0.00113372 -0.000845411 0.00116984 -0.00132312 -0.00315884 -0.00192308 0.00527523 0.000157233 -0.0046131 -0.00655556 0.00778146 -0.000408315 0.00100259 -0.000976054 -0.00232301 0.000221239 -0.000209205 -0.00156766 -0.00545685 0.00214286 0.000255474 0.000990099 -0.00167079 -0.005 -0.000682183
internal_weight=5032 4943 4863 2169 2056 1720 1656 577 359 277 1079 218 159 336 225 151 2694 773 1921 904 1017 956 606 197 350 685 606 808 185 623
internal_count=5032 4943 4863 2169 2056 1720 1656 577 359 277 1079 218 159 336 225 151 2694 773 1921 904 1017 956 606 197 350 685 606 808 185 623
is_linear=0
shrinkage=0.05


Tree=120
num_leaves=31
num_cat=0
split_feature=6 6 5 0 0 0 7 8 2 9 7 8 8 4 8 5 0 0 8 8 10 8 1 13 1 8 11 0 2 5
split_gain=0.554286 0.671619 0.544415 1.59111 1.3125 1.29297 2.31514 1.04116 0.866222 1.43627 1.47074 0.913584 0.700525 1.33929 0.600319 1.19542 1.24831 1.38017 0.868694 1.66451 1.47241 1.01954 1.04698 2.74073 1.62891 1.62602 2.05793 1.32268 1.511 1.83289
threshold=8.4206600000000011e-06 4.5814600000000007e-05 0.025837000000000002 3.4427550000000005 6.0727500000000001 2.3633400000000004 -0.0023087199999999998 15.625000000000002 0.089246550000000022 1211.5000000000002 0.0018822750000000003 16.641650000000002 42.183350000000011 3.3005550000000006 24.533350000000002 0.26061700000000004 31.140500000000007 11.450850000000001 17.866650000000003 19.791650000000004 5.5000000000000009 16.858350000000005 0.0011598300000000004 1.0000000180025095e-35 0.00027126800000000007 12.075000000000001 5.5000000000000009 1.0318750000000003 2.1387150000000008 5.020690000000001
decision_type=2 2 2 2 2 2 2 2 2 2 2 2 2 2 2 2 2 2 2 2 2 2 2 2 2 2 2 2 2 2
left_child=-1 -2 3 5 -5 6 -3 -8 9 -4 11 -11 14 -14 18 -16 17 -17 21 -20 -21 22 23 24 -10 26 -26 -25 -29 -30
right_child=1 2 8 4 -6 -7 7 -9 12 10 -12 -13 13 -15 15 16 -18 -19 19 20 -22 -23 -24 27 25 -27 -28 28 29 -31
leaf_value=-3.8705367851831899e-06 2.3252321410388066e-06 0.00037894545842079004 -0.00015660457357218396 0.00027488406354790791 3.1258038655071488e-06 -0.00018263611723407053 -0.00010786173603033328 5.0599383253355702e-05 1.6690789392401368e-05 -2.2241726194825427e-05 0.00022680267152439465 -0.00011737354532457048 -8.8150382564650248e-05 0.00037400074306279769 0.00021039764669766037 7.1290504646106268e-06 0.00069290403530456184 -0.0002189122584583342 -0.00024341348095953727 -4.5992259048291006e-05 0.00010353053517201001 0.00013766493958369464 -4.519958095759421e-06 0.00012178250564629061 3.3550061055753581e-05 -0.00015605424986457961 -0.00019804731754274703 8.0145269024529056e-06 -7.3302794046493512e-05 6.7463913225769997e-06
leaf_weight=89 80 71 75 80 70 68 128 65 80 63 68 65 140 60 60 285 78 101 220 322 129 106 1775 165 96 82 150 91 87 83
leaf_count=89 80 71 75 80 70 68 128 65 80 63 68 65 140 60 60 285 78 101 220 322 129 106 1775 165 96 82 150 91 87 83
internal_value=-0.000864467 -0.000794052 -0.000868805 0.000726141 0.005 -0.00120482 0.000378788 -0.00246114 -0.00104428 -0.00378229 -0.00153061 -0.0046875 -0.000863747 -0.00375 -0.000716113 0.000858779 0 -0.0011658 -0.000959835 -0.00257079 -0.000831486 -0.000561694 -0.000756995 -0.00221823 -0.00514706 -0.00670732 -0.0046748 0.000586854 -0.00162835 -0.00441176
internal_weight=5032 4943 4863 482 150 332 264 193 4381 271 196 128 4110 200 3910 524 464 386 3386 671 451 2715 2609 834 408 328 246 426 261 170
internal_count=5032 4943 4863 482 150 332 264 193 4381 271 196 128 4110 200 3910 524 464 386 3386 671 451 2715 2609 834 408 328 246 426 261 170
is_linear=0
shrinkage=0.05


Tree=121
num_leaves=31
num_cat=0
split_feature=0 1 6 3 5 6 5 8 8 6 0 4 10 3 3 10 6 2 8 2 5 7 7 6 5 2 2 2 5 15
split_gain=0.60022 1.26131 1.48174 1.33341 1.20368 1.14208 0.914766 0.999442 0.821471 0.757523 1.2224 0.645804 1.17092 0.625483 0.706308 1.73816 0.901134 0.772964 1.48476 1.44508 1.22092 1.4261 1.5464 1.11185 1.07346 2.31079 1.1741 1.02069 1.65676 1.27746
threshold=11.226100000000001 0.0026562650000000001 0.017624450000000003 1.5000000000000002 11.764300000000002 0.29912300000000008 19.187150000000006 12.125000000000002 32.091650000000008 0.0037172200000000007 4.8080250000000015 0.57247550000000014 7.5000000000000009 15.500000000000002 10.500000000000002 4.5000000000000009 0.099132800000000007 0.12679150000000003 21.025000000000002 0.21526400000000004 0.089642550000000001 0.006104860000000001 -0.00010582099999999999 0.0029744400000000005 0.39181250000000006 0.58203400000000005 0.36611800000000005 0.90694050000000004 1.1444700000000003 1.0000000180025095e-35
decision_type=2 2 2 2 2 2 2 2 2 2 2 2 2 2 2 2 2 2 2 2 2 2 2 2 2 2 2 2 2 2
left_child=5 -2 3 -3 -5 6 8 -8 13 -10 -11 -4 -13 14 16 -16 17 18 20 -19 21 22 23 -1 26 -26 -21 -27 29 -29
right_child=1 2 11 4 -6 -7 7 -9 9 10 -12 12 -14 -15 15 -17 -18 19 -20 24 -22 -23 -24 -25 25 27 -28 28 -30 -31
leaf_value=6.1313625934597936e-05 -3.5364418471426276e-05 -0.00025075533924934088 -1.1094793072766261e-05 0.0005262049798695084 -1.9205902960223872e-05 0.0020583715463647306 0.00017970467778138553 -1.5864305215146651e-06 1.3276085303001932e-05 -8.3685154324411075e-05 0.000144629010911654 -0.00020322095473867402 -0.0010153116886497636 9.7653949477114927e-05 -0.00014740801233345448 -7.509438960703018e-07 0.00063921986408808711 0.00015467424012225795 -8.5024141261940138e-05 -3.7181628002168129e-06 -0.00014131073127485858 0.00042552405305950496 -8.4341851827122969e-05 -1.050593727727825e-05 0.00027851000769818734 -8.5602352388363713e-05 -4.3684237585019323e-05 -4.2108163655658562e-05 -2.4405394836064171e-05 0.0001869713888017357
leaf_weight=63 119 74 84 86 83 81 71 67 114 103 107 81 62 68 61 106 107 122 124 92 62 62 165 125 78 123 102 124 2200 116
leaf_count=63 119 74 84 86 83 81 71 67 114 103 107 81 62 68 61 106 107 122 124 92 62 62 165 125 78 123 102 124 2200 116
internal_value=-0.000834658 -0.00233447 -0.00117021 0.00154321 0.00399408 -0.000635832 -0.000745071 0.00326087 -0.000875947 0.00154321 -0.000238095 -0.00407489 -0.00611888 -0.00107692 -0.00116127 -0.00434132 -0.00101637 -0.00115233 -0.00278702 -0.000820088 -0.00151992 -0.000542169 -0.00177054 0.00132979 -0.00104938 -0.000785687 -0.00463918 -0.0010437 -0.000819672 0.003125
internal_weight=5032 589 470 243 169 4443 4362 138 4224 324 210 227 143 3900 3832 167 3665 3558 601 2957 477 415 353 188 2835 2641 194 2563 2440 240
internal_count=5032 589 470 243 169 4443 4362 138 4224 324 210 227 143 3900 3832 167 3665 3558 601 2957 477 415 353 188 2835 2641 194 2563 2440 240
is_linear=0
shrinkage=0.05


Tree=122
num_leaves=31
num_cat=0
split_feature=9 9 12 0 2 2 0 5 2 9 5 9 1 15 4 7 1 6 4 6 2 0 4 8 0 1 0 6 1 10
split_gain=0.562895 1.19863 1.38183 1.38565 1.34002 1.12411 1.02725 3.46112 1.73299 0.937787 0.934444 0.879584 1.37371 0.842598 1.54554 1.66426 2.67103 2.83551 2.32475 1.63693 1.4575 1.65111 1.65017 1.44571 1.4166 2.37422 1.38409 1.42653 2.24831 1.24376
threshold=2885.5000000000005 2970.5000000000005 1.0000000180025095e-35 1.3377350000000001 3.6634050000000005 13.688200000000002 4.0731000000000011 3.4476400000000003 1.1603250000000003 2679.5000000000005 4.2237500000000008 3301.5000000000005 0.0040558700000000005 1.0000000180025095e-35 30.521150000000002 -0.00010582099999999999 0.00061483750000000008 0.04153165000000001 0.033782550000000008 0.0027928250000000005 20.149350000000002 11.226100000000001 76.21135000000001 6.7416650000000002 0.98387550000000012 0.00027126800000000007 8.9295950000000008 0.0067193550000000006 0.00062854000000000013 10.500000000000002
decision_type=2 2 2 2 2 2 2 2 2 2 2 2 2 2 2 2 2 2 2 2 2 2 2 2 2 2 2 2 2 2
left_child=9 10 3 4 -3 11 8 -8 -4 13 -2 12 -5 14 15 16 -1 23 -17 -20 21 22 24 -18 25 -15 27 28 -16 -21
right_child=1 2 6 5 -6 -7 7 -9 -10 -11 -12 -13 -14 20 26 18 17 -19 19 29 -22 -23 -24 -25 -26 -27 -28 -29 -30 -31
leaf_value=2.9013760544176334e-05 5.4545270414761818e-06 4.5019758877330644e-06 -0.00011216867232349206 0.00016797973684455148 -0.00018344794515045426 -2.4187779523125016e-05 8.0244892584789744e-05 -7.065842415899196e-05 -3.4314501180027543e-06 -9.8760837983848107e-05 0.00084282227376076884 4.0351898317856874e-06 0.00014565912560691731 -2.0503596354793405e-05 4.7215211204109982e-05 -0.00011804732111184782 -0.00033074303646570295 0.00093289346773437756 -8.6180981551231941e-05 -0.00012099183825382302 0.00011746450280617632 -0.00022476441084894017 -0.00031588084280288493 -6.2338585473005565e-05 -6.117727612665793e-06 0.00100431007463046 -0.0002971129359292585 0.0029130697707353175 -0.00031466726870729993 8.5490022747924688e-05
leaf_weight=192 90 79 95 95 62 117 71 90 81 295 60 147 97 109 62 152 62 125 163 483 95 84 73 590 853 204 71 119 86 130
leaf_count=192 90 79 95 95 62 117 71 90 81 295 60 147 97 109 62 152 62 125 163 483 95 84 73 590 853 204 71 119 86 130
internal_value=-0.000824722 0.000184502 -0.000481799 0.000963149 -0.00336879 0.00230263 -0.00304154 -0.00015528 -0.00568182 -0.00110182 0.00433333 0.00376106 0.00598958 -0.000882836 -0.0014877 -0.0020427 -0.000593395 -0.00189833 -0.00355603 -0.00244845 7.05219e-05 -0.000359033 0.000100888 -0.00322086 0.000557461 0.0034345 0.00162722 0.00327715 0 -0.00126427
internal_weight=5032 1084 934 597 141 456 337 161 176 3948 150 339 192 3653 2235 1897 969 777 928 776 1418 1323 1239 652 1166 313 338 267 148 613
internal_count=5032 1084 934 597 141 456 337 161 176 3948 150 339 192 3653 2235 1897 969 777 928 776 1418 1323 1239 652 1166 313 338 267 148 613
is_linear=0
shrinkage=0.05


Tree=123
num_leaves=31
num_cat=0
split_feature=1 7 5 3 6 2 9 2 4 13 9 8 9 2 9 11 7 4 13 6 9 5 8 6 8 8 8 8 3 6
split_gain=0.706781 1.15716 1.34661 0.96212 0.849401 1.08326 0.922571 0.834783 0.64765 0.562912 0.975037 1.4558 0.974639 1.1979 1.96468 1.31465 0.911317 1.38978 1.15771 0.862442 0.702708 1.02822 0.918059 0.892705 0.79292 1.75027 1.28307 0.872584 1.42587 1.92122
threshold=0.00041118550000000006 -0.0033573549999999998 0.0032325700000000001 6.5000000000000009 0.00023798750000000003 1.9859850000000001 1901.5000000000002 2.5184500000000005 0.21466350000000003 1.5000000000000002 2517.5000000000005 11.125000000000002 2885.5000000000005 0.032363650000000008 3005.5000000000005 16.500000000000004 0.025934800000000004 1.1654100000000003 1.0000000180025095e-35 0.0059177000000000006 2757.5000000000005 32.54610000000001 36.433350000000011 0.00033355150000000008 6.3083350000000005 6.5583350000000005 6.7416650000000002 9.0250000000000004 4.5000000000000009 0.022984250000000001
decision_type=2 2 2 2 2 2 2 2 2 2 2 2 2 2 2 2 2 2 2 2 2 2 2 2 2 2 2 2 2 2
left_child=1 -1 -3 4 7 8 -7 -4 -6 12 -11 19 20 -14 -15 16 17 18 -16 -12 21 22 23 -2 -25 -26 -27 28 29 -28
right_child=9 2 3 -5 5 6 -8 -9 -10 10 11 -13 13 14 15 -17 -18 -19 -20 -21 -22 -23 -24 24 25 26 27 -29 -30 -31
leaf_value=8.76519605041094e-05 -9.4378006292105722e-05 1.2602657964552863e-05 6.6902790352202934e-06 1.2118162029135228e-05 -4.5485846878597776e-05 0.00013706482405349458 -5.0740874519745647e-05 -5.4838719137256557e-07 -5.0020891225119459e-05 0.00011202071201946649 -0.00024899141064372394 -6.451580608996238e-06 8.79764899196479e-05 0.00090268435966722152 -0.00018844214237318619 0.00013767860609387831 -0.00058981611741388022 0.00019312769408941672 9.7279263252107623e-07 -0.00020893907191760192 -0.00020594552316009624 -0.00026794628323605811 0.00025533277001788673 -0.00019371615981494673 0.00077231187118007526 -0.00039223076131733418 3.2086579308130381e-05 -3.464549366803682e-05 0.0002998776478294878 -0.00050068809398642194
leaf_weight=103 73 61 69 86 103 64 68 115 99 89 65 194 70 127 73 145 86 60 86 87 115 60 95 99 72 62 344 1975 179 108
leaf_count=103 73 61 69 86 103 64 68 115 99 89 65 194 70 127 73 145 86 60 86 87 115 60 95 99 72 62 344 1975 179 108
internal_value=-0.000745231 0.000651042 -0.000112782 -0.000827815 -0.00164093 -0.00314371 0.000378788 0.00108696 -0.00544554 -0.000996717 -0.00270115 -0.00390173 -0.000803082 0.000965997 0.000216638 -0.00133333 -0.00319672 -0.00148402 -0.00393082 -0.00756579 -0.00116279 -0.00101891 -0.000889591 -0.00104739 -0.00090701 -0.000748175 -0.000955772 -0.000786646 0.000832013 -0.000663717
internal_weight=5032 768 665 604 518 334 132 184 202 4264 435 346 3829 647 577 450 305 219 159 152 3182 3067 3007 2912 2839 2740 2668 2606 631 452
internal_count=5032 768 665 604 518 334 132 184 202 4264 435 346 3829 647 577 450 305 219 159 152 3182 3067 3007 2912 2839 2740 2668 2606 631 452
is_linear=0
shrinkage=0.05


Tree=124
num_leaves=31
num_cat=0
split_feature=1 4 4 8 7 1 3 6 5 0 0 0 6 6 6 5 2 7 9 1 3 7 0 5 4 2 2 7 8 0
split_gain=0.601977 1.29578 1.5388 1.79798 1.34903 1.18551 0.647829 0.604842 1.9765 0.817046 0.951247 0.668005 0.719709 1.2413 1.01069 1.10756 1.36573 2.35657 1.16437 0.856268 1.22639 0.678696 0.590159 0.536034 0.498478 0.489942 1.37906 1.17948 1.11042 2.20033
threshold=0.00025803050000000003 9.3900050000000004 0.21466350000000003 19.308350000000004 -4.6591449999999992e-05 0.00012485650000000005 3.5000000000000004 0.00033355150000000008 3.6965350000000003 -0.23639949999999996 1.0000000180025095e-35 0.22869500000000001 0.0013822000000000003 0.0015643350000000002 0.0012396650000000003 1.1444700000000003 26.838700000000006 0.0052275550000000009 1362.5000000000002 0.038444500000000006 5.5000000000000009 -0.18084649999999997 0.40538700000000005 5.2051250000000007 0.52240050000000016 1.2622250000000002 1.7119200000000003 0.093710000000000016 13.191650000000001 0.96284300000000012
decision_type=2 2 2 2 2 2 2 2 2 2 2 2 2 2 2 2 2 2 2 2 2 2 2 2 2 2 2 2 2 2
left_child=1 2 3 4 5 -1 -4 8 -2 -9 -11 24 14 -14 15 -13 17 18 -17 21 -21 -15 -23 -20 -12 27 -27 28 29 -24
right_child=7 -3 6 -5 -6 -7 -8 9 -10 10 11 12 13 19 -16 16 -18 -19 23 20 -22 22 25 -25 -26 26 -28 -29 -30 -31
leaf_value=-3.7349274045503817e-05 -0.00013996272285330506 1.508458105846137e-05 -1.9638946888389807e-05 8.7912495475216843e-06 7.5333867243307463e-06 7.2244297591950826e-06 -5.9752590232211691e-06 0.00084217128319346917 1.5438848512460107e-05 -0.00047388625393872809 -0.0001460959295813787 0.00017610173369310867 -0.00011055028157623218 -0.00058163173506775741 0.00016941067173511186 -6.0839694024610037e-05 0.00019131458879801828 -0.00026576566269697672 -5.3120489829826261e-06 -0.00075173087178298167 0.0063172725911727033 -0.0005915270288253733 0.00021206322904620287 0.00010019433082886281 0.0018006089607502482 0.0001371600963042124 -2.9536601630831e-05 -0.0017434778978486381 -3.4630842107426667e-06 -9.0640330300927573e-05
leaf_weight=62 71 95 66 82 67 66 70 64 80 129 60 61 65 83 63 63 66 62 71 67 64 86 81 82 76 105 1990 76 614 345
leaf_count=62 71 95 66 82 67 66 70 64 80 129 60 61 65 83 63 63 66 62 71 67 64 86 81 82 76 105 1990 76 614 345
internal_value=-0.000844595 0.000787402 -0.000423729 0.0017148 -0.000897436 -0.00390625 -0.00477941 -0.00102785 -0.00413907 -0.000920421 -0.00100371 -0.000873206 -0.00098912 -0.00123043 0.000854701 -6.17284e-05 -0.00116279 -0.00269784 -0.000231481 -0.00110367 0.0028626 -0.0012574 -0.00114498 0.00212418 0.00257353 -0.0010355 -0.000584726 -0.00188172 -0.00144231 -0.00340376
internal_weight=5032 508 413 277 195 128 136 4524 151 4373 4309 4180 4044 3576 468 405 344 278 216 3511 131 3380 3297 153 136 3211 2095 1116 1040 426
internal_count=5032 508 413 277 195 128 136 4524 151 4373 4309 4180 4044 3576 468 405 344 278 216 3511 131 3380 3297 153 136 3211 2095 1116 1040 426
is_linear=0
shrinkage=0.05


end of trees

feature_importances:
atrPctZ=513
atrPct=500
absorption=344
buySellRatio10m=342
tokenAgeMin=331
dispFromBaseline=277
dormancyHours=270
rvol=262
vol10m=225
hourUtc=172
uniqueBuyers10m=169
tradesInMinute=156
dayOfWeek=80
chainId=50
priorEpisodes=49
prior2xEpisodes=10

parameters:
[boosting: gbdt]
[objective: quantile]
[metric: quantile]
[tree_learner: serial]
[device_type: cpu]
[data_sample_strategy: bagging]
[data: ]
[valid: ]
[num_iterations: 600]
[learning_rate: 0.05]
[num_leaves: 31]
[num_threads: 14]
[seed: 0]
[deterministic: 0]
[force_col_wise: 0]
[force_row_wise: 0]
[histogram_pool_size: -1]
[max_depth: -1]
[min_data_in_leaf: 60]
[min_sum_hessian_in_leaf: 0.001]
[bagging_fraction: 1]
[pos_bagging_fraction: 1]
[neg_bagging_fraction: 1]
[bagging_freq: 0]
[bagging_seed: 3]
[bagging_by_query: 0]
[feature_fraction: 1]
[feature_fraction_bynode: 1]
[feature_fraction_seed: 2]
[extra_trees: 0]
[extra_seed: 6]
[early_stopping_round: 0]
[early_stopping_min_delta: 0]
[first_metric_only: 0]
[max_delta_step: 0]
[lambda_l1: 0]
[lambda_l2: 0]
[linear_lambda: 0]
[min_gain_to_split: 0]
[drop_rate: 0.1]
[max_drop: 50]
[skip_drop: 0.5]
[xgboost_dart_mode: 0]
[uniform_drop: 0]
[drop_seed: 4]
[top_rate: 0.2]
[other_rate: 0.1]
[min_data_per_group: 100]
[max_cat_threshold: 32]
[cat_l2: 10]
[cat_smooth: 10]
[max_cat_to_onehot: 4]
[top_k: 20]
[monotone_constraints: ]
[monotone_constraints_method: basic]
[monotone_penalty: 0]
[feature_contri: ]
[forcedsplits_filename: ]
[refit_decay_rate: 0.9]
[cegb_tradeoff: 1]
[cegb_penalty_split: 0]
[cegb_penalty_feature_lazy: ]
[cegb_penalty_feature_coupled: ]
[path_smooth: 0]
[interaction_constraints: ]
[verbosity: -1]
[saved_feature_importance_type: 0]
[use_quantized_grad: 0]
[num_grad_quant_bins: 4]
[quant_train_renew_leaf: 0]
[stochastic_rounding: 1]
[linear_tree: 0]
[max_bin: 255]
[max_bin_by_feature: ]
[min_data_in_bin: 3]
[bin_construct_sample_cnt: 200000]
[data_random_seed: 1]
[is_enable_sparse: 1]
[enable_bundle: 1]
[use_missing: 1]
[zero_as_missing: 0]
[feature_pre_filter: 1]
[pre_partition: 0]
[two_round: 0]
[header: 0]
[label_column: ]
[weight_column: ]
[group_column: ]
[ignore_column: ]
[categorical_feature: ]
[forcedbins_filename: ]
[precise_float_parser: 0]
[parser_config_file: ]
[objective_seed: 5]
[num_class: 1]
[is_unbalance: 0]
[scale_pos_weight: 1]
[sigmoid: 1]
[boost_from_average: 1]
[reg_sqrt: 0]
[alpha: 0.5]
[fair_c: 1]
[poisson_max_delta_step: 0.7]
[tweedie_variance_power: 1.5]
[lambdarank_truncation_level: 30]
[lambdarank_norm: 1]
[label_gain: ]
[lambdarank_position_bias_regularization: 0]
[eval_at: ]
[multi_error_top_k: 1]
[auc_mu_weights: ]
[num_machines: 1]
[local_listen_port: 12400]
[time_out: 120]
[machine_list_filename: ]
[machines: ]
[gpu_platform_id: -1]
[gpu_device_id: -1]
[gpu_device_id_list: ]
[gpu_use_dp: 0]
[num_gpu: 1]

end of parameters

pandas_categorical:[]
