tree
version=v4
num_class=1
num_tree_per_iteration=1
label_index=0
max_feature_idx=15
objective=quantile
feature_names=atrPctZ atrPct rvol uniqueBuyers10m buySellRatio10m vol10m absorption dispFromBaseline dormancyHours tokenAgeMin tradesInMinute hourUtc dayOfWeek priorEpisodes prior2xEpisodes chainId
feature_infos=[-2.33541:7113.1700000000001] [0:2.8510200000000001] [1.92e-07:1486.5] [0:63] [0:3499.8099999999999] [3.1e-07:7368.2600000000002] [0:36.877699999999997] [-0.99085699999999999:239.56999999999999] [6:63.5167] [372:3885] [1:265] [0:23] [0:6] [0:4] [0:2] [0:1]
tree_sizes=2724 2843 2868 2839 2891 2853 2866 2875 2870 2884 2897 2893 2901 2899 2890 2903 2903 2914 2918 2908 2903 2908 2929 2914 2905 2912 2922 2921 2917 2922 2917 2912 2912 2918 2925 2902 2901 2905 2938 2942 2950 2942 2918 2953 2948 2925 2940 2935 2954 2931 2949 2962 2946 2937 2966 2948 2959 2952

Tree=0
num_leaves=31
num_cat=0
split_feature=1 1 4 7 4 0 1 6 7 1 0 7 12 0 7 2 11 6 2 2 2 2 7 2 6 0 15 12 4 2
split_gain=44.8051 10.0523 6.76455 4.45929 3.77588 2.83109 2.46389 2.26393 2.44656 2.22901 2.85933 2.01949 2.0074 1.48837 1.40132 1.35655 1.56832 1.1317 0.882753 0.859524 0.677462 1.28242 0.694352 0.565054 0.671879 0.461433 0.379126 0.369069 0.269046 0.263349
threshold=0.005729070000000001 0.026805550000000001 8.0593750000000011 0.032585800000000005 3.6267400000000003 3.0268650000000004 0.014103750000000002 0.044683900000000006 0.18810600000000002 0.0015310800000000002 0.22869500000000001 0.081759500000000013 1.5000000000000002 5.7483650000000006 0.086384800000000012 0.36611800000000005 15.500000000000002 0.022984250000000001 7.4590250000000013 7.4590250000000013 8.0871100000000009 3.9879100000000007 -0.029902849999999998 1.5816700000000001 0.0053532250000000005 2.3633400000000004 1.0000000180025095e-35 1.0000000180025095e-35 1.1443400000000001 5.8146050000000011
decision_type=2 2 2 2 2 2 2 2 2 2 2 2 2 2 2 2 2 2 2 2 2 2 2 2 2 2 2 2 2 2
left_child=3 2 5 9 7 15 14 -3 -9 -1 -11 20 -5 -14 -4 -2 17 -17 -13 -16 21 22 -7 -12 26 -26 -25 -22 -28 -27
right_child=1 4 6 12 -6 11 -8 8 -10 10 23 18 13 -15 19 16 -18 -19 -20 -21 27 -23 -24 24 25 29 28 -29 -30 -31
leaf_value=0.32194536215594283 0.33647284298632751 0.35841656711276071 0.34192221421040631 0.33346756083807366 0.39136881674220092 0.33970736278804453 0.36261840146721908 0.38013703924607967 0.36202096585970978 0.34520358355544262 0.32670224553841642 0.33701912058581146 0.35027686757376164 0.33422345044707918 0.37989947527911455 0.35618302296743637 0.34019928340726152 0.35649989430116447 0.35672131263991852 0.35891730025620028 0.33526084800043882 0.35306360443004936 0.32941746817261863 0.32675250710585535 0.33937071647035033 0.32762353762770252 0.32854890865989239 0.32735502993884025 0.33594991950069292 0.33494465575053811
leaf_weight=2102 70 68 88 114 63 81 83 72 63 69 390 68 118 62 60 108 70 84 92 80 66 60 93 223 119 91 75 135 62 103
leaf_count=2102 70 68 88 114 63 81 83 72 63 69 390 68 118 62 60 108 70 84 92 80 66 60 93 223 119 91 75 135 62 103
internal_value=0.335071 0.342297 0.340402 0.33199 0.351115 0.338261 0.346783 0.347797 0.351544 0.331454 0.333243 0.336197 0.337886 0.341174 0.344098 0.34196 0.343612 0.345948 0.341 0.347206 0.33443 0.336259 0.334086 0.332603 0.33348 0.335174 0.332007 0.332301 0.334077 0.333671
internal_weight=5032 1504 1238 3528 266 927 311 203 135 3234 1132 595 294 180 228 332 262 192 160 140 435 234 174 1063 673 313 360 201 137 194
internal_count=5032 1504 1238 3528 266 927 311 203 135 3234 1132 595 294 180 228 332 262 192 160 140 435 234 174 1063 673 313 360 201 137 194
is_linear=0
shrinkage=1


Tree=1
num_leaves=31
num_cat=0
split_feature=1 1 4 1 4 0 7 8 0 0 10 9 7 12 9 1 0 3 5 0 2 0 0 6 8 6 4 9 9 0
split_gain=39.326 8.89375 6.22133 4.33411 2.69787 2.56653 2.46383 1.80582 1.69505 1.41889 1.2931 1.27369 1.06593 1.45619 1.02581 0.709278 0.986161 0.55045 0.676823 0.571501 0.448727 0.491165 0.499898 0.44118 0.824696 0.378558 0.364279 0.200117 0.243708 0.14683
threshold=0.005729070000000001 0.027694300000000002 1.2741100000000001 0.0025580900000000003 0.26947400000000005 2.9914650000000003 0.081759500000000013 14.808350000000003 0.70354050000000012 5.1490800000000005 3.5000000000000004 1341.5000000000002 0.035349600000000002 1.5000000000000002 1505.5000000000002 0.0015310800000000002 1.1082500000000002 2.5000000000000004 4.700260000000001 9.3288000000000029 2.1387150000000008 2.8832750000000007 1.8748350000000003 0.033446850000000007 10.358350000000002 0.044683900000000006 25.158800000000003 2460.5000000000005 1642.5000000000002 4.4795800000000012
decision_type=2 2 2 2 2 2 2 2 2 2 2 2 2 2 2 2 2 2 2 2 2 2 2 2 2 2 2 2 2 2
left_child=3 2 5 15 -3 23 10 -6 -5 11 -4 -8 20 -14 -11 -1 -17 18 -7 -20 -10 22 -22 24 -2 -19 -18 28 -23 -15
right_child=1 4 6 8 7 17 9 -9 12 14 -12 -13 13 29 -16 16 26 25 19 -21 21 27 -24 -25 -26 -27 -28 -29 -30 -31
leaf_value=-0.012367460873213471 0.019373606760807072 0.025774847530555436 -0.00073209924738778371 0.0091187778811290341 0.057797760075271709 0.011324735893979962 0.026425206231351129 0.033377665827440874 -0.0073227136403818671 0.022913325614594998 0.015474899711565453 0.045072194637751445 -0.003213947429770778 0.0083542848038039193 0.0099259594510762474 0.0047052005301462555 -0.010322524000151137 -0.006608516814246697 -0.0042221103680759207 0.002453738166942668 -0.0027757686374759952 -0.00608162199142005 0.0083500491797680616 0.020117529259506162 -0.00029829443466937168 0.00067670569081839857 -0.00042339050862954663 -0.0070207890770102649 0.00021073097118883986 0.0064631203331731212
leaf_weight=2108 79 68 87 105 79 94 89 100 188 71 87 108 77 60 111 112 372 163 66 60 69 95 61 96 68 78 76 78 66 61
leaf_count=2108 79 68 87 105 79 94 89 100 188 71 87 108 77 60 111 112 372 163 66 60 69 95 61 96 68 78 76 78 66 61
internal_value=-0.000200717 0.00656915 0.00486476 -0.00308674 0.0152429 0.00174716 0.00883363 0.0184637 -1.19209e-09 0.011095 0.00390804 0.0140355 -0.000827816 0.00232323 0.00791209 -0.00408171 -0.0025 -0.000444687 0.00136364 -0.00103175 -0.00194794 -0.000934961 0.00153846 0.00590535 0.00418367 -0.00209544 -0.00354911 -0.00228034 -0.00127329 0.0057438
internal_weight=5032 1504 1257 3528 247 704 553 179 860 379 174 197 755 198 182 2668 560 461 220 126 557 369 130 243 147 241 448 239 161 121
internal_count=5032 1504 1257 3528 247 704 553 179 860 379 174 197 755 198 182 2668 560 461 220 126 557 369 130 243 147 241 448 239 161 121
is_linear=0
shrinkage=0.05


Tree=2
num_leaves=31
num_cat=0
split_feature=1 1 4 1 3 0 0 0 7 7 9 7 4 9 5 2 2 8 0 1 4 7 15 12 5 6 15 5 0 4
split_gain=32.9609 9.31728 5.17455 3.66697 2.35346 3.06858 2.14174 2.05367 2.01898 1.3162 1.88873 1.16443 1.12767 1.35372 0.883141 0.845649 0.88278 0.839115 1.12503 0.694475 0.608663 0.494298 0.46515 0.356102 0.266702 0.286336 0.328402 0.332502 0.284607 0.44307
threshold=0.0052797850000000012 0.027694300000000002 8.0593750000000011 0.0015310800000000002 2.5000000000000004 5.0046200000000001 3.0268650000000004 0.98387550000000012 0.086384800000000012 0.033911000000000004 1383.5000000000002 0.081759500000000013 0.10267750000000002 2101.0000000000005 3.9400050000000006 10.630150000000002 0.36611800000000005 10.591650000000001 7.7231650000000007 0.0075885600000000011 0.0030038350000000003 -0.035596349999999992 1.0000000180025095e-35 2.5000000000000004 0.17624050000000002 0.0053532250000000005 1.0000000180025095e-35 5.544830000000001 2.8832750000000007 0.08445575000000001
decision_type=2 2 2 2 2 2 2 2 2 2 2 2 2 2 2 2 2 2 2 2 2 2 2 2 2 2 2 2 2 2
left_child=3 2 6 -1 -3 -6 15 12 -4 24 -11 20 -5 -14 -13 16 -2 -10 -19 -18 -8 -21 -22 -12 -9 26 -26 -28 29 -27
right_child=1 4 8 7 5 -7 11 9 17 10 23 14 13 -15 -16 -17 19 18 -20 21 22 -23 -24 -25 25 28 27 -29 -30 -31
leaf_value=-0.011749087829552796 0.0030269072384042314 0.02820488167190946 0.0077562238335298116 -0.0010717233232401264 0.06720676791993313 0.029863638451120673 0.0017322765248518239 -0.010237018989360268 0.020305767701619484 0.011214959453816856 -0.0035291252173877382 -0.00078882011132422325 0.013218642391494083 -0.0019962512182952782 0.019033547064885643 0.0011241071235630219 0.0093288280634841111 0.046894262883684944 0.021592401683768612 0.0241484638619021 -0.0033473082167673725 0.017097912393543895 0.0038462355449880095 0.00018996152188943962 -0.0097556195074034735 0.0056576648869109125 -0.010007231238525441 0.0003540964322619711 -0.0065232085062051949 -0.0063308004226760965
leaf_weight=2108 75 69 117 80 62 116 118 166 71 61 67 67 100 64 101 68 64 82 63 60 258 92 101 68 210 67 69 83 229 76
leaf_count=2108 75 69 117 80 62 116 118 166 71 61 67 67 100 64 101 68 64 82 63 60 258 92 101 68 210 67 69 83 229 76
internal_value=-0.000459063 0.00551136 0.00386313 -0.00320186 0.0144332 0.0174719 0.00207171 -0.00115672 0.00926426 -0.00208029 0.00163265 0.000348836 0.0029918 0.00536585 0.00392857 0.00516713 0.0063402 0.0121296 0.0143103 0.00796296 -0.000911951 0.00980263 -0.00193593 -0.00166667 -0.00288889 -0.00247957 -0.00348066 -0.00171053 -0.00150538 0.000244754
internal_weight=5032 1584 1337 3448 247 178 1004 1340 333 1096 196 645 244 164 168 359 291 216 145 216 477 152 359 135 900 734 362 152 372 143
internal_count=5032 1584 1337 3448 247 178 1004 1340 333 1096 196 645 244 164 168 359 291 216 145 216 477 152 359 135 900 734 362 152 372 143
is_linear=0
shrinkage=0.05


Tree=3
num_leaves=31
num_cat=0
split_feature=1 1 7 0 4 3 1 9 11 0 4 10 2 1 3 4 5 2 11 10 1 7 15 8 2 7 1 8 9 5
split_gain=28.9007 8.62566 6.25225 2.76361 2.59096 2.496 1.75587 1.31663 1.10231 1.08307 0.916267 0.913512 0.900743 1.38126 0.976884 0.776198 0.956572 0.675026 0.552305 0.565982 0.662117 0.690586 0.589213 0.780107 0.714724 0.744447 0.98735 0.425837 0.417513 0.358472
threshold=0.0036621050000000001 0.035238500000000013 0.086384800000000012 3.0268650000000004 3.7542350000000004 3.5000000000000004 0.0015310800000000002 2837.5000000000005 13.500000000000002 0.22869500000000001 10.442300000000001 3.5000000000000004 11.908500000000002 0.0089626450000000017 2.5000000000000004 92.633900000000025 5.020690000000001 5.446905000000001 21.500000000000004 14.500000000000002 0.013081800000000003 -0.13383849999999997 1.0000000180025095e-35 14.808350000000003 5.274820000000001 -0.08640204999999998 0.0052797850000000012 10.725000000000001 1603.5000000000002 3.5109350000000004
decision_type=2 2 2 2 2 2 2 2 2 2 2 2 2 2 2 2 2 2 2 2 2 2 2 2 2 2 2 2 2 2
left_child=6 2 3 12 8 -3 -1 15 17 -8 29 -12 13 14 27 16 -6 -4 19 20 22 -22 24 -24 -5 -26 -27 -2 -10 -11
right_child=1 5 4 18 7 -7 9 -9 28 10 11 -13 -14 -15 -16 -17 -18 -19 -20 -21 21 -23 23 -25 25 26 -28 -29 -30 -31
leaf_value=-0.011161633438075157 -0.0018588774202680106 0.02334999200847181 0.013896668105522429 -0.0043248358552510002 0.038598429914610433 0.04298054764415507 0.0062509716952269525 0.031401778828243937 0.018635685678718216 -0.0084361657782798978 0.0041835644846223742 -0.0087908768349503185 -0.00012343602408570767 0.02389473207874367 0.011050592677587373 0.03059191739426094 0.025470292076357249 0.015244498820644617 -0.006849510653950952 -0.0074186188282475939 -0.00063558803288926767 0.017777565840653983 0.0054858217541438933 -0.0063933361933515634 -0.0055018157233019853 -0.0015471012480135376 0.0050434457160960476 0.0071989655915679629 -0.0010758488087167265 -0.0044433649937267693
leaf_weight=2108 92 60 61 133 94 111 63 79 60 415 117 72 73 98 116 60 70 68 66 75 81 73 62 79 69 72 78 93 61 273
leaf_count=2108 92 60 61 133 94 111 63 79 60 415 117 72 73 98 116 60 70 68 66 75 81 73 62 79 69 72 78 93 61 273
internal_value=-0.000548491 0.00414818 0.00313569 0.00119047 0.00756781 0.014883 -0.00360564 0.0106766 0.0038 -0.00180851 -0.0022634 0.000820105 0.0042161 0.00515037 0.00347176 0.0126339 0.0108537 0.0070155 -0.000621829 -0.000221608 0.000255022 0.00311688 -0.000638946 0.0020922 -0.00173296 2.28299e-05 0.002 0.00121622 0.0003719 -0.00311047
internal_weight=5032 1984 1813 1260 553 171 3048 303 250 940 877 189 472 399 301 224 164 129 788 722 647 154 493 141 352 219 150 185 121 688
internal_count=5032 1984 1813 1260 553 171 3048 303 250 940 877 189 472 399 301 224 164 129 788 722 647 154 493 141 352 219 150 185 121 688
is_linear=0
shrinkage=0.05


Tree=4
num_leaves=31
num_cat=0
split_feature=1 1 4 1 13 3 0 0 6 6 8 1 3 7 9 6 7 7 12 12 0 4 12 2 10 8 0 1 8 15
split_gain=25.5338 5.01847 4.67032 3.36633 2.05315 2.08575 1.96697 1.84699 1.32194 1.97508 1.36627 1.30749 1.19248 1.0042 0.977455 0.971851 0.926623 0.743874 0.678708 0.673595 0.660423 0.578442 0.544785 0.431459 0.320387 0.291551 0.290175 0.423818 0.363199 0.235438
threshold=0.005729070000000001 0.038444500000000006 8.0593750000000011 0.0015310800000000002 1.0000000180025095e-35 5.5000000000000009 0.98387550000000012 5.7483650000000006 0.033446850000000007 0.049383900000000008 13.191650000000001 0.0096923250000000016 4.5000000000000009 0.14474050000000002 2101.0000000000005 0.011162850000000002 0.028446650000000004 0.064752200000000024 1.5000000000000002 2.5000000000000004 6.5886300000000011 0.0010524400000000002 1.5000000000000002 2.2122650000000004 2.5000000000000004 15.891650000000002 0.20485750000000003 0.0003675215 8.3583350000000021 1.0000000180025095e-35
decision_type=2 2 2 2 2 2 2 2 2 2 2 2 2 2 2 2 2 2 2 2 2 2 2 2 2 2 2 2 2 2
left_child=3 2 7 26 5 13 14 8 10 -10 11 -2 -3 -4 15 -5 23 21 -18 -11 -20 -9 -19 -8 25 -25 27 -1 -29 -26
right_child=1 12 4 6 -6 -7 16 17 9 19 -12 -13 -14 -15 -16 -17 18 22 20 -21 -22 -23 -24 24 29 -27 -28 28 -30 -31
leaf_value=-0.011323553149579307 0.00044615322330790572 0.027184710222869155 0.0046633379713484392 0.012322562402513329 0.0047869539670000183 0.038534679968836028 -0.0087625252647336605 0.0010713155098305994 0.035437748466807549 -0.0014783073161464635 -0.0024840719016833738 0.015378623194166408 0.04012105109435285 0.041058083731139242 -0.00037220074641480328 0.0082169074324697829 -0.0014410596073224397 -0.00057801722403690622 0.006906487962002059 0.010541257880470618 -0.0033401939859488031 -0.0041582088091387066 0.012024727440704409 -0.0037035138683333621 -0.0082845325190278232 0.0013361310294264805 -0.01097454508311701 -0.0043355203674039612 0.0015591030620020708 -0.0057069004738257052
leaf_weight=244 112 67 100 76 97 78 345 61 65 62 117 116 85 67 106 71 105 63 113 115 61 215 84 156 156 122 1739 61 64 109
leaf_count=244 112 67 100 76 97 78 345 61 65 62 117 116 85 67 106 71 105 63 113 115 61 215 84 156 156 122 1739 61 64 109
internal_value=-0.000647855 0.00480718 0.00383876 -0.00297336 0.00888889 0.0113265 -0.00109155 0.00212871 0.00394378 0.00677686 0.00195652 0.00421053 0.0134211 0.00817365 0.00290514 0.00554422 -0.00195801 -0.000390072 0.000555554 0.00403955 0.00247126 -0.00192029 0.00248299 -0.00274775 -0.00186925 -0.000683454 -0.00424099 -0.00296748 -0.000600001 -0.00311321
internal_weight=5032 1504 1352 3528 342 245 1420 1010 587 242 345 228 152 167 253 147 1167 423 279 177 174 276 147 888 543 278 2108 369 125 265
internal_count=5032 1504 1352 3528 342 245 1420 1010 587 242 345 228 152 167 253 147 1167 423 279 177 174 276 147 888 543 278 2108 369 125 265
is_linear=0
shrinkage=0.05


Tree=5
num_leaves=31
num_cat=0
split_feature=1 4 1 1 9 5 0 0 1 4 9 9 1 8 2 2 6 8 3 0 6 5 0 6 10 15 4 9 11 10
split_gain=23.5492 5.08785 3.73944 3.46691 1.9951 1.90821 1.78569 1.75625 1.8732 1.06985 1.5742 1.62839 1.00964 0.950564 1.20227 0.925625 0.889595 0.813448 0.683526 0.65997 0.600493 0.548701 0.488889 0.467664 0.603962 0.366436 0.316162 0.489523 0.451343 0.282876
threshold=0.005729070000000001 25.158800000000003 0.028418900000000004 0.0015310800000000002 1352.5000000000002 0.84303850000000013 0.22869500000000001 2.8435100000000006 0.0088221450000000017 1.3651900000000003 2630.5000000000005 1456.5000000000002 0.009167525000000001 12.475000000000001 4.181420000000001 1.4761250000000004 0.019238450000000001 13.008350000000002 2.5000000000000004 2.2301450000000007 0.023921750000000002 4.636635000000001 9.8804450000000017 0.0076194450000000016 2.5000000000000004 1.0000000180025095e-35 1.6788600000000002 1408.5000000000002 11.500000000000002 18.500000000000004
decision_type=2 2 2 2 2 2 2 2 2 2 2 2 2 2 2 2 2 2 2 2 2 2 2 2 2 2 2 2 2 2
left_child=3 2 7 29 -3 -4 -5 8 20 18 11 -11 -6 14 -10 -8 19 -7 21 23 -2 -9 -23 24 -17 -20 -21 -28 -29 -1
right_child=1 4 5 6 12 17 15 9 13 10 -12 -13 -14 -15 -16 16 -18 -19 25 26 -22 22 -24 -25 -26 -27 27 28 -30 -31
leaf_value=-0.010169203931313299 -0.0013685693841518985 0.02949151608624738 0.028364704469808939 0.0077544864926407586 0.0072590674279538235 0.043474562140232605 -0.0058811536779639758 0.0093267305382747599 0.017625916092030396 0.0092447150827039345 -0.0026025500082486725 0.020561885035841103 0.032238692904044852 0.010204120526594734 0.028578995835028577 -0.0032537865811213436 0.010965321401156317 0.020674755225612327 -0.0044142873567752389 -0.0072043312960123869 0.0044937503901795036 -0.0045266013167800647 0.0019386993710566126 0.0075556735246580511 0.00028627239189857746 2.0104891587093521e-05 0.0052397018488263454 0.0012298263606381117 -0.0069471409926250179 -0.0090757951224342721
leaf_weight=2048 79 100 65 94 65 62 434 99 77 74 74 62 88 73 64 76 79 73 185 341 60 72 60 96 63 72 60 89 88 60
leaf_count=2048 79 100 65 94 65 62 434 99 77 74 74 62 88 73 64 76 79 73 185 341 60 72 60 96 63 72 60 89 88 60
internal_value=-0.000697537 0.00454122 0.00323341 -0.00293084 0.0110079 0.0095 -0.00102113 0.00204091 0.00491501 0.000587391 0.00357143 0.0067647 0.0074183 0.00785047 0.0102482 -0.00149321 -0.00057175 0.00611111 -0.000696723 -0.00106396 0.000395682 0.00127706 -0.000833335 0.00117021 -0.000683454 -0.00247082 -0.00197232 -0.000569621 -0.00189266 -0.00421727
internal_weight=5032 1504 1251 3528 253 200 1420 1051 353 698 210 136 153 214 141 1326 892 135 488 813 139 231 132 235 139 257 578 237 177 2108
internal_count=5032 1504 1251 3528 253 200 1420 1051 353 698 210 136 153 214 141 1326 892 135 488 813 139 231 132 235 139 257 578 237 177 2108
is_linear=0
shrinkage=0.05


Tree=6
num_leaves=31
num_cat=0
split_feature=1 1 7 0 0 1 6 1 2 5 0 9 12 4 10 4 6 0 15 1 0 0 2 7 5 5 7 3 8 9
split_gain=20.7363 5.39732 4.06458 2.42424 2.23766 1.54333 1.44497 1.36642 1.33214 1.14129 1.09485 0.953601 1.39885 0.759412 0.810118 0.678499 0.552976 0.479851 0.659067 0.6411 0.474741 0.469526 0.46353 0.487293 0.421999 1.01642 0.384314 0.349726 0.336463 0.325839
threshold=0.0035545000000000004 0.028418900000000004 0.090811750000000011 2.8435100000000006 4.9449450000000015 0.0015310800000000002 0.025313800000000001 0.047517500000000011 0.63489100000000021 1.4393850000000004 0.22869500000000001 2780.5000000000005 4.5000000000000009 10.442300000000001 3.5000000000000004 9.3900050000000004 0.0055851500000000014 10.070500000000001 1.0000000180025095e-35 0.013081800000000003 25.612700000000004 4.7753950000000005 5.274820000000001 -0.075542449999999997 5.020690000000001 6.1294950000000012 -0.010722249999999997 1.5000000000000002 10.725000000000001 1684.5000000000002
decision_type=2 2 2 2 2 2 2 2 2 2 2 2 2 2 2 2 2 2 2 2 2 2 2 2 2 2 2 2 2 2
left_child=5 2 3 6 -3 -1 16 -6 -4 -8 -7 12 15 24 -15 -10 -2 18 19 22 -19 -20 -5 -24 27 -26 -25 29 -14 -12
right_child=1 4 8 17 7 10 9 -9 11 -11 13 -13 28 14 -16 -17 -18 20 21 -21 -22 -23 23 26 25 -27 -28 -29 -30 -31
leaf_value=-0.0096377716505996885 0.0042528015485615387 0.041303366975250416 -0.0016148139861755458 -0.0024735970381128173 0.0048692778475868236 0.0052433229419407874 0.0059807319573337032 0.02883620864932256 0.02723637627355301 0.015305046690662931 -0.0001360577158136732 0.024722062667189952 0.00097207103500060758 0.0037247617524169608 -0.0080523898082138431 0.033553205094231535 0.0036533989893494409 -0.0056451407312138081 -0.00052441154970885473 0.007430926224216235 6.1312084102443066e-05 0.0051994983474396616 -0.0060970974809286642 0.0058061555801178777 0.0049076387072100091 -0.0080447283856722659 -0.00026373174119610602 -0.0082313717474847194 0.0098267039349838464 -0.0067838322190787509
leaf_weight=2108 60 91 67 141 70 62 99 67 99 62 72 102 69 116 71 78 238 178 60 75 83 97 61 60 67 138 68 301 79 93
leaf_count=2108 60 91 67 141 70 62 99 67 99 62 72 102 69 116 71 78 238 178 60 75 83 97 61 60 67 138 68 301 79 93
internal_value=-0.000836647 0.00310878 0.00217905 0.000694227 0.0103509 -0.00344782 0.00360566 0.00631387 0.00603239 0.00742236 -0.00173913 0.00706089 0.00838461 -0.0022028 0.000614972 0.0113842 0.00154362 -0.000929527 -0.000106763 -0.00117284 -0.00270115 0.00264331 -0.00212121 -0.000502647 -0.00298808 -0.00109756 0.00125 -0.00381974 0.0047973 -0.0019697
internal_weight=5032 2004 1776 1282 228 3028 459 137 494 161 920 427 325 858 187 177 298 823 562 405 261 157 330 189 671 205 128 466 148 165
internal_count=5032 2004 1776 1282 228 3028 459 137 494 161 920 427 325 858 187 177 298 823 562 405 261 157 330 189 671 205 128 466 148 165
is_linear=0
shrinkage=0.05


Tree=7
num_leaves=31
num_cat=0
split_feature=1 1 7 0 0 1 4 1 12 0 6 13 3 7 0 1 11 2 2 12 4 6 15 9 9 9 0 0 7 10
split_gain=18.59 5.44243 3.95923 2.40205 2.37857 1.66105 1.56391 1.16989 1.13011 1.01623 1.14247 1.17583 0.94138 0.881286 0.732205 0.741758 0.708001 0.769233 0.661095 0.61402 0.61124 0.558364 0.518227 0.548656 0.470604 0.395965 0.395025 0.461641 0.374802 0.287178
threshold=0.0035545000000000004 0.028418900000000004 0.090811750000000011 4.9449450000000015 0.96284300000000012 0.0015310800000000002 14.309950000000002 0.047517500000000011 2.5000000000000004 1.9513150000000001 0.014017050000000001 1.0000000180025095e-35 1.5000000000000002 0.0043831250000000007 8.239250000000002 0.013081800000000003 18.500000000000004 0.90694050000000004 0.045956850000000007 3.5000000000000004 41.492150000000002 0.028901700000000006 1.0000000180025095e-35 1375.5000000000002 1748.5000000000002 2709.5000000000005 2.9914650000000003 1.8433900000000003 0.015466700000000002 18.500000000000004
decision_type=2 2 2 2 2 2 2 2 2 2 2 2 2 2 2 2 2 2 2 2 2 2 2 2 2 2 2 2 2 2
left_child=5 2 4 -3 12 28 16 -5 -8 10 11 13 -2 -7 15 18 17 -4 -6 -19 -11 -17 26 -24 -16 -26 27 -20 29 -1
right_child=1 3 6 7 14 9 8 -9 -10 20 -12 -13 -14 -15 24 21 -18 19 22 -21 -22 -23 23 -25 25 -27 -28 -29 -30 -31
leaf_value=-0.0094506230163155167 0.0040290019471488818 0.039238198626487891 -0.0022543727969732072 0.0046258139552074811 -0.0085621286215739247 0.0026696830999570782 0.033832034177223767 0.027394398216856432 0.01218699531170858 -0.007170724997198296 -0.0057498132750929713 -0.0032162028971628072 0.016810232498905852 0.012662051460504807 -0.0062872309614275482 0.0013388426367144362 -0.0025502866282799135 0.015232514939382647 -0.0003723887592917314 0.016130351353590776 0.0021217670726624833 0.0098686258420890849 0.0086389350246640802 0.00043698063670541653 0.0014236858617213159 -0.0042553907084762034 -0.0010548539282599434 0.010141056669833429 -0.0018203868094488818 -0.0081401167837825729
leaf_weight=1983 64 91 61 70 64 79 76 67 104 527 81 94 79 60 132 68 64 94 96 95 79 60 67 110 90 97 255 100 65 60
leaf_count=1983 64 91 61 70 64 79 76 67 104 527 81 94 79 60 132 68 64 94 96 95 79 60 67 110 90 97 255 100 65 60
internal_value=-0.000876392 0.00285928 0.00192567 0.0101316 0.000460217 -0.00334875 0.00572874 0.0059489 0.00944444 -0.00157609 0.000732483 0.00251073 0.00653846 0.00543165 -0.000302898 0.000487804 0.00359872 0.0048 -0.000158961 0.00637566 -0.00277228 0.00398437 0.000334394 0.00262712 -0.00233542 -0.000721926 -0.000565411 0.00112245 -0.00412239 -0.00424131
internal_weight=5032 2004 1776 228 1282 3028 494 137 180 920 314 233 143 139 1139 820 314 250 692 189 606 128 628 177 319 187 451 196 2108 2043
internal_count=5032 2004 1776 228 1282 3028 494 137 180 920 314 233 143 139 1139 820 314 250 692 189 606 128 628 177 319 187 451 196 2108 2043
is_linear=0
shrinkage=0.05


Tree=8
num_leaves=31
num_cat=0
split_feature=1 1 7 0 0 1 4 8 3 0 6 13 5 1 0 6 4 0 11 11 8 4 9 1 7 4 0 1 8 7
split_gain=17.4138 4.48391 2.37022 2.35557 2.24706 1.36955 1.19391 1.12439 1.02274 0.883997 1.00464 0.953763 0.711261 1.26934 0.816577 0.660586 0.658487 0.571307 0.515958 0.728734 0.482274 0.482188 0.718436 0.401786 0.360667 0.35857 0.333166 0.576159 0.427913 0.32767
threshold=0.0035545000000000004 0.027694300000000002 0.086384800000000012 0.96284300000000012 4.9449450000000015 0.0015310800000000002 14.309950000000002 10.591650000000001 1.5000000000000002 1.9513150000000001 0.014017050000000001 1.0000000180025095e-35 9.8105350000000016 0.0088221450000000017 2.8435100000000006 0.086483000000000018 0.89856950000000013 6.9951300000000005 15.500000000000002 11.500000000000002 7.408335000000001 0.16973300000000002 2219.5000000000005 0.014103750000000002 0.015466700000000002 41.492150000000002 0.42931600000000009 0.0003675215 7.6750000000000007 0.028446650000000004
decision_type=2 2 2 2 2 2 2 2 2 2 2 2 2 2 2 2 2 2 2 2 2 2 2 2 2 2 2 2 2 2
left_child=5 2 3 8 -3 24 18 -8 -2 10 11 16 13 29 -15 -6 -7 -9 19 23 -11 -16 -23 -4 26 -22 27 -1 -29 -5
right_child=1 4 6 12 15 9 7 17 -10 20 -12 -13 -14 14 21 -17 -18 -19 -20 -21 25 22 -24 -25 -26 -27 -28 28 -30 -31
leaf_value=-0.009678068494071327 0.0038275518497914371 0.036719830434825934 0.0092312627725184976 -0.0018949092380347258 0.0057762050435325478 0.0025515237139779063 0.01084495570475584 0.038795615583474892 0.016177686042383583 0.0032125843985208492 -0.0054623226113383215 -0.0030553927523046683 -0.0046926264000231345 0.01876046381915486 0.0057035284092705543 0.023731181452995419 0.012385304493246608 0.015426535106217922 2.1311576129243518e-05 0.027641841484021143 -0.0074725361344125151 0.0019635902187240257 -0.0039033195583565057 -0.0014948224774356601 -0.0017293674689764366 0.00011347826853307895 -0.0093786004691540359 -0.0058511731612484385 0.00022626860054287854 0.0003005527862265197
leaf_weight=302 64 95 84 414 88 76 61 60 77 64 81 94 179 71 103 64 63 61 109 66 472 83 64 60 65 70 1565 60 116 201
leaf_count=302 64 95 84 414 88 76 61 60 77 64 81 94 179 71 103 64 63 61 109 66 472 83 64 60 65 70 1565 60 116 201
internal_value=-0.000955884 0.00265968 0.00177291 0.000613056 0.00896761 -0.00334875 0.00468064 0.00791209 0.00670213 -0.00173913 0.000414012 0.00208154 -0.000156952 0.000395298 0.00294392 0.00519737 0.00471223 0.0107025 0.00283699 0.00428571 -0.00285479 0.0016 -0.000238096 0.00229167 -0.00405123 -0.00333948 -0.00416789 -0.00301255 -0.000738638 -0.000934961
internal_weight=5032 2004 1757 1256 247 3028 501 182 141 920 314 233 1115 936 321 152 139 121 319 210 606 250 147 144 2108 542 2043 478 176 615
internal_count=5032 2004 1757 1256 247 3028 501 182 141 920 314 233 1115 936 321 152 139 121 319 210 606 250 147 144 2108 542 2043 478 176 615
is_linear=0
shrinkage=0.05


Tree=9
num_leaves=31
num_cat=0
split_feature=1 1 0 7 0 8 1 4 9 5 0 6 0 7 10 1 6 7 15 9 9 9 8 8 0 0 0 1 10 4
split_gain=15.6772 4.02321 1.98374 2.1767 1.92753 1.58191 1.40607 0.907084 0.862269 0.848644 0.839934 0.762704 0.752285 0.720181 0.695413 0.628176 0.69546 0.622058 0.589294 0.655695 0.517314 0.511244 0.463081 0.43245 0.414561 0.634695 0.394937 0.67287 0.339626 0.3374
threshold=0.0035545000000000004 0.027694300000000002 0.96284300000000012 0.086384800000000012 4.9449450000000015 7.7750000000000012 0.0015310800000000002 1.3379500000000004 1399.5000000000002 5.020690000000001 1.9513150000000001 0.014017050000000001 10.070500000000001 0.0043831250000000007 9.5000000000000018 0.013081800000000003 0.028901700000000006 -0.016879749999999995 1.0000000180025095e-35 1375.5000000000002 1523.5000000000002 1591.5000000000002 7.408335000000001 24.741650000000003 2.9914650000000003 1.8433900000000003 0.13728400000000004 0.00024857200000000002 2.5000000000000004 2.2425350000000006
decision_type=2 2 2 2 2 2 2 2 2 2 2 2 2 2 2 2 2 2 2 2 2 2 2 2 2 2 2 2 2 2
left_child=6 2 5 12 -3 -2 26 -5 -7 21 11 13 15 17 -6 18 -17 -8 24 -20 -11 -9 -12 -14 25 -4 27 -1 29 -24
right_child=1 4 3 7 14 8 10 9 -10 20 22 -13 23 -15 -16 16 -18 -19 19 -21 -22 -23 28 -25 -26 -27 -28 -29 -30 -31
leaf_value=-0.00930047886361581 -0.00084246542810765949 0.034883838913084636 -0.00084938549002217803 -0.0013667224990798579 0.01987915545361978 0.022791790849329679 0.0024443805536372518 0.027435121586661171 0.013509065714857764 0.015033066318308872 0.0030519551785948072 -0.0051892064807714045 -0.0054558662725435062 0.0059205700257890896 0.0034951327216836909 0.0010391306620474027 0.01056206531635407 -0.0032067348802799992 0.0049570758139876638 -0.0022307190878418908 0.0056035148139675882 0.026267976376823078 -0.0068454564746968137 -0.0017692851236944885 -0.0017716201539362299 0.0085641173123403459 -0.0085407198366920616 0.000117838537180359 -0.0079488938156828028 0.00084042149195614471
leaf_weight=202 66 95 103 96 91 77 72 61 75 81 64 81 132 99 61 76 65 62 73 121 111 75 160 122 316 107 1775 131 306 76
leaf_count=202 66 95 103 96 91 77 72 61 75 81 64 81 132 99 61 76 65 62 73 121 111 75 160 122 316 107 1775 131 306 76
internal_value=-0.00104531 0.00238523 0.00154525 0.000912929 0.00836032 0.00600917 -0.00331572 0.00396226 0.00881579 0.00521341 -0.00168478 0.000414012 -0.000246638 0.00186695 0.00486842 0.000458768 0.00351064 -0.000522389 -0.00013889 0.00221649 0.00307292 0.00823529 -0.00277228 -0.0026378 -0.00100761 0.000714285 -0.00402752 -0.00244745 -0.00324723 -0.00182204
internal_weight=5032 2004 1757 1539 247 218 3028 424 152 328 920 314 1115 233 152 861 141 134 720 194 192 136 606 254 526 210 2108 333 542 236
internal_count=5032 2004 1757 1539 247 218 3028 424 152 328 920 314 1115 233 152 861 141 134 720 194 192 136 606 254 526 210 2108 333 542 236
is_linear=0
shrinkage=0.05


Tree=10
num_leaves=31
num_cat=0
split_feature=1 1 4 0 0 7 1 8 2 0 0 1 6 4 10 9 15 0 6 2 9 9 7 13 3 5 5 0 1 8
split_gain=13.6017 4.25792 1.98675 2.11453 1.73464 1.43537 1.37774 1.26304 0.919956 0.820801 0.758409 0.735863 0.761712 0.729182 0.928429 0.723638 0.59067 0.593407 0.533333 0.473871 0.567895 0.725275 0.798845 0.556012 0.468864 0.394971 1.03214 0.383168 0.67287 0.353921
threshold=0.0035545000000000004 0.027694300000000002 0.26947400000000005 4.7320400000000005 0.96284300000000012 0.081759500000000013 0.0015310800000000002 7.7750000000000012 0.90694050000000004 0.22869500000000001 10.070500000000001 0.013081800000000003 0.028901700000000006 8.5553900000000009 3.5000000000000004 1399.5000000000002 1.0000000180025095e-35 3.7940000000000005 0.006615750000000001 2.1387150000000008 979.50000000000011 1280.5000000000002 -0.071445549999999983 1.0000000180025095e-35 4.5000000000000009 5.020690000000001 6.1294950000000012 0.13728400000000004 0.00024857200000000002 24.741650000000003
decision_type=2 2 2 2 2 2 2 2 2 2 2 2 2 2 2 2 2 2 2 2 2 2 2 2 2 2 2 2 2 2
left_child=6 4 -3 -4 7 10 27 -2 -7 -8 11 19 -13 25 18 -9 17 -10 -15 -6 -21 -22 -23 -24 -19 -11 -27 28 -1 -12
right_child=1 2 3 -5 5 8 9 15 16 13 29 12 -14 14 -16 -17 -18 24 -20 20 21 22 23 -25 -26 26 -28 -29 -30 -31
leaf_value=-0.0088354549204350177 -0.00080034215670227713 0.011746502255931837 0.036066789800781478 0.027873361593253505 -0.0014002949128685245 -0.0027064776347089543 0.0045239842769681038 0.021652201306863194 0.027911567414445306 -0.0059230796585286651 -0.0054514529451757101 0.0009871741289450319 0.010622781206040341 -0.0032118109063330341 -0.0074919813265771663 0.012833612429114875 0.021275252052066429 -0.0019363234162120349 0.0092451187743134832 0.0066324466469629521 -0.0047947676869317356 -0.0026278799931985703 0.0088361932009057929 6.3731066230923405e-05 0.014113365807841498 0.005736506905635411 -0.0068101881919034038 -0.0081136838448574583 0.00011194661032134216 -0.0020249711453517254
leaf_weight=202 66 68 62 117 220 63 62 77 91 459 131 76 63 60 77 75 103 104 60 73 66 112 104 134 78 66 136 1775 131 121
leaf_count=202 66 68 62 117 220 63 62 77 91 459 131 76 63 60 77 75 103 104 60 73 66 112 104 134 78 66 136 1775 131 121
internal_value=-0.00118442 0.00201098 0.00815789 0.0109218 0.00114684 0.000555554 -0.00329921 0.0053211 0.00297266 -0.00168478 -0.000409092 0.000306603 0.00363309 -0.00208625 0.000583755 0.00782895 0.00390957 0.00269231 0.00333333 -0.000345558 0.000521471 -0.000192309 0.000714285 0.00235294 0.00104395 -0.002882 -0.00103961 -0.0040038 -0.00244745 -0.00281746
internal_weight=5032 2004 247 179 1757 1539 3028 218 439 920 1100 848 139 858 197 152 376 273 120 709 489 416 350 238 182 661 202 2108 333 252
internal_count=5032 2004 247 179 1757 1539 3028 218 439 920 1100 848 139 858 197 152 376 273 120 709 489 416 350 238 182 661 202 2108 333 252
is_linear=0
shrinkage=0.05


Tree=11
num_leaves=31
num_cat=0
split_feature=1 1 4 5 0 1 7 12 9 0 4 10 2 1 6 7 7 5 5 1 6 0 1 2 5 8 7 7 9 5
split_gain=13.1377 3.81301 1.91033 1.72951 1.57168 1.34971 1.17784 1.16924 1.14414 0.820801 0.697889 0.810118 0.597253 0.585883 0.653711 1.44762 0.535248 0.959704 0.507949 0.873451 0.671972 0.371578 0.67287 0.360559 0.893492 0.89063 0.505351 0.319694 0.301692 0.294446
threshold=0.0035545000000000004 0.027694300000000002 1.8185100000000003 0.84303850000000013 0.96284300000000012 0.0015310800000000002 0.090811750000000011 4.5000000000000009 1399.5000000000002 0.22869500000000001 10.442300000000001 3.5000000000000004 1.3651650000000002 0.007967115000000002 0.034493300000000005 -0.068620499999999987 -0.082585949999999977 5.6345900000000011 5.6345900000000011 0.012166400000000003 0.013577150000000001 0.13728400000000004 0.00024857200000000002 2.1387150000000008 3.8976200000000003 14.541650000000002 0.022767450000000005 0.012185250000000002 1302.5000000000002 6.9353600000000002
decision_type=2 2 2 2 2 2 2 2 2 2 2 2 2 2 2 2 2 2 2 2 2 2 2 2 2 2 2 2 2 2
left_child=5 4 3 -3 7 21 13 8 -2 -7 -11 -12 -8 23 16 -16 29 -18 19 -14 -20 22 -1 26 25 -25 -6 -23 -26 -15
right_child=1 2 -4 -5 6 9 12 -9 -10 10 11 -13 18 14 15 -17 17 -19 20 -21 -22 27 -24 24 28 -27 -28 -29 -30 -31
leaf_value=-0.0083936821744132663 0.034629474236163443 0.018282033958119649 0.037072649328468175 0.0052306046771989148 -0.0051402616535690428 0.0042977850631196989 -0.0019448013501437355 0.00093525734279329786 0.0079177308945738347 -0.0052218470718569145 0.0027554924841718216 -0.0069894888277499305 0.026485709544528852 0.00081245350163864207 0.0057879795203830322 -0.00090673759216865289 -0.001683588689399061 0.0178947158174469 0.024081890890918251 0.0062742357087449173 -0.0014092903689631201 -0.0081203848692522201 0.000106349279805276 0.0069257361020495789 -0.0024580763053247681 -0.0015383418389558685 0.0002762199182744643 -0.0027083468720716375 -0.00084816967768283321 -0.005159762630718049
leaf_weight=202 61 62 85 100 141 62 69 83 74 671 116 71 84 73 78 62 93 64 64 79 111 1648 131 60 86 71 60 127 235 109
leaf_count=202 61 62 85 100 141 62 69 83 74 671 116 71 84 73 78 62 93 64 64 79 111 1648 131 60 86 71 60 127 235 109
internal_value=-0.00120429 0.00193613 0.00775304 0.0045679 0.00111838 -0.0032827 0.000555554 0.00509174 0.00796296 -0.00168478 -0.00208625 0.000614972 0.00286241 -0.000273853 0.00105428 0.00392857 -0.000132745 0.00200637 0.00372781 0.0057362 0.00185714 -0.00398008 -0.00244745 -0.00124809 -0.000464603 0.00301527 -0.00300995 -0.00426761 -0.00188474 -0.00197802
internal_weight=5032 2004 247 162 1757 3028 1539 218 135 920 858 187 407 1132 479 140 339 157 338 163 175 2108 333 653 452 131 201 1775 321 182
internal_count=5032 2004 247 162 1757 3028 1539 218 135 920 858 187 407 1132 479 140 339 157 338 163 175 2108 333 653 452 131 201 1775 321 182
is_linear=0
shrinkage=0.05


Tree=12
num_leaves=31
num_cat=0
split_feature=1 1 0 1 0 7 8 0 7 13 11 1 6 0 2 4 3 1 4 15 9 3 0 0 10 8 0 1 2 7
split_gain=11.6386 3.38883 1.92141 1.59591 1.46391 1.30743 1.07038 0.877754 0.849467 0.820187 0.711673 0.869035 0.828634 0.608057 0.589076 0.539688 0.532895 0.50341 0.854665 0.565047 0.619924 0.485306 0.440619 0.60002 0.408333 0.342438 0.337876 0.67287 0.336462 0.297731
threshold=0.0035545000000000004 0.028418900000000004 4.9449450000000015 0.0015310800000000002 0.96284300000000012 0.090811750000000011 7.7750000000000012 1.9513150000000001 0.27338450000000009 1.0000000180025095e-35 14.500000000000002 0.0093748950000000029 0.04844865000000001 10.070500000000001 1.9859850000000001 41.492150000000002 2.5000000000000004 0.013081800000000003 0.15258850000000004 1.0000000180025095e-35 1375.5000000000002 5.5000000000000009 2.9914650000000003 1.8433900000000003 4.5000000000000009 24.741650000000003 0.13728400000000004 0.00024857200000000002 4.5669100000000009 0.012185250000000002
decision_type=2 2 2 2 2 2 2 2 2 2 2 2 2 2 2 2 2 2 2 2 2 2 2 2 2 2 2 2 2 2
left_child=3 4 -3 26 6 13 -2 9 -4 14 11 -7 24 17 -5 -9 -8 19 -19 22 -21 -12 23 -6 -13 -15 27 -1 -22 -28
right_child=1 2 8 7 5 10 16 15 -10 -11 21 12 -14 25 -16 -17 -18 18 -20 20 28 -23 -24 -25 -26 -27 29 -29 -30 -31
leaf_value=-0.0079739980656926036 -0.00098165029584555284 0.030448803802622399 0.017367932222450921 -0.00070350590472548821 -0.00049408731863446066 0.020493872798200585 0.017117476048010314 -0.0059566779289187965 -0.00071275390261317691 -0.0033222433080031563 -0.0023998118266039489 0.025100864799633145 -0.0022859474954496899 -0.0052414273618196124 0.0044932129730839735 0.0019907996521129588 0.017416847122217322 0.010582248926017496 -0.00023463345224235344 0.0052790536312913175 -0.007691819578354026 0.017581621728327501 -0.0014871598568602146 0.0072316994469706136 0.014258961955300291 -0.001056237778126617 -0.0077143656257896102 0.00010103181581501122 0.0045151709861044652 -0.0025729295284680556
leaf_weight=202 66 91 72 77 104 61 76 527 65 130 106 60 70 135 107 79 76 60 85 76 65 62 318 110 60 126 1648 131 60 127
leaf_count=202 66 91 72 77 104 61 76 527 65 130 106 60 70 135 107 79 76 60 85 76 65 62 318 110 60 126 1648 131 60 127
internal_value=-0.00119436 0.00176148 0.0075 -0.0031506 0.00102477 0.000487804 0.00486238 -0.00141304 0.00375912 0.000732483 0.00287589 0.00456175 0.00289474 -0.000390695 0.00288043 -0.00252475 0.00717105 0.000239179 0.00293103 -0.000293316 0.00196517 0.000357142 -0.00114662 0.000607475 0.00541667 -0.00250958 -0.00390892 -0.00244745 -0.000200001 -0.0041831
internal_weight=5032 2004 228 3028 1776 1558 218 920 137 314 419 251 190 1139 184 606 152 878 145 733 201 168 532 214 120 261 2108 333 125 1775
internal_count=5032 2004 228 3028 1776 1558 218 920 137 314 419 251 190 1139 184 606 152 878 145 733 201 168 532 214 120 261 2108 333 125 1775
is_linear=0
shrinkage=0.05


Tree=13
num_leaves=31
num_cat=0
split_feature=1 1 0 1 4 12 3 7 3 1 0 2 7 3 9 4 1 8 3 1 2 1 15 0 4 0 1 0 7 10
split_gain=10.4863 3.30295 1.78947 1.40248 1.34664 1.26353 1.18357 1.1503 0.995755 0.790514 0.773332 0.70307 0.643589 0.575178 0.460231 0.451396 0.421055 0.439749 0.395135 0.777342 0.653848 0.641144 0.450876 0.627285 0.373681 0.368952 0.715349 0.310799 0.293899 0.244073
threshold=0.0035545000000000004 0.035238500000000013 0.96284300000000012 0.0015310800000000002 1.5644250000000002 4.5000000000000009 3.5000000000000004 0.13815900000000003 6.5000000000000009 0.0081454950000000009 0.22869500000000001 7.8111100000000002 0.032585800000000005 2.5000000000000004 2970.5000000000005 15.669250000000002 0.0088221450000000017 12.658350000000002 1.5000000000000002 0.0051561400000000009 12.360750000000001 0.0088221450000000017 1.0000000180025095e-35 4.8562100000000008 8.5553900000000009 0.20485750000000003 0.00024857200000000002 -0.095521849999999978 0.012185250000000002 2.5000000000000004
decision_type=2 2 2 2 2 2 2 2 2 2 2 2 2 2 2 2 2 2 2 2 2 2 2 2 2 2 2 2 2 2
left_child=3 2 5 25 18 9 -3 8 14 -2 -5 -9 13 15 16 -12 17 -6 19 -4 21 -21 -20 -24 -13 26 -1 -28 -27 -30
right_child=1 6 4 10 7 -7 -8 11 -10 -11 12 24 -14 -15 -16 -17 -18 -19 22 20 -22 -23 23 -25 -26 28 27 -29 29 -31
leaf_value=-0.0075800533532646933 0.0048370152655855154 0.0087445739597195125 -0.0052485032112931825 0.003884219133591835 0.0036787905092083781 -7.3345562153789634e-05 0.030087579320238048 0.029771989328029783 0.015148383456021004 0.033140123489309885 -0.0032705085403786382 0.038291887780000256 0.002032384444784549 -0.0071924056635521705 -0.003222142015695012 0.0020455906570286632 -0.0022367437738846376 -0.00084983776226571744 -0.0037466400772119893 0.00024151041979928985 -0.0032588271190597835 0.01770773186907653 -0.0028243556786712422 0.0027108982582075098 0.0033106980483041601 -0.007346202522769664 0.0017947139735437025 -0.0049837007373956113 0.00028206242783693561 -0.0043237834855718122
leaf_weight=214 66 60 85 62 88 85 111 90 81 72 344 61 103 336 70 75 74 114 402 96 85 106 76 100 82 1612 73 82 67 60
leaf_count=214 66 60 85 62 88 85 111 90 81 72 344 61 103 336 70 75 74 114 402 96 85 106 76 100 82 1612 73 82 67 60
internal_value=-0.00129372 0.00151197 0.000891979 -0.0031506 0.000310558 0.00508968 0.00815789 0.00204545 0.000503512 0.00804348 -0.00152174 0.00487124 -0.00191142 -0.00241722 -0.000664741 -0.00118139 0.000253622 0.00143564 -0.000894738 0.000376343 0.00162021 0.00316832 -0.0017128 0.000397726 0.00269231 -0.00386148 -0.00242548 0.000161289 -0.00416619 -0.00185039
internal_weight=5032 2004 1833 3028 1610 223 171 660 427 138 920 233 858 755 346 419 276 202 950 372 287 202 578 176 143 2108 369 155 1739 127
internal_count=5032 2004 1833 3028 1610 223 171 660 427 138 920 233 858 755 346 419 276 202 950 372 287 202 578 176 143 2108 369 155 1739 127
is_linear=0
shrinkage=0.05


Tree=14
num_leaves=31
num_cat=0
split_feature=1 1 0 7 0 12 4 3 7 1 0 3 3 1 4 1 5 3 1 2 6 9 6 1 8 6 4 0 1 12
split_gain=10.6005 2.948 1.51657 1.36248 1.15852 1.14814 1.01186 1.12876 0.964065 0.829241 1.15588 0.821269 0.699576 0.652229 0.642426 0.815102 0.50143 0.464526 0.718276 0.909201 0.491081 0.460231 0.458639 0.421055 0.439749 0.28854 0.723208 0.287482 0.52459 0.247725
threshold=0.0035545000000000004 0.035238500000000013 0.96284300000000012 0.032585800000000005 4.4795800000000012 4.5000000000000009 1.5644250000000002 6.5000000000000009 0.13815900000000003 0.0010193650000000002 0.18333800000000003 2.5000000000000004 8.5000000000000018 0.0081454950000000009 13.336650000000001 0.0017477950000000001 5.6345900000000011 2.5000000000000004 0.0088221450000000017 11.908500000000002 0.044683900000000006 2970.5000000000005 0.040386800000000007 0.0088221450000000017 12.658350000000002 0.0095664750000000014 0.68787600000000015 -0.20500099999999996 0.00010215500000000001 2.5000000000000004
decision_type=2 2 2 2 2 2 2 2 2 2 2 2 2 2 2 2 2 2 2 2 2 2 2 2 2 2 2 2 2 2
left_child=3 2 5 9 -3 13 17 8 21 27 -11 14 -9 -2 -12 -16 -10 18 -4 22 25 23 -20 24 -8 26 -19 28 -1 -22
right_child=1 4 6 -5 -6 -7 7 12 16 10 11 -13 -14 -15 15 -17 -18 20 19 -21 29 -23 -24 -25 -26 -27 -28 -29 -30 -31
leaf_value=-0.0058672365679595957 0.0045951645023062388 0.028965017145628588 -0.00098304163737530383 0.0034464825787357601 0.014438829530067461 -6.9678284046101113e-05 0.0034948509837479588 0.033105071404135065 0.022312951706995106 0.0034683663059324882 -0.0036412932459410196 -0.0065495747979969991 0.018156460231705134 0.031483117314844399 0.0021007920105080408 -0.0034025350728459866 0.0060377762409058672 -0.0046124427908034206 0.017890727804312234 -0.0049879640915079619 -0.0024646046279904591 -0.0030610349149102628 0.0047738831344246212 -0.0021249065851904072 -0.00080734587415243078 -0.0051522699121992867 0.0021870918251479226 -0.0073045408932651051 0.0002831137936981642 0.00076069477717387356
leaf_weight=61 66 63 285 119 108 85 88 74 86 75 521 542 86 72 67 61 68 78 69 75 60 70 63 74 114 177 64 1521 61 79
leaf_count=61 66 63 285 119 108 85 88 74 86 75 521 542 86 72 67 61 68 78 69 75 60 70 63 74 114 177 64 1521 61 79
internal_value=-0.0012341 0.00158683 0.00100109 -0.00310106 0.0078655 0.00486547 0.000465837 0.0019697 0.000799999 -0.00331557 -0.00235387 -0.002733 0.005625 0.00768116 -0.00153313 0.00164062 0.00409091 -0.000578949 0.000487804 0.00272947 -0.00172489 -0.000664741 0.00522727 0.000253622 0.00143564 -0.00280564 -0.00112676 -0.0040566 -0.00172131 0.000755394
internal_weight=5032 2004 1833 3028 171 223 1610 660 500 2909 1266 1191 160 138 649 128 154 950 492 207 458 346 132 276 202 319 142 1643 122 139
internal_count=5032 2004 1833 3028 171 223 1610 660 500 2909 1266 1191 160 138 649 128 154 950 492 207 458 346 132 276 202 319 142 1643 122 139
is_linear=0
shrinkage=0.05


Tree=15
num_leaves=31
num_cat=0
split_feature=1 1 0 1 12 7 2 0 0 13 6 2 1 0 0 5 4 7 11 10 2 7 1 11 11 2 5 7 1 0
split_gain=9.61085 2.83846 1.64775 1.4191 1.14814 0.990746 1.17148 0.953008 0.877754 1.04084 0.778168 0.688985 0.652229 0.636559 0.583809 0.547709 0.539688 0.531263 0.406883 0.585809 0.453852 0.375005 0.322817 0.287587 0.35297 0.343749 0.763315 0.353959 0.403229 0.280367
threshold=0.0035545000000000004 0.035238500000000013 0.96284300000000012 0.0015310800000000002 4.5000000000000009 0.081759500000000013 0.67157500000000014 4.4795800000000012 1.9513150000000001 1.0000000180025095e-35 0.14253400000000002 1.9859850000000001 0.0081454950000000009 2.9914650000000003 1.3563200000000002 3.3798000000000004 41.492150000000002 0.0016049700000000001 17.500000000000004 7.5000000000000009 13.418100000000001 0.015075000000000002 0.0071385700000000012 1.5000000000000002 7.5000000000000009 2.4664950000000005 4.0226700000000006 -0.08640204999999998 0.0061910900000000007 0.60757950000000005
decision_type=2 2 2 2 2 2 2 2 2 2 2 2 2 2 2 2 2 2 2 2 2 2 2 2 2 2 2 2 2 2
left_child=3 2 4 21 12 10 -7 -3 9 11 13 -5 -2 14 -4 -8 -10 22 19 20 -17 29 -16 -15 -25 -26 -27 -28 -29 -1
right_child=1 7 5 8 -6 6 15 -9 16 -11 -12 -13 -14 23 17 18 -18 -19 -20 -21 -22 -23 -24 24 25 26 27 28 -30 -31
leaf_value=-0.0056541255621136346 0.004365406277190927 0.027516766288347157 -0.0049781973568484928 -0.00016705145273109424 -6.619436984379701e-05 -0.0029336620659379735 0.022812576400247569 0.013716888053564087 -0.0053021385238258157 -0.0028612179234540954 0.0048283936955014692 0.0040751125490081147 0.029908961449102173 -0.0080765333055257196 -0.0012692650861410493 0.0088927665098494906 0.001683940536130476 0.0080667648346959414 -0.0022082394253970794 -0.001680785235131372 0.022542394226744377 -0.00036196503965351339 0.011132170320247053 0.00051197958923940594 -0.004903279212629761 0.0030471049026641341 -0.0047000071657747264 -0.0022922964128030913 0.0060241230625732983 -0.0067331959976538293
leaf_weight=558 66 63 61 77 85 63 91 108 527 130 60 107 72 84 89 109 79 88 76 85 65 74 77 167 127 80 114 112 62 1476
leaf_count=558 66 63 61 77 85 63 91 108 527 130 60 107 72 84 89 109 79 88 76 85 65 74 77 167 127 80 114 112 62 1476
internal_value=-0.00127385 0.00141217 0.000837424 -0.00305152 0.00486547 0.000279502 0.00215746 0.0075731 -0.00141304 0.000732483 -0.000539698 0.00315217 0.00768116 -0.00085297 0.00103174 0.00309859 -0.00252475 0.00208661 0.00216418 0.00310811 0.00477011 -0.0037666 0.000421686 -0.00164879 -0.00129909 -0.0019697 -0.00119565 -0.00239583 -0.000977013 -0.00389381
internal_weight=5032 2004 1833 3028 223 1610 489 171 920 314 1121 184 138 1061 315 426 606 254 335 259 174 2108 166 746 662 495 368 288 174 2034
internal_count=5032 2004 1833 3028 223 1610 489 171 920 314 1121 184 138 1061 315 426 606 254 335 259 174 2108 166 746 662 495 368 288 174 2034
is_linear=0
shrinkage=0.05


Tree=16
num_leaves=31
num_cat=0
split_feature=1 1 0 7 4 7 0 2 12 8 1 3 9 0 4 4 1 11 11 8 15 1 3 11 1 4 8 1 0 0
split_gain=9.04587 2.7085 1.40234 1.34537 1.13647 1.29501 1.07045 1.00044 0.933932 0.932904 0.907962 1.25235 0.790514 0.772962 0.61552 0.471177 0.67886 0.349963 0.499263 0.463842 0.356932 0.422925 0.458647 0.546262 0.629551 0.43766 0.393854 0.402857 0.332191 0.287482
threshold=0.0035545000000000004 0.035238500000000013 0.96284300000000012 0.032585800000000005 3.7542350000000004 0.13815900000000003 4.4795800000000012 7.8111100000000002 4.5000000000000009 12.658350000000002 0.0010193650000000002 2.5000000000000004 1436.5000000000002 0.22869500000000001 38.951200000000007 13.336650000000001 0.0017477950000000001 21.500000000000004 19.500000000000004 42.183350000000011 1.0000000180025095e-35 0.0045455850000000004 2.5000000000000004 6.5000000000000009 0.0096923250000000016 1.4230100000000003 20.108350000000005 0.010592250000000003 3.7215250000000006 -0.20500099999999996
decision_type=2 2 2 2 2 2 2 2 2 2 2 2 2 2 2 2 2 2 2 2 2 2 2 2 2 2 2 2 2 2
left_child=3 2 8 10 17 9 -3 -7 12 14 29 13 -2 -12 -6 -15 -17 18 19 20 21 -4 23 -23 -25 -24 27 28 -22 -1
right_child=1 6 4 -5 5 7 -8 -9 -10 -11 11 -13 -14 15 -16 16 -18 -19 -20 -21 26 22 25 24 -26 -27 -28 -29 -30 -31
leaf_value=-0.0027058097144964308 0.029383532419307874 0.026140927973929796 -0.0051575158737360727 0.0031641740140074892 -0.00021327811433880539 0.029845216419918375 0.013031043650885882 0.017067498762932089 -6.2884651351607704e-05 -0.0013570617274462262 0.005018985070247642 -0.0059397731916010395 0.0090720142796606486 -0.0034678467161723052 0.0071733276917652113 0.0020259713094869874 -0.0027109975112483658 -0.0050756163981461174 0.0056869214768092147 -0.0046267878514741987 -0.0049047522497124869 -0.0031496802633387134 -0.0040694969178192465 -0.00031764095079641963 0.010180578433955612 0.0024967776718786885 0.0043186427189971042 -0.0051338433771454736 0.010706598129142965 -0.0066026540487191593
leaf_weight=122 66 63 63 119 63 73 108 107 85 186 64 565 72 511 74 66 60 101 77 60 63 72 204 108 87 72 77 63 60 1521
leaf_count=122 66 63 63 119 63 73 108 107 85 186 64 565 72 511 74 66 60 101 77 60 63 72 204 108 87 72 77 63 60 1521
internal_value=-0.0013434 0.00126247 0.000701035 -0.00306803 0.000186334 0.00215706 0.0072807 0.00555555 0.00441704 0.000263157 -0.0032812 -0.00227488 0.00695652 -0.000863054 0.00339416 -0.00138933 0.00134921 -0.000709125 -0.000427437 -0.000748117 -0.000454547 -0.00112211 -0.000672193 0.000805242 0.00217949 -0.00210145 0.00108365 -0.000161292 0.00150406 -0.0040566
internal_weight=5032 2004 1833 3028 1610 503 171 180 223 323 2909 1266 138 701 137 637 126 1107 1006 929 869 606 543 267 195 276 263 186 123 1643
internal_count=5032 2004 1833 3028 1610 503 171 180 223 323 2909 1266 138 701 137 637 126 1107 1006 929 869 606 543 267 195 276 263 186 123 1643
is_linear=0
shrinkage=0.05


Tree=17
num_leaves=31
num_cat=0
split_feature=1 1 0 1 4 7 3 0 6 2 4 13 3 4 8 1 7 9 15 0 1 5 4 0 1 0 10 9 4 7
split_gain=7.96867 2.78062 2.00931 1.32652 1.05092 1.16825 1.02661 0.894042 1.12591 0.826561 0.545996 0.515763 0.587968 0.500538 0.431622 0.37775 0.369934 0.339594 0.407337 0.525963 0.646677 0.454928 0.376141 0.321257 0.572878 0.544984 0.371686 0.261629 0.272648 0.203677
threshold=0.0035545000000000004 0.047517500000000011 0.96284300000000012 0.0015310800000000002 1.5644250000000002 0.13815900000000003 1.5000000000000002 0.98387550000000012 0.011162850000000002 7.8111100000000002 96.570700000000016 1.0000000180025095e-35 5.5000000000000009 1.2031200000000002 12.658350000000002 0.022115800000000001 0.015075000000000002 3169.5000000000005 1.0000000180025095e-35 2.9914650000000003 0.0071385700000000012 2.3009250000000003 0.54238050000000004 0.53056150000000013 0.00024857200000000002 -0.095521849999999978 1.5000000000000002 1469.5000000000002 1.6788600000000002 -0.017787099999999997
decision_type=2 2 2 2 2 2 2 2 2 2 2 2 2 2 2 2 2 2 2 2 2 2 2 2 2 2 2 2 2 2
left_child=3 2 6 16 17 11 -2 8 -5 -7 27 12 14 -8 -6 -11 23 18 19 20 -4 -20 -23 24 -1 -26 -27 28 -9 -29
right_child=1 -3 4 7 5 9 13 10 -10 15 -12 -13 -14 -15 -16 -17 -18 -19 21 -21 -22 22 -24 -25 25 26 -28 29 -30 -31
leaf_value=-0.0064324295645153372 0.00022564304627838879 0.018530698864263673 -0.0011984547707874979 0.0025656754890133375 0.0046156742069397476 0.026246200783798537 0.024654212330835638 -0.0050062810597325128 -0.001373089569274165 -0.00015424938765629898 0.0013202162431194722 -0.0018168059067346879 0.01419006755381424 0.0080799378707442273 -0.001264294204137239 0.024896650636597351 -8.3957240336133071e-05 0.00091474202126747115 0.0015088000639807923 -0.0027400597002480423 0.010703601546527001 -0.0058232234779487047 0.0092523790700881053 -0.0060166792177979772 0.0023892860238627581 -0.00051228936736218004 -0.005673974811812592 -0.0030953630227918459 0.0019665957390174829 -0.0057753262836904972
leaf_weight=265 77 114 69 113 78 93 60 185 66 92 62 144 76 95 133 66 74 97 111 437 104 97 61 1511 73 80 105 142 61 291
leaf_count=265 77 114 69 113 78 93 60 185 66 92 62 144 76 95 133 66 74 97 111 437 104 97 61 1511 73 80 105 142 61 291
internal_value=-0.00143283 0.00101297 0.000555554 -0.00305152 -5.42835e-05 0.00145161 0.00491379 -0.00146739 0.00170391 0.00416335 -0.00223347 -0.000127611 0.00109756 0.00725806 -0.000260665 0.00196202 -0.00374289 -0.00110656 -0.00141638 -0.00213115 0.000202311 0.00020446 -0.00151899 -0.00386922 -0.00280115 -0.00112403 -0.00256757 -0.00264359 -0.00134146 -0.00338337
internal_weight=5032 2004 1890 3028 1658 682 232 920 179 251 741 431 287 155 211 158 2108 976 879 610 173 269 158 2034 523 258 185 679 246 433
internal_count=5032 2004 1890 3028 1658 682 232 920 179 251 741 431 287 155 211 158 2108 976 879 610 173 269 158 2034 523 258 185 679 246 433
is_linear=0
shrinkage=0.05


Tree=18
num_leaves=31
num_cat=0
split_feature=1 1 1 4 0 3 13 12 8 7 15 0 0 5 10 2 7 1 7 3 0 4 0 1 0 6 8 8 11 5
split_gain=7.71523 2.0631 2.00411 1.10429 1.07802 0.935167 0.841853 1.28539 0.828636 0.761678 1.15892 0.654905 0.646465 0.494337 0.310325 0.523345 0.885956 0.425093 0.302138 0.301456 0.349495 0.45497 0.299087 0.632606 0.379803 0.243201 0.548571 0.453492 0.231505 0.221244
threshold=0.0060891600000000006 0.0015518550000000002 0.035238500000000013 8.0593750000000011 0.22869500000000001 3.5000000000000004 1.0000000180025095e-35 4.5000000000000009 15.891650000000002 0.032585800000000005 1.0000000180025095e-35 5.2154950000000015 0.94061000000000006 5.1744350000000008 8.5000000000000018 3.9879100000000007 -0.093741799999999986 0.013332000000000002 0.015075000000000002 3.5000000000000004 6.5886300000000011 15.669250000000002 0.20485750000000003 0.00024857200000000002 -0.095521849999999978 0.034493300000000005 10.408350000000002 8.1916650000000022 10.500000000000002 6.485450000000001
decision_type=2 2 2 2 2 2 2 2 2 2 2 2 2 2 2 2 2 2 2 2 2 2 2 2 2 2 2 2 2 2
left_child=1 18 3 8 -3 -4 7 11 12 19 13 -5 -2 -11 15 17 -17 -10 22 20 21 29 23 -1 -25 27 -27 -14 -29 -6
right_child=2 4 5 6 9 -7 -8 -9 14 10 -12 -13 25 -15 -16 16 -18 -19 -20 -21 -22 -23 -24 24 -26 26 -28 28 -30 -31
leaf_value=-0.0060559774531125064 0.01826488290200156 0.0030706278966063719 0.0032496747481250733 0.039925316944982622 -0.00088250084798423647 0.024425009350950336 -0.0016361205480855804 0.0047476206258009364 -0.0064267373283930247 0.00068023496348151239 0.0052770521602772584 0.012204916973031589 0.010419566397907455 -0.0049542691521369565 -0.0049857132676597374 -0.0010814070880121338 0.0062413491755009144 0.00019310952056050235 -0.00023194768718230613 -0.0055187622248098929 -0.0056864208725885008 0.0018966687740407575 -0.0056971593566076872 0.0022698217226696199 -0.005200645313294899 -0.00041304169749722556 0.0030810868906927381 -0.0035101566427257567 -0.00060796738517137348 -0.0062873578886815454
leaf_weight=212 100 96 60 61 420 111 90 95 93 106 100 65 109 87 101 61 90 67 82 353 158 72 1682 73 79 79 66 96 100 68
leaf_count=212 100 96 60 61 420 111 90 95 93 106 100 65 109 87 101 61 90 67 82 353 158 72 1682 73 79 79 66 96 100 68
internal_value=-0.00147258 -0.00271461 0.00161357 0.000930871 -0.00126712 0.00669591 0.0035209 0.00518099 9.35539e-05 -0.00162757 0.000631398 0.00849206 0.00136364 -0.00163213 -0.00160194 -0.000819937 0.00129139 -0.0028125 -0.00370771 -0.00224557 -0.00165738 -0.00107143 -0.00382698 -0.00252747 -6.57907e-05 0.000555554 0.00224138 -0.000245903 -0.00168367 -0.00161885
internal_weight=5032 3588 1444 1273 1460 171 311 221 962 1364 293 126 550 193 412 311 151 160 2128 1071 718 560 2046 364 152 450 145 305 196 488
internal_count=5032 3588 1444 1273 1460 171 311 221 962 1364 293 126 550 193 412 311 151 160 2128 1071 718 560 2046 364 152 450 145 305 196 488
is_linear=0
shrinkage=0.05


Tree=19
num_leaves=31
num_cat=0
split_feature=1 1 1 9 0 0 6 4 7 12 4 5 11 0 7 0 7 1 4 12 0 7 3 0 1 0 2 5 4 9
split_gain=7.33025 2.36417 1.29901 1.2949 1.05838 0.894042 0.821141 0.775948 0.861465 0.776937 0.713803 0.79268 0.898462 0.683017 0.573041 0.595193 0.44573 0.390088 0.879853 0.478361 0.366488 0.364898 0.341667 0.307665 0.632606 0.379803 0.305352 0.386639 0.521611 0.283109
threshold=0.0035545000000000004 0.023044300000000004 0.0015310800000000002 2769.5000000000005 5.7483650000000006 0.98387550000000012 0.011162850000000002 8.0593750000000011 0.056234900000000011 4.5000000000000009 0.26947400000000005 9.3431550000000012 11.500000000000002 0.20485750000000003 0.071783750000000021 9.1262750000000015 0.032585800000000005 0.0088221450000000017 0.021718000000000005 1.0000000180025095e-35 2.6984800000000004 0.015075000000000002 2.5000000000000004 0.20485750000000003 0.00024857200000000002 -0.095521849999999978 2.1387150000000008 2.7154500000000001 0.35056350000000008 1684.5000000000002
decision_type=2 2 2 2 2 2 2 2 2 2 2 2 2 2 2 2 2 2 2 2 2 2 2 2 2 2 2 2 2 2
left_child=2 4 21 10 7 6 -4 13 -9 -10 -3 12 -12 -2 -6 -16 22 26 -19 -20 -21 23 29 24 -1 -26 -15 -28 -29 -7
right_child=1 3 5 -5 14 16 -8 8 9 -11 11 -13 -14 17 15 -17 -18 18 19 20 -22 -23 -24 -25 25 -27 27 28 -30 -31
leaf_value=-0.0057531785804568808 0.014665801316027682 0.0041781516088869033 0.0023233921349778879 -0.0029514157060093874 -0.0030633098263123646 0.0004776406390622462 -0.0012603100484112437 -0.0011285727327006519 0.019531764802360088 0.00062531670610065982 0.015378803644099562 0.029725625660278129 0.009347624705215149 -0.0013252169769772592 -0.0043655553633745797 0.010431553094603254 0.00019635281799290454 0.015970281910778525 0.0064112921069369323 -0.006212404602160498 -0.00060296556422758188 -6.8161993960211623e-05 -0.0054701378864407263 -0.0054060322148453991 0.002156330636536139 -0.0049406130476301541 0.0087794493667945877 -0.0038385767106188413 0.0030091106646864541 -0.0035262082186090374
leaf_weight=212 77 78 113 63 430 135 66 76 118 67 63 60 78 151 83 120 91 67 76 60 89 74 313 1670 73 79 60 118 70 202
leaf_count=212 77 78 113 63 430 135 66 76 118 67 63 60 78 151 83 120 91 67 76 60 89 74 313 1670 73 79 60 118 70 202
internal_value=-0.00148251 0.000863272 -0.00303501 0.00464912 8.42347e-05 -0.00146739 0.00170391 0.00107386 0.00342912 0.00527027 0.00611111 0.00768657 0.0056383 0.000273436 -0.00152449 0.000665023 -0.00223347 -0.000224314 0.00116438 -0.000333335 -0.00197987 -0.00371917 -0.00269231 -0.00384464 -0.00252747 -6.57907e-05 -0.0012406 -0.000161292 -0.0012766 -0.00158754
internal_weight=5032 2004 3028 342 1662 920 179 1029 261 185 279 201 141 768 633 203 741 691 292 225 149 2108 650 2034 364 152 399 248 188 337
internal_count=5032 2004 3028 342 1662 920 179 1029 261 185 279 201 141 768 633 203 741 691 292 225 149 2108 650 2034 364 152 399 248 188 337
is_linear=0
shrinkage=0.05


Tree=20
num_leaves=31
num_cat=0
split_feature=1 1 0 9 4 6 5 12 9 3 2 9 5 6 5 8 2 5 3 9 2 12 4 0 7 6 7 0 1 0
split_gain=7.36854 2.91749 1.29365 1.23708 1.20296 0.954733 0.789188 1.02981 1.09905 0.781804 1.21901 0.709211 0.600397 0.510098 0.58088 0.409253 0.563799 0.561134 0.600728 0.556588 0.429313 0.619925 0.320337 0.406574 0.314121 0.401639 0.302138 0.299087 0.632606 0.379803
threshold=0.0015518550000000002 0.023044300000000004 0.98387550000000012 2769.5000000000005 8.0593750000000011 0.027434450000000003 4.700260000000001 4.5000000000000009 1383.5000000000002 6.5000000000000009 10.187050000000001 1191.5000000000002 6.2358650000000013 0.0051283950000000009 0.16617750000000003 19.225000000000005 3.8236550000000005 0.43001400000000006 1.5000000000000002 2433.5000000000005 8.8172100000000011 3.5000000000000004 96.570700000000016 6.5886300000000011 0.015466700000000002 0.019866700000000004 0.015075000000000002 0.20485750000000003 0.00024857200000000002 -0.095521849999999978
decision_type=2 2 2 2 2 2 2 2 2 2 2 2 2 2 2 2 2 2 2 2 2 2 2 2 2 2 2 2 2 2
left_child=26 2 6 9 13 11 7 8 -2 10 -3 -6 -11 -4 -15 17 -17 -16 20 -18 21 -19 -13 -24 -20 -26 27 28 -1 -30
right_child=1 3 4 -5 5 -7 -8 -9 -10 12 -12 22 -14 14 15 16 19 18 24 -21 -22 -23 23 -25 25 -27 -28 -29 29 -31
leaf_value=-0.0054655196514340372 0.012735740546937428 0.0083502507105441322 -0.0043740211604841794 -0.0028038449207089169 0.0042134893456972711 0.013344394937439717 0.0059715859640474935 -0.0032535211853251221 -5.1136789088708464e-06 0.011436675842761012 -0.0068365470488429697 -0.0027210383865778837 0.04551793246576314 -0.0042509495408946116 0.0023061622764971304 -0.003963109337737596 -0.0046534840135474117 0.00056996947912089403 -0.0031573399189412767 0.0019459094767892244 -0.00079584908569229999 0.01204911161463995 0.0033171119402400032 -0.0045195731303866232 0.0069287232181462323 -0.0049581580043043518 -0.00021098134773967658 -0.0051419997780350326 0.0020485141047093323 -0.0046935823952486463
leaf_weight=212 63 88 399 63 90 132 105 104 114 62 69 169 60 267 61 159 92 66 192 99 113 61 82 72 61 61 82 1682 73 79
leaf_count=212 63 88 399 63 90 132 105 104 114 62 69 169 60 267 61 159 92 66 192 99 113 61 82 72 61 61 82 1682 73 79
internal_value=-0.00147258 0.000165288 -0.00041374 0.00450292 -0.00088695 0.00114679 0.00225388 0.000871885 0.00319209 0.0059319 0.00359872 -3.63208e-05 0.00893443 -0.00156652 -0.00106331 -0.000492229 -0.00185714 0.000284552 -0.000216608 -2.61792e-05 0.00166667 0.00366142 -0.00113003 0.000519479 -0.00165605 0.000327868 -0.00370771 -0.00382698 -0.00252747 -6.57907e-05
internal_weight=5032 2904 2562 342 2176 545 386 281 177 279 157 413 122 1631 1232 965 350 615 554 191 240 127 323 154 314 122 2128 2046 364 152
internal_count=5032 2904 2562 342 2176 545 386 281 177 279 157 413 122 1631 1232 965 350 615 554 191 240 127 323 154 314 122 2128 2046 364 152
is_linear=0
shrinkage=0.05


Tree=21
num_leaves=31
num_cat=0
split_feature=1 1 1 0 0 4 0 13 12 7 5 13 6 5 3 0 4 11 1 5 8 8 0 4 6 5 8 15 7 9
split_gain=6.59819 1.86687 1.79447 1.17438 0.824474 0.812673 0.851814 0.806088 0.999412 0.740327 0.935134 0.561642 0.4532 0.508271 0.447889 0.371727 0.367417 0.348776 0.330518 0.40609 0.304362 0.300412 0.320438 0.675498 0.858764 0.533135 0.454946 0.323046 0.295017 0.278849
threshold=0.0060891600000000006 0.0010193650000000002 0.035238500000000013 0.53056150000000013 3.7215250000000006 8.0593750000000011 0.15525850000000005 1.0000000180025095e-35 1.5000000000000002 0.032585800000000005 5.1744350000000008 1.0000000180025095e-35 0.011162850000000002 3.1866850000000002 2.5000000000000004 6.5886300000000011 25.158800000000003 5.5000000000000009 0.0023177150000000001 1.992075 42.183350000000011 30.791650000000004 6.4849100000000002 0.79339350000000008 0.039688050000000009 5.4491200000000006 11.975000000000001 1.0000000180025095e-35 -0.024733699999999994 1944.0000000000002
decision_type=2 2 2 2 2 2 2 2 2 2 2 2 2 2 2 2 2 2 2 2 2 2 2 2 2 2 2 2 2 2
left_child=1 -1 5 12 -4 6 -2 8 -7 14 11 -11 13 -3 15 16 17 -5 29 -20 21 22 23 24 26 -25 -8 -24 -16 -19
right_child=2 3 4 9 -6 7 20 -9 -10 10 -12 -13 -14 -15 28 -17 -18 18 19 -21 -22 -23 27 25 -26 -27 -28 -29 -30 -31
leaf_value=-0.0050210694302457518 0.015789129847787877 0.0044252192994906443 0.02177349347909454 -0.0033221602939698899 0.0096062639704361068 0.021132218618138465 0.0088436402275559132 -0.0019204098158137528 0.009076473314155304 0.0057852515750014717 -0.0030863207449346435 -0.00093279928290991132 -0.0020660857071884012 0.00054600808744506687 -0.0020354084805086245 -0.0055527461528506947 0.0021358076022242097 -0.00099089908014365099 0.0043410319513769524 -0.001310382820474347 -0.0027274588012132085 0.00045562444316643997 -0.0038171330669911751 -0.0023623458738459041 0.012150336765107211 0.0060278542326077517 -0.0041848544597823042 0.00022760788195820672 -0.0049068427524127231 -0.0052217404247114317
leaf_weight=1648 61 63 60 150 111 69 114 90 152 99 125 62 78 70 120 168 78 101 77 119 71 61 193 130 99 68 89 76 544 86
leaf_count=1648 61 63 60 150 111 69 114 90 152 99 125 62 78 70 120 168 78 101 77 119 71 61 193 130 99 68 89 76 544 86
internal_value=-0.00155207 -0.00270067 0.00130194 -0.00164949 0.00611111 0.00065593 -6.23713e-05 0.00287781 0.00450226 -0.00207924 0.000244754 0.00276397 0.00187204 0.00364662 -0.00253985 -0.00172657 -0.00115385 -0.00162289 -0.000822456 0.000612244 -0.000449502 -0.000180724 -0.000448636 0.000299999 0.00178808 -0.0019697 -7.38928e-05 -0.00184015 -0.00349398 -0.0023262
internal_weight=5032 3588 1444 1940 171 1273 962 311 221 1729 286 161 211 133 1443 779 611 533 383 196 901 830 769 500 302 198 203 269 664 187
internal_count=5032 3588 1444 1940 171 1273 962 311 221 1729 286 161 211 133 1443 779 611 533 383 196 901 830 769 500 302 198 203 269 664 187
is_linear=0
shrinkage=0.05


Tree=22
num_leaves=31
num_cat=0
split_feature=1 1 1 4 11 3 0 0 4 8 13 12 7 3 0 4 6 15 0 1 0 1 11 5 5 3 11 9 6 5
split_gain=6.23874 2.00348 1.35248 1.08375 0.958182 0.814296 0.676307 0.665236 0.453199 0.779637 0.641636 0.395317 0.354929 0.338256 0.628163 0.419671 0.458708 0.40147 0.334539 0.641926 0.488772 0.338262 0.311649 0.291595 0.977939 0.302138 0.589087 0.531878 0.26209 0.253157
threshold=0.0071385700000000012 0.0015310800000000002 0.035238500000000013 8.0593750000000011 5.5000000000000009 3.5000000000000004 0.24606250000000005 0.20485750000000003 3.0834400000000004 13.008350000000002 1.0000000180025095e-35 4.5000000000000009 0.015075000000000002 2.5000000000000004 2.9914650000000003 1.5644250000000002 0.026075500000000005 1.0000000180025095e-35 0.53056150000000013 0.00024857200000000002 -0.095521849999999978 0.00075832150000000001 8.5000000000000018 5.020690000000001 6.1294950000000012 1.5000000000000002 7.5000000000000009 1684.5000000000002 0.0038532000000000006 4.0835300000000005
decision_type=2 2 2 2 2 2 2 2 2 2 2 2 2 2 2 2 2 2 2 2 2 2 2 2 2 2 2 2 2 2
left_child=1 12 3 6 -5 -4 -2 -3 23 10 -10 -6 18 14 -8 17 -17 -15 19 -1 -21 -22 -11 25 -25 26 -9 -28 -26 -16
right_child=2 7 5 4 11 -7 13 8 9 22 -12 -13 -14 15 29 16 -18 -19 -20 20 21 -23 -24 24 28 -27 27 -29 -30 -31
leaf_value=-0.0049960208305271109 0.0071598221671941202 0.0029517929249938549 0.0014480291414491247 0.016576508356591971 0.01512660683653023 0.018352906904380278 0.011765012424914352 -0.0038373786620067487 0.0059590901153821997 -0.00067218146769068836 -0.00025221314976511333 -0.002976462328016587 -0.00027546579184974974 -0.0034054496833537361 0.0011343066899686619 0.00926048007817451 -0.001167130342962593 0.0001535658807528902 -0.0046582438251620414 0.0021675917801272922 -0.0046712830847162089 0.00018699239968977691 -0.0034758873862426871 0.0064165534671410812 -0.0047721738900421036 -0.0040583144458883258 0.0073654082119437234 -0.002063130194953577 -0.0014470283453909966 -0.0021237684234363492
leaf_weight=265 60 98 60 75 111 111 115 80 110 102 118 77 74 231 89 68 78 80 1511 73 109 76 151 106 132 447 70 115 111 129
leaf_count=265 60 98 60 75 111 111 115 80 110 102 118 77 74 231 89 68 78 80 1511 73 109 76 151 106 132 447 70 115 111 129
internal_value=-0.00162162 -0.00265208 0.00138629 0.000750223 0.00355513 0.00552631 -0.000117648 -0.00134146 -0.00159533 -0.000322247 0.00179824 0.00164893 -0.00367173 -0.00050633 0.000705705 -0.0013895 0.000821917 -0.00242765 -0.00379548 -0.00270555 -0.000930234 -0.0022973 -0.0022332 -0.00217248 -0.00098854 -0.00275281 -0.0014151 0.000135134 -0.00273663 -0.000871561
internal_weight=5032 3748 1284 1113 263 171 850 1640 1542 481 228 188 2108 790 333 457 146 311 2034 523 258 185 253 1061 349 712 265 185 243 218
internal_count=5032 3748 1284 1113 263 171 850 1640 1542 481 228 188 2108 790 333 457 146 311 2034 523 258 185 253 1061 349 712 265 185 243 218
is_linear=0
shrinkage=0.05


Tree=23
num_leaves=31
num_cat=0
split_feature=1 1 4 0 0 6 1 0 1 13 12 11 8 7 7 2 0 1 2 8 7 9 7 6 7 12 0 9 9 8
split_gain=5.97172 2.23977 1.1584 1.08713 0.928515 0.721286 0.694188 0.62046 0.622057 0.491033 0.6125 0.43783 0.410961 0.340234 0.332478 0.376141 0.313505 0.704792 0.292074 0.974433 1.20345 0.65803 0.466462 0.587529 0.270313 1.31644 0.344289 0.437587 0.405054 0.269597
threshold=0.0015310800000000002 0.028418900000000004 41.492150000000002 -0.068901299999999985 3.4018200000000003 0.051148500000000006 0.0088221450000000017 6.5886300000000011 0.007967115000000002 1.0000000180025095e-35 3.5000000000000004 20.500000000000004 36.433350000000011 0.015075000000000002 -0.010722249999999997 10.297450000000001 -0.20500099999999996 0.00014491050000000003 9.0910000000000011 7.8083350000000005 -0.037632299999999994 1436.5000000000002 0.0019742500000000007 0.018990150000000004 0.041454500000000012 3.5000000000000004 2.9914650000000003 2615.0000000000005 3099.0000000000005 8.2583350000000006
decision_type=2 2 2 2 2 2 2 2 2 2 2 2 2 2 2 2 2 2 2 2 2 2 2 2 2 2 2 2 2 2
left_child=13 2 3 -2 -3 -6 11 9 -9 10 -4 24 18 14 15 -1 17 -16 19 -8 -21 -22 -20 -24 26 -26 27 29 -29 -5
right_child=1 4 7 6 5 -7 12 8 -10 -11 -12 -13 -14 -15 16 -17 -18 -19 22 20 21 -23 23 -25 25 -27 -28 28 -30 -31
leaf_value=-0.0029534580854015447 0.012995183104106254 0.036767873117583554 0.011635028134648052 0.00011500212756464072 -0.0061268218636490587 0.014527741985848906 -0.0043259996330052286 -0.0052528459547378781 0.002723600085979144 5.7795817411784145e-05 0.0063809538401177965 -0.0049572533856226076 -0.0023826803057815211 -0.00026169250225726199 -0.0035145075930787029 0.00041627568458545188 -0.0045282538311744698 0.0017227807177034754 -0.0027572932289048608 0.011772760544070325 0.010861647240557416 -0.0036865153147658432 0.030054007388112564 -0.00089035975811444185 -0.0023593357146126808 0.0059738216540575068 -0.0029664302019115902 0.0014863546709836062 -0.0012711823295083087 -0.0022811981578170016
leaf_weight=97 68 69 64 112 61 98 73 76 62 102 80 170 82 74 69 61 1746 61 145 97 77 113 66 64 105 94 624 94 61 267
leaf_count=97 68 69 64 112 61 98 73 76 62 102 80 170 82 74 69 61 1746 61 145 97 77 113 66 64 105 94 624 94 61 267
internal_value=-0.00157194 -0.00010944 -0.000511871 -0.000934257 0.00464912 0.00254717 -0.001123 0.00203125 -0.000652175 0.00353658 0.00541667 -0.00172561 0.000160389 -0.00360057 -0.00372173 -0.00151899 -0.00390725 -0.00153846 0.00059055 0.00152778 0.00283972 0.000526315 -0.000636365 0.00153846 -0.00142594 0.000276381 -0.00171848 -0.000786518 0.00145161 -0.00170185
internal_weight=5032 2924 2696 2312 228 159 2244 384 138 246 144 1527 717 2108 2034 158 1876 130 635 360 287 190 275 130 1357 199 1158 534 155 379
internal_count=5032 2924 2696 2312 228 159 2244 384 138 246 144 1527 717 2108 2034 158 1876 130 635 360 287 190 275 130 1357 199 1158 534 155 379
is_linear=0
shrinkage=0.05


Tree=24
num_leaves=31
num_cat=0
split_feature=14 1 1 4 13 0 3 8 10 12 11 4 1 0 2 10 2 13 8 4 4 2 9 0 1 8 11 9 0 6
split_gain=5.38933 4.4648 2.34134 1.15747 1.19015 1.07933 0.910703 0.718758 0.610377 0.990918 0.583832 0.45652 0.377758 0.666027 0.653881 0.484967 0.37515 0.506411 0.472046 0.608531 0.448381 0.760503 0.370513 0.354375 0.486095 0.985767 0.427012 0.262086 0.367052 0.454539
threshold=1.0000000180025095e-35 0.0015310800000000002 0.028418900000000004 9.3900050000000004 1.0000000180025095e-35 0.20485750000000003 6.5000000000000009 14.808350000000003 3.5000000000000004 2.5000000000000004 8.5000000000000018 0.08445575000000001 0.0010193650000000002 0.60757950000000005 4.466800000000001 3.5000000000000004 3.9879100000000007 1.0000000180025095e-35 8.1916650000000022 0.77193400000000012 2.5388800000000002 13.418100000000001 1270.5000000000002 10.070500000000001 0.0046292750000000013 7.9750000000000005 11.500000000000002 1211.5000000000002 5.9379400000000011 0.015891400000000003
decision_type=2 2 2 2 2 2 2 2 2 2 2 2 2 2 2 2 2 2 2 2 2 2 2 2 2 2 2 2 2 2
left_child=1 12 3 5 6 22 8 -4 9 -5 -11 23 -1 -14 -15 -16 27 18 -18 -20 21 -21 -3 24 -7 -26 -27 -13 29 -29
right_child=-2 2 7 4 -6 11 -8 -9 -10 10 -12 16 13 14 15 -17 17 -19 19 20 -22 -23 -24 -25 25 26 -28 28 -30 -31
leaf_value=-0.0043240928273929492 0.04057596428603355 0.014046771199208059 0.020874386486221114 0.011423004872575675 -0.002326674356262839 -0.0019613978476540751 0.010008759327018057 0.005278192072250029 -0.0023151170867886485 0.0048682061636545169 -0.0021136289327028327 -0.0043640397426316846 0.00035960042551483632 -0.0041989190276015484 0.0022038010098575983 -0.0038942150371120603 0.010034150471819608 -0.0042617885862365583 -0.0033344768526715426 0.013541803380182946 -0.0010218455165536819 -0.00095456069043808552 0.00026557509278875752 -0.0052133757672407598 -0.0042179037359777191 0.00010200096530856001 0.011082339663930883 -0.0046410933696291899 -0.0053246552474639566 -8.3326505774912709e-05
leaf_weight=1642 65 60 99 70 208 311 71 117 106 79 86 160 69 231 87 73 73 220 115 63 68 61 65 117 63 99 109 113 149 183
leaf_count=1642 65 60 99 70 208 311 71 117 106 79 86 160 69 231 87 73 73 220 115 63 68 61 65 117 63 99 109 113 149 183
internal_value=-0.00161169 -0.00179887 -0.000514835 -0.000922991 0.000967741 -0.00150074 0.00252427 0.00449074 0.00145161 0.00287234 0.000757575 -0.00179622 -0.003549 -0.00228261 -0.00308184 -0.000625001 -0.00238589 -0.0015 -0.000394738 -0.00125407 0.000468749 0.00225806 0.003 -0.000779686 -0.000274915 0.00127306 0.00293269 -0.00326446 -0.00264045 -0.00162162
internal_weight=5032 4967 2865 2649 620 2029 412 216 341 235 165 1904 2102 460 391 160 1205 600 380 307 192 124 125 699 582 271 208 605 445 296
internal_count=5032 4967 2865 2649 620 2029 412 216 341 235 165 1904 2102 460 391 160 1205 600 380 307 192 124 125 699 582 271 208 605 445 296
is_linear=0
shrinkage=0.05


Tree=25
num_leaves=31
num_cat=0
split_feature=1 7 1 0 12 0 0 4 11 2 8 8 4 5 0 11 2 5 10 3 1 0 2 10 2 4 9 9 9 0
split_gain=5.58565 1.6148 1.44223 1.09969 0.833839 2.02945 0.757492 1.25716 0.4657 0.445038 0.674849 0.634903 0.512253 0.624705 0.81184 0.639434 0.487772 0.419047 0.394851 0.58601 0.374025 0.634442 0.730023 0.59342 0.372794 0.371671 0.357706 0.352295 0.32554 0.224752
threshold=0.0015310800000000002 0.13815900000000003 0.047517500000000011 -0.068901299999999985 1.0000000180025095e-35 3.6853600000000006 6.5886300000000011 92.633900000000025 20.500000000000004 12.174550000000002 19.225000000000005 16.641650000000002 25.158800000000003 5.544830000000001 4.8562100000000008 11.500000000000002 0.90694050000000004 7.7072300000000009 5.5000000000000009 3.5000000000000004 0.0010193650000000002 0.60757950000000005 4.3387600000000015 3.5000000000000004 3.7437500000000004 3.9218700000000006 1776.0000000000002 2382.0000000000005 2951.5000000000005 -0.20500099999999996
decision_type=2 2 2 2 2 2 2 2 2 2 2 2 2 2 2 2 2 2 2 2 2 2 2 2 2 2 2 2 2 2
left_child=20 2 3 -2 5 -3 7 8 9 10 11 12 13 14 15 -5 -17 25 19 28 29 -22 -23 -24 -12 -6 -18 -11 -8 -1
right_child=1 4 -4 6 17 -7 18 -9 -10 27 24 -13 -14 -15 -16 16 26 -19 -20 -21 21 22 23 -25 -26 -27 -28 -29 -30 -31
leaf_value=-0.0013554747935412283 0.010088689163119113 0.033132208432716963 0.016024107643457075 -0.0022581619663038462 -0.002201254227854933 0.0017887131176747577 -0.00399445349875969 0.005697029777601649 -0.0039912974738585951 -0.004821264616782955 -0.0034993259890045954 0.0057719205693997746 0.0033079376049544537 0.0042027152905528336 0.0016147185149619704 0.00039157760720676072 0.0061092126220338265 0.015868406305097275 -0.0041242914439460305 0.00034904242714417158 0.00034162040423909467 -0.0040497503491895293 0.0020914015225422093 -0.003778394551884614 0.0025192881937330536 0.0085125622233753993 -0.0027041450749256254 -0.00034008583610838414 0.0014845444539403332 -0.0042196522555501539
leaf_weight=122 66 71 63 343 98 108 218 113 168 126 192 102 78 94 63 88 61 77 303 110 69 228 88 75 80 102 73 66 61 1526
leaf_count=122 66 71 63 343 98 108 218 113 168 126 192 102 78 94 63 88 61 77 303 110 69 228 88 75 80 102 73 66 61 1526
internal_value=-0.00147258 -5.81407e-05 -0.00056321 -0.000758837 0.00267544 0.00533519 -0.000938436 -0.000355192 -0.000730119 -0.000424599 -5.96264e-05 0.000598668 0.000124999 -0.00029086 -0.000859874 -0.00146018 0.000630629 0.000956678 -0.00232659 -0.00127249 -0.00343454 -0.00217391 -0.00295397 -0.000398774 -0.00224265 -0.000250001 -0.00126866 -0.00265625 -0.00249104 -0.00378641
internal_weight=5032 2924 2468 2405 456 179 2339 1647 1534 1366 1174 902 800 722 628 565 222 277 692 389 2108 460 391 163 272 200 134 192 279 1648
internal_count=5032 2924 2468 2405 456 179 2339 1647 1534 1366 1174 902 800 722 628 565 222 277 692 389 2108 460 391 163 272 200 134 192 279 1648
is_linear=0
shrinkage=0.05


Tree=26
num_leaves=31
num_cat=0
split_feature=14 1 13 1 4 4 0 1 8 9 12 7 1 6 3 11 7 0 11 11 7 6 8 0 0 1 5 7 1 5
split_gain=5.32959 4.28308 1.89053 1.77209 1.07815 0.888728 0.876462 0.809614 0.734526 0.692046 0.606943 0.564155 0.474108 0.459674 0.377786 0.407756 0.354681 0.50103 0.397485 0.338935 0.496315 0.427929 0.314454 0.599155 0.31301 1.03417 0.277661 0.252571 0.249503 0.360327
threshold=1.0000000180025095e-35 0.0011414800000000003 1.0000000180025095e-35 0.028418900000000004 9.3900050000000004 1.8185100000000003 2.9914650000000003 0.0075885600000000011 12.658350000000002 2820.5000000000005 3.5000000000000004 -0.062753199999999981 0.0035545000000000004 0.0061921450000000005 2.5000000000000004 20.500000000000004 -0.066265199999999982 0.18333800000000003 4.5000000000000009 11.500000000000002 -0.032796199999999991 0.0037172200000000007 13.925000000000002 1.510105 0.62883650000000013 0.00056336950000000004 5.0494950000000012 0.011213250000000003 0.006669790000000001 1.4770050000000003
decision_type=2 2 2 2 2 2 2 2 2 2 2 2 2 2 2 2 2 2 2 2 2 2 2 2 2 2 2 2 2 2
left_child=1 24 3 4 6 11 9 8 -6 16 -9 -5 -8 -14 15 19 -3 -18 -19 21 -21 -4 23 -20 25 -1 -10 -26 29 -15
right_child=-2 2 14 5 7 -7 12 10 26 -11 -12 -13 13 28 -16 -17 17 18 22 20 -22 -23 -24 -25 27 -27 -28 -29 -30 -31
leaf_value=-0.0039301943495918742 0.038153601236779661 0.0095447716493665419 0.0011932805530993204 0.0075175565110984126 0.0039720461969619571 0.034222527188985101 -0.0043629744596443603 0.015454110464423458 -0.00064377479395637922 0.0083172669981178299 0.0091264767065503734 -0.0024290716054903697 -0.0056142698221635151 -0.00069986076205746234 -0.0040964977499005793 -0.0065296302127311944 0.0038065741427546307 -0.0038149771970545777 -0.00075306200128194794 0.0051418600354011367 -0.00066278744584380087 -0.0023654899076507893 -0.0019096619698095278 0.003122236885245704 -0.0042023843171957514 0.00018704680134736941 -0.00387459164528998 -0.0014504315353606504 -0.00065352087782884238 0.0018576854122615883
leaf_weight=409 65 80 61 60 122 65 297 72 80 61 92 62 104 65 526 69 97 117 89 65 150 198 98 74 1182 128 71 63 344 66
leaf_count=409 65 80 61 60 122 65 297 72 80 61 92 62 104 65 526 69 97 117 89 65 150 198 98 74 1182 128 71 63 344 66
internal_value=-0.0015322 -0.00171834 -0.000620095 0.000245745 -0.000204771 0.00489305 -0.000844505 0.0019794 0.000311354 0.000600648 0.0047561 0.00237705 -0.00186073 -0.00102764 -0.00233396 -0.00140884 4.50439e-05 -0.000473685 -0.0012963 -0.000886077 0.000581394 -0.00210425 -0.000210729 0.00113497 -0.00368126 -0.00267225 -0.00201987 -0.00411647 -0.000368422 0.00148855
internal_weight=5032 4967 3185 2116 1929 187 1492 437 273 616 164 122 876 579 1069 543 555 475 378 474 215 259 261 163 1782 537 151 1245 475 131
internal_count=5032 4967 3185 2116 1929 187 1492 437 273 616 164 122 876 579 1069 543 555 475 378 474 215 259 261 163 1782 537 151 1245 475 131
is_linear=0
shrinkage=0.05


Tree=27
num_leaves=31
num_cat=0
split_feature=1 7 7 0 12 0 0 4 1 1 7 2 7 2 0 7 3 9 11 4 15 1 7 1 0 8 2 2 1 0
split_gain=4.83353 1.33241 1.3367 1.1845 0.763183 1.71507 0.567784 0.659564 0.39406 0.478749 0.366905 0.715822 0.698052 0.589139 0.963516 0.472976 0.609861 0.486735 0.440214 0.481601 0.385173 0.351181 0.382823 0.327008 0.906323 0.558519 0.588194 0.308132 0.597357 0.576464
threshold=0.0015310800000000002 0.13815900000000003 -0.28403849999999992 -0.068901299999999985 1.5000000000000002 4.7320400000000005 8.239250000000002 124.26350000000001 0.013332000000000002 0.023044300000000004 -0.029902849999999998 11.908500000000002 0.0043831250000000007 9.9021100000000022 4.1072150000000009 0.010301200000000002 6.5000000000000009 1642.5000000000002 10.500000000000002 0.031780750000000003 1.0000000180025095e-35 0.0051561400000000009 0.027086750000000003 0.00038990100000000006 0.62883650000000013 7.6750000000000007 1.2622250000000002 4.3387600000000015 0.00098773600000000013 4.1424900000000013
decision_type=2 2 2 2 2 2 2 2 2 2 2 2 2 2 2 2 2 2 2 2 2 2 2 2 2 2 2 2 2 2
left_child=23 2 -2 -4 5 -3 7 10 -6 -10 11 13 -12 14 18 -14 20 -18 -5 -20 -17 22 -22 -1 25 -25 -27 -26 -29 -30
right_child=1 4 3 6 8 -7 -8 -9 9 -11 12 -13 15 -15 -16 16 17 -19 19 -21 21 -23 -24 24 27 26 -28 28 29 -31
leaf_value=-0.0044970643771388066 0.017774238133637033 0.030333079313647433 0.0088025243326172679 -0.002233950426465185 0.016532975274407686 -0.00017756220073853921 -0.0032111454541328965 0.0084434298921216479 -0.0053391962742221208 0.0072448458159256298 -0.0032888738502495373 -0.0037948469912392636 0.0025291863352797416 0.008576560961092921 0.0021261124304302929 -0.0015599996180711408 0.011527133179541601 -0.00060323083395506316 0.0079014009021355271 -0.0022876575320986319 -0.0026253126718409447 -0.002182524359426632 0.0021277552196302574 -0.0022293439533798629 -0.0034524524601922974 -0.0016652749424247775 0.0058389259357522379 -0.0037360161326024117 0.0017114578103447642 -0.0037375341839330218
leaf_weight=728 60 88 65 110 61 104 510 72 89 114 437 141 71 60 113 387 62 60 71 62 61 64 62 75 711 90 70 255 94 85
leaf_count=728 60 88 65 110 61 104 510 72 89 114 437 141 71 60 113 387 62 60 71 62 61 64 62 75 711 90 70 255 94 85
internal_value=-0.001562 -0.000246239 -0.000705026 -0.000888706 0.00223684 0.00463542 -0.00107341 -0.000662849 0.000492423 -0.000566504 -0.000854629 0.000206462 -0.00134552 0.00125 0.000477527 -0.000436768 -0.000833335 0.00237705 -0.0012963 0.000639097 -0.00151568 0.000347592 0.00191057 -0.0033871 -0.00293478 -0.000106384 0.0015625 -0.00351529 -0.00246544 -0.000251398
internal_weight=5032 2924 2468 2408 456 192 2343 1833 264 203 1761 557 1204 416 356 767 696 122 243 133 574 187 123 2108 1380 235 160 1145 434 179
internal_count=5032 2924 2468 2408 456 192 2343 1833 264 203 1761 557 1204 416 356 767 696 122 243 133 574 187 123 2108 1380 235 160 1145 434 179
is_linear=0
shrinkage=0.05


Tree=28
num_leaves=31
num_cat=0
split_feature=14 1 1 13 4 12 0 1 2 7 6 8 8 5 6 7 11 8 6 5 10 0 0 8 0 4 11 0 11 2
split_gain=4.8111 3.67452 1.56546 1.2538 1.17398 1.56546 0.755819 0.655411 0.635128 0.538098 0.489304 0.488022 0.458515 0.442328 0.588571 0.395089 0.549375 0.37423 0.576083 0.309972 0.293464 0.253279 0.494446 0.564948 0.250641 0.24598 0.225517 0.229094 0.410003 0.274601
threshold=1.0000000180025095e-35 0.0075885600000000011 0.0010193650000000002 1.0000000180025095e-35 8.0593750000000011 1.5000000000000002 0.98387550000000012 0.042007900000000008 1.3651650000000002 0.16415100000000002 0.039688050000000009 12.475000000000001 17.866650000000003 2.5726850000000003 0.011379850000000002 -0.11709949999999998 9.5000000000000018 29.041650000000004 0.006615750000000001 4.7665100000000011 3.5000000000000004 5.3773800000000014 3.7528200000000003 11.275000000000002 -0.23639949999999996 0.89856950000000013 4.5000000000000009 1.8748350000000003 12.500000000000002 8.3843500000000031
decision_type=2 2 2 2 2 2 2 2 2 2 2 2 2 2 2 2 2 2 2 2 2 2 2 2 2 2 2 2 2 2
left_child=1 2 24 4 7 -6 13 11 -8 -7 -5 15 -13 14 -4 -3 -17 21 -19 -15 -14 22 26 -24 -1 -22 -10 -28 -29 -30
right_child=-2 3 6 10 5 9 8 -9 17 -11 -12 12 20 19 -16 16 -18 18 -20 -21 25 -23 23 -25 -26 -27 27 28 29 -31
leaf_value=-0.0009558633131957232 0.035825830407422987 -0.0030517351825189065 0.0019671513175280628 -0.0032523400236509903 0.023704031972846838 0.016039585669006654 -0.0032688940656035027 0.0064480126349191983 -0.0031759145627970158 -0.0032513776026216225 0.0032306930264169144 -0.0017674141542616591 0.00020363029032478583 -0.0022570102134436038 -9.8195365689629637e-05 -6.0391358547003975e-05 0.015311312438028791 -0.0046913711139311472 0.0022787383100966322 0.00019015169777346537 -0.0042683394119461763 -0.0031674341271521961 0.0037673435158090563 -0.0024401814233460419 -0.0037197713734921575 3.4276320700506422e-05 -0.0023206020572634385 0.0014737846169732508 -0.00054871556514520371 -0.0027897887631925995
leaf_weight=111 65 63 91 204 64 70 576 102 124 67 83 104 100 67 138 78 116 60 71 85 71 363 74 96 1531 61 145 99 81 72
leaf_count=111 65 63 91 204 64 70 576 102 124 67 83 104 100 67 138 78 116 60 71 85 71 363 74 96 1531 61 145 99 81 72
internal_value=-0.00159181 -0.00176867 -0.00252907 0.000663566 0.00158482 0.00495025 -0.00163866 0.00061151 -0.00207553 0.00193431 -0.00221254 -2.52963e-05 -0.00127976 0.000380576 0.00176856 0.00161478 0.00273196 -0.0014135 0.00110687 -0.00171053 -4.31046e-05 -0.00172676 -0.00116498 0.00117647 -0.00369062 -0.00159091 -0.00192898 -0.00134761 -0.000436509 -0.00205882
internal_weight=5032 4967 3784 1183 896 201 2142 695 1761 137 287 593 336 381 229 257 194 1185 131 152 232 1054 691 170 1642 132 521 397 252 153
internal_count=5032 4967 3784 1183 896 201 2142 695 1761 137 287 593 336 381 229 257 194 1185 131 152 232 1054 691 170 1642 132 521 397 252 153
is_linear=0
shrinkage=0.05


Tree=29
num_leaves=31
num_cat=0
split_feature=14 1 13 1 4 12 7 6 8 4 10 6 3 0 6 6 2 6 1 0 8 8 2 1 6 15 4 9 11 1
split_gain=4.27902 3.5135 1.41322 1.01465 0.804015 1.55492 0.662389 0.698556 0.637744 0.818454 0.662391 0.545609 0.494205 0.459703 0.449418 0.497467 0.413297 0.724276 0.365555 0.892186 0.479191 0.744049 0.440496 0.428051 0.40415 0.359215 0.347517 0.310492 0.30404 0.51412
threshold=1.0000000180025095e-35 0.0015310800000000002 1.0000000180025095e-35 0.013081800000000003 1.5644250000000002 1.5000000000000002 0.27338450000000009 0.022984250000000001 11.358350000000002 19.672500000000003 1.5000000000000002 0.043259200000000005 1.5000000000000002 3.2344900000000005 0.036699550000000004 0.083298850000000021 1.3651650000000002 0.028230800000000004 0.00056336950000000004 0.91247250000000013 7.6750000000000007 12.475000000000001 4.3387600000000015 0.0010685200000000001 0.0068507150000000011 1.0000000180025095e-35 0.0030038350000000003 1375.5000000000002 5.5000000000000009 0.0024799100000000005
decision_type=2 2 2 2 2 2 2 2 2 2 2 2 2 2 2 2 2 2 2 2 2 2 2 2 2 2 2 2 2 2
left_child=1 18 3 8 6 -6 7 -5 9 10 26 -7 -12 -9 -4 -16 -10 28 24 20 -20 -22 -21 -24 -1 -25 -3 -15 -18 -30
right_child=-2 2 14 4 5 11 -8 13 16 -11 12 -13 -14 27 15 -17 17 -19 19 22 21 -23 23 25 -26 -27 -28 -29 29 -31
leaf_value=-0.0041373074962268806 0.034034538887051845 -0.0021518431390561486 -0.0029020257220665133 -0.0053515790134703867 0.029742597255545733 0.0076291128887099229 -0.007031387048346327 0.016301782545307477 -0.0025538267329312222 0.0068307435564532006 0.0034886400045847617 -0.00097423448514858497 -0.0022874221595110575 -0.0012222272717004178 0.0031064513691079834 -0.0048728824688093007 -0.0026433337327739738 0.010063308446074967 -0.0018985959953572468 -0.0033361695579052389 0.0021915958786307989 -0.0014307215799869545 -0.0026338482791851193 0.0011205065580713383 -0.00020999418136688426 -0.0025577865021639418 0.004420422974506311 0.0011330680845664477 -0.0044927596464728074 8.3849882794893979e-05
leaf_weight=923 65 61 769 69 86 70 64 60 277 102 80 78 219 64 103 62 128 72 68 526 105 66 199 73 79 63 75 62 74 290
leaf_count=923 65 61 769 69 86 70 64 60 277 102 80 78 219 64 103 62 128 72 68 526 105 66 199 73 79 63 75 62 74 290
internal_value=-0.00159181 -0.00175861 -0.000619547 0.000152769 0.00196202 0.00418803 0.000329152 0.00147059 -0.000573296 0.000772811 -0.000172415 0.00108108 -0.0014883 0.00306451 -0.00221628 0.000151514 -0.00143282 -0.00065603 -0.00331113 -0.00268182 2.09193e-05 0.00143275 -0.00343206 -0.00201493 -0.004002 0.000147058 0.00272059 0.00134921 -0.00134146 -0.000604397
internal_weight=5032 4967 2865 1931 553 234 319 255 1378 537 435 148 299 186 934 165 841 564 2102 1100 239 171 861 335 1002 136 136 126 492 364
internal_count=5032 4967 2865 1931 553 234 319 255 1378 537 435 148 299 186 934 165 841 564 2102 1100 239 171 861 335 1002 136 136 126 492 364
is_linear=0
shrinkage=0.05


Tree=30
num_leaves=31
num_cat=0
split_feature=1 6 0 7 12 11 7 10 10 11 1 0 0 2 9 1 15 6 6 0 8 4 5 5 9 2 2 3 5 2
split_gain=4.13382 0.692387 0.701597 1.13143 1.48686 0.631985 0.630327 0.57293 0.562376 0.508766 0.421416 0.839886 0.45368 0.619292 0.509318 0.641322 0.395975 0.677249 0.562306 0.384433 0.413383 0.377471 0.367223 1.01537 0.384216 0.396813 0.307659 0.306915 0.556777 0.293712
threshold=0.0025580900000000003 0.29912300000000008 4.8992900000000015 0.10169850000000001 1.5000000000000002 21.500000000000004 0.015075000000000002 3.5000000000000004 1.5000000000000002 1.5000000000000002 0.0003675215 -0.095521849999999978 1.5310700000000002 8.506115000000003 1261.5000000000002 0.0010193650000000002 1.0000000180025095e-35 0.036699550000000004 0.011623900000000001 50.706700000000005 9.1583350000000028 9.3900050000000004 1.1023550000000002 1.8045850000000001 991.50000000000011 7.9385250000000012 4.5669100000000009 5.5000000000000009 3.5612250000000008 10.187050000000001
decision_type=2 2 2 2 2 2 2 2 2 2 2 2 2 2 2 2 2 2 2 2 2 2 2 2 2 2 2 2 2 2
left_child=6 2 3 16 -5 9 10 8 -8 -4 -1 -12 13 14 15 -13 22 18 -18 20 -11 -16 -2 -24 -25 -26 -6 -22 -29 -27
right_child=1 -3 5 4 26 -7 7 -9 -10 19 11 12 -14 -15 21 -17 17 -19 -20 -21 27 -23 23 24 25 29 -28 28 -30 -31
leaf_value=-0.0039325083588687181 -0.0021915795718860853 0.0085242208488964001 -0.0049695264375615158 0.025254944487026476 -0.0031746260883945957 -0.0050609645179182537 -0.0031640222414491149 -0.0024441257526624303 0.0017317862169352292 0.0017229391482466824 0.00826043394446308 -0.0025062475306617846 -0.0033753372708016337 0.0014031273840535759 -0.0023926989775755461 0.0048309999978558664 0.0013660012534751197 0.015227628119096942 -0.0019217592608436304 0.0060354070390527467 -0.0021950235540089025 -1.2234052288244186e-05 0.007374001720109412 0.0038021461935908354 -0.0025987646289002513 0.0043807422468160042 0.016406982877493849 0.00097412001488021238 -0.00168422898572867 -0.0022181122770703146
leaf_weight=684 191 114 123 102 69 99 62 109 72 122 63 89 1140 73 254 62 97 70 103 74 377 60 65 74 190 64 65 91 116 158
leaf_count=684 191 114 123 102 69 99 62 109 72 122 63 89 1140 73 254 62 97 70 103 74 377 60 65 74 190 64 65 91 116 158
internal_value=-0.00155207 -2.9612e-05 -0.000222223 0.000568909 0.00368644 -0.00120759 -0.00290105 -0.000473252 0.00171642 -0.000791806 -0.00314433 -0.00273119 -0.00294398 -0.00174721 -0.00241936 -3.31138e-05 -0.000158104 0.00148148 -1.19209e-09 -0.000320514 -0.000679888 -0.00356688 -0.000754718 -9.98197e-05 -0.000884775 -0.00148058 0.000223879 -0.00123288 0.000314008 -4.50462e-05
internal_weight=5032 2364 2250 1248 236 1002 2668 243 134 903 2425 1741 1678 538 465 151 1012 270 200 780 706 314 742 551 486 412 134 584 207 222
internal_count=5032 2364 2250 1248 236 1002 2668 243 134 903 2425 1741 1678 538 465 151 1012 270 200 780 706 314 742 551 486 412 134 584 207 222
is_linear=0
shrinkage=0.05


Tree=31
num_leaves=31
num_cat=0
split_feature=1 1 0 6 2 7 4 7 0 6 1 0 7 7 1 0 4 8 8 11 2 1 11 2 13 6 2 2 0 2
split_gain=3.48804 0.809711 0.645375 0.907845 0.878206 0.726923 0.707143 0.522508 0.499499 0.424538 1.12887 0.394452 0.418619 0.377484 0.384524 0.640595 0.365709 0.652624 0.356733 0.591546 0.338185 0.472606 0.294892 0.449936 0.545642 1.04276 0.398971 0.487024 0.274753 0.271765
threshold=0.0015310800000000002 0.007967115000000002 3.6853600000000006 0.14253400000000002 8.2328650000000021 0.028446650000000004 1.7238400000000003 0.090811750000000011 6.5886300000000011 0.033446850000000007 0.0135776 13.729400000000002 -0.051868699999999997 0.015075000000000002 0.0003675215 0.81476500000000007 25.158800000000003 10.408350000000002 7.6750000000000007 9.5000000000000018 4.3387600000000015 0.0011414800000000003 13.500000000000002 1.9859850000000001 1.0000000180025095e-35 0.0093391850000000016 0.80046450000000013 0.075394950000000016 1.5649750000000002 0.040881350000000004
decision_type=2 2 2 2 2 2 2 2 2 2 2 2 2 2 2 2 2 2 2 2 2 2 2 2 2 2 2 2 2 2
left_child=13 7 4 11 9 -5 -6 8 16 -3 -11 -4 -13 14 -1 18 22 -18 -16 -20 29 28 23 -2 25 -25 27 -24 -22 -17
right_child=1 2 3 5 6 -7 -8 -9 -10 10 -12 12 -14 -15 15 20 17 -19 19 -21 21 -23 26 24 -26 -27 -28 -29 -30 -31
leaf_value=-0.0037358829409252824 -0.0019775744369130684 -0.0022493476902266233 -0.001731876040932278 0.004895194638218389 0.0091678778690523783 0.00055211637871090959 0.034092638959948462 0.001468047619740259 -0.0034970388240817664 0.02046754430128498 -0.001756479177576846 -0.0009915900011305827 0.0066305517693656321 7.6773355354177323e-05 -0.0020456566152049142 -0.0025447997653063803 0.0043670015607250659 -0.00016018244065511066 -0.0011477302777296015 0.0023724217016281111 -7.0118991192325017e-05 0.00026065450583763309 -0.0035456730171714067 -0.00032438047691942689 -0.0023184950441436118 0.013410639821868459 -0.00290275439450359 0.00052403891953240129 -0.0034054180510870412 -0.0032264380721620332
leaf_weight=684 311 112 394 60 77 70 63 67 395 77 116 96 119 74 88 163 92 102 112 87 61 92 69 141 151 81 271 60 254 493
leaf_count=684 311 112 394 60 77 70 63 67 395 77 116 96 119 74 88 163 92 102 112 87 61 92 69 141 151 81 271 60 254 493
internal_value=-0.00155207 -0.000434338 0.000574323 -0.00033153 0.00207865 0.00346154 0.00535714 -0.00112069 -0.00129408 0.000573769 0.00199482 -0.00114122 0.000581394 -0.00310247 -0.00323009 -0.00274074 -0.000813773 0.00118557 -0.0006446 0.000527637 -0.00330668 -0.00217445 -0.00117159 -0.000540937 0.000630026 0.00220721 -0.00225 3.87585e-05 -0.00309524 -0.00400915
internal_weight=5032 2924 1184 739 445 130 140 1740 1673 305 193 609 215 2108 2034 1350 1278 194 287 199 1063 407 1084 684 373 222 400 129 315 656
internal_count=5032 2924 1184 739 445 130 140 1740 1673 305 193 609 215 2108 2034 1350 1278 194 287 199 1063 407 1084 684 373 222 400 129 315 656
is_linear=0
shrinkage=0.05


Tree=32
num_leaves=31
num_cat=0
split_feature=14 1 1 0 4 0 2 10 8 0 9 2 0 4 6 2 0 9 0 15 12 5 3 7 8 8 12 10 0 0
split_gain=3.3025 2.57083 0.827302 0.688939 1.16256 0.639276 0.58924 0.607573 0.535564 0.46988 0.597995 0.70401 0.804762 0.587458 0.451545 0.42336 0.416422 0.477766 0.399939 0.32422 0.322927 0.322253 0.414295 0.315501 0.289395 0.296314 0.276638 0.271165 0.25861 0.268039
threshold=1.0000000180025095e-35 0.00098773600000000013 0.0096923250000000016 3.7215250000000006 6.8747500000000015 0.98387550000000012 2.1387150000000008 8.5000000000000018 11.875000000000002 9.1262750000000015 2736.0000000000005 6.0725900000000008 25.612700000000004 0.15258850000000004 0.019238450000000001 2.1387150000000008 5.3773800000000014 991.50000000000011 -0.26761099999999993 1.0000000180025095e-35 4.5000000000000009 5.020690000000001 2.5000000000000004 -0.0049754099999999987 17.325000000000006 20.275000000000002 3.5000000000000004 1.5000000000000002 1.5850400000000002 3.7528200000000003
decision_type=2 2 2 2 2 2 2 2 2 2 2 2 2 2 2 2 2 2 2 2 2 2 2 2 2 2 2 2 2 2
left_child=1 18 5 4 8 20 14 16 15 13 11 -11 -13 -5 -7 -4 17 -8 -1 -16 27 -18 26 -22 28 -26 -23 -3 -19 -30
right_child=-2 2 3 9 -6 6 7 -9 -10 10 -12 12 -14 -15 19 -17 21 24 -20 -21 23 22 -24 -25 25 -27 -28 -29 29 -31
leaf_value=-0.00042832544407534411 0.032401402409959333 -0.0001018617535799811 0.0130311298298331 0.0016894712445927216 0.02116428790877686 -0.0032130150580672208 0.0032986857837985135 -0.0042378004688102466 -0.0019469588138566489 0.012707899139030652 -0.0041410136213750979 -0.0040826540374250767 0.0094739738767101959 -0.002609884025953131 -0.0013430105560196294 0.0009143901936119643 -0.0023099310417155727 0.00071185834424254571 -0.0031755129309066713 0.00027672425577334549 -0.0053847873113421988 -0.0024407445332798663 0.0012894821164317512 -9.6200248689578825e-05 0.0056228748803951942 -0.00027826280495655496 -0.0051337150750060331 0.0011674455751889683 -0.0023371046625512552 0.00014788032287569317
leaf_weight=94 65 111 60 76 70 390 88 213 115 60 103 108 60 208 221 92 118 87 1508 118 63 113 68 93 60 96 82 155 248 89
leaf_count=94 65 111 60 76 70 390 88 213 115 60 103 108 60 208 221 92 118 87 1508 118 63 113 68 93 60 96 82 155 248 89
internal_value=-0.00158188 -0.00172841 -0.000943538 0.000304621 0.00212166 -0.00143597 -0.00181065 -0.0011569 0.000617976 -0.000691058 0.000589123 0.00201754 0.000357142 -0.0021831 -0.00294239 0.00256579 -0.000662537 8.98192e-05 -0.00337703 -0.00160767 0.000331752 -0.00198163 -0.00100761 -0.00147436 -0.000431036 0.00141026 -0.00217949 0.00139098 -0.00110849 -0.00173591
internal_weight=5032 4967 3365 952 337 2413 1991 1262 267 615 331 228 168 284 729 152 1049 668 1602 339 422 381 263 156 580 156 195 266 424 337
internal_count=5032 4967 3365 952 337 2413 1991 1262 267 615 331 228 168 284 729 152 1049 668 1602 339 422 381 263 156 580 156 195 266 424 337
is_linear=0
shrinkage=0.05


Tree=33
num_leaves=31
num_cat=0
split_feature=1 1 0 8 3 4 8 9 9 1 13 9 6 7 1 5 5 5 9 13 2 2 7 0 2 1 9 7 4 4
split_gain=2.94294 0.663081 0.544141 0.450365 0.443318 0.785559 0.604514 0.463304 0.455241 0.450358 0.562878 0.414581 0.357307 0.351757 0.421237 0.482877 0.387264 0.679167 0.367221 0.353528 0.619692 0.573001 0.342596 0.373796 0.715305 0.546619 0.422259 0.336067 0.334208 0.30572
threshold=0.0015310800000000002 0.005842125000000001 11.450850000000001 44.44165000000001 6.5000000000000009 6.8747500000000015 8.4750000000000032 1916.5000000000002 1876.5000000000002 0.0068179600000000005 1.0000000180025095e-35 1312.5000000000002 0.021686300000000002 0.0043831250000000007 0.0017477950000000001 0.12255150000000002 5.0494950000000012 5.9332150000000015 970.50000000000011 1.0000000180025095e-35 1.4761250000000004 10.187050000000001 0.015075000000000002 1.1609850000000004 9.9021100000000022 0.00039793150000000003 1029.5000000000002 0.032585800000000005 48.775300000000009 0.70221600000000006
decision_type=2 2 2 2 2 2 2 2 2 2 2 2 2 2 2 2 2 2 2 2 2 2 2 2 2 2 2 2 2 2
left_child=22 2 13 4 7 6 -6 28 11 -9 29 -8 -12 16 -15 -16 18 -18 -2 20 -17 27 23 24 25 -1 -27 -22 -3 -11
right_child=1 3 -4 -5 5 -7 8 9 -10 10 12 -13 -14 14 15 19 17 -19 -20 -21 21 -23 -24 -25 -26 26 -28 -29 -30 -31
leaf_value=-0.0032621614329729192 0.0014817641273973745 -0.0014125967886452367 -0.0040324685363242853 -0.0022652697181378321 0.0038723313587818589 0.014098437393039712 -0.00062178305904437507 0.0030758851735765247 -0.0033062948671524666 4.349690521069452e-05 -0.003458240199955118 0.013998259782412337 0.0040788481882398355 0.00067527303333111293 0.00039791676742682738 -0.0049081189361422847 0.0039000603712617422 -0.0026859893762205818 -0.0024262245092908537 -0.0025643042420912367 0.00036446062102895931 -0.0021601471924602178 0.00021913413714585197 -0.0030419559603386431 0.0005518592101590459 0.00060402352166366981 -0.0012538283437251191 0.0090872015895643362 0.0059240379203600903 0.0040283245190809204
leaf_weight=395 68 568 156 86 60 97 71 64 78 69 106 60 79 62 72 64 64 154 394 195 69 72 74 1223 84 69 263 70 85 61
leaf_count=395 68 568 156 86 60 97 71 64 78 69 106 60 79 62 72 64 64 154 394 195 69 72 74 1223 84 69 263 70 85 61
internal_value=-0.00151232 -0.000485637 -0.00125 0.000256063 0.000472102 0.00196721 0.000576207 -5.81407e-05 -0.000693781 0.00133245 0.000555554 0.00110687 -0.00121622 -0.000911216 -3.31138e-05 -0.000479706 -0.00169118 4.58704e-05 -0.00251082 -0.00106383 9.09079e-05 0.0013981 -0.00293643 -0.00305801 -0.00222565 -0.0027304 -0.00123494 0.00327338 -0.000865239 0.00307692
internal_weight=5032 2924 1440 1484 1398 366 269 1032 209 379 315 131 185 1284 604 542 680 218 462 470 275 211 2108 2034 811 727 332 139 653 130
internal_count=5032 2924 1440 1484 1398 366 269 1032 209 379 315 131 185 1284 604 542 680 218 462 470 275 211 2108 2034 811 727 332 139 653 130
is_linear=0
shrinkage=0.05


Tree=34
num_leaves=31
num_cat=0
split_feature=14 1 1 0 4 0 6 6 6 6 8 11 4 0 13 8 7 2 0 4 4 5 6 8 6 1 6 0 0 1
split_gain=2.82084 2.37074 0.685545 0.729342 1.16256 0.647699 0.598949 0.66038 1.3336 0.582359 0.535564 0.475718 0.541612 0.512651 0.551528 0.67495 0.635185 0.42336 0.420068 0.587458 0.581293 0.413643 0.600587 0.357706 0.324073 0.301973 0.403749 0.282411 0.329507 0.275452
threshold=1.0000000180025095e-35 0.00098773600000000013 0.0096923250000000016 3.7215250000000006 6.8747500000000015 1.5310700000000002 0.011162850000000002 0.0018707500000000002 0.0033602300000000005 0.0076194450000000016 11.875000000000002 4.5000000000000009 127.72250000000001 2.9914650000000003 1.0000000180025095e-35 14.308350000000003 -0.010405199999999998 2.1387150000000008 9.1262750000000015 0.15258850000000004 11.933850000000001 6.8441050000000017 0.00065679150000000016 8.3583350000000021 0.012270150000000002 0.028418900000000004 0.022232350000000001 3.8739000000000003 6.2737050000000005 0.0024799100000000005
decision_type=2 2 2 2 2 2 2 2 2 2 2 2 2 2 2 2 2 2 2 2 2 2 2 2 2 2 2 2 2 2
left_child=1 21 5 4 10 6 7 -3 -9 23 17 27 13 14 16 -16 -13 -4 19 -5 25 24 -23 -10 -1 26 -20 -7 -29 -15
right_child=-2 2 3 18 -6 11 -8 8 9 -11 -12 12 -14 29 15 -17 -18 -19 20 -21 -22 22 -24 -25 -26 -27 -28 28 -30 -31
leaf_value=-0.0028325282731572494 0.030851962128893629 -0.0020977707883632186 0.01242274633912172 0.001538340906399781 0.019922210443836484 -0.0031267228022998496 -0.0022504053424342854 0.0039986738183833649 0.00017275403059494862 0.0019255956834218829 -0.0020674432956299415 0.0050283047767334769 0.0011251491468473698 -0.002806521014514085 -0.0026474950360490289 0.0020350640725134293 -0.0019291474822275051 0.00070147933004081225 9.6800322568865209e-05 -0.0024087599852232137 0.0076693601427247279 -0.0033230900227848338 0.00093861098940675031 -0.0010829323307542972 -0.0012604611642843082 0.0054947220735453994 -0.002727687566122669 -8.5446256861627909e-05 -0.0045220411549927028 -0.0013918409985810643
leaf_weight=1320 65 70 60 76 70 184 283 60 61 76 115 84 69 335 120 62 105 92 92 208 68 144 63 73 75 89 82 113 153 565
leaf_count=1320 65 70 60 76 70 184 283 60 61 76 115 84 69 335 120 62 105 92 92 208 68 144 63 73 75 89 82 113 153 565
internal_value=-0.00150239 -0.00163781 -0.000884102 0.0002521 0.00212166 -0.00133237 5.61786e-05 0.00147059 0.00259259 0.000714285 0.000617976 -0.00181564 -0.00134328 -0.0015775 -1.34783e-05 -0.00197802 0.00187831 0.00256579 -0.000772359 -0.0021831 0.000438065 -0.00322097 -0.00113527 -0.00126866 -0.00353047 -0.000627378 -0.00183908 -0.00322222 -0.00218045 -0.00222222
internal_weight=5032 4967 3365 952 337 2413 623 340 270 210 267 1790 1340 1271 371 182 189 152 615 284 331 1602 207 134 1395 263 174 450 266 900
internal_count=5032 4967 3365 952 337 2413 623 340 270 210 267 1790 1340 1271 371 182 189 152 615 284 331 1602 207 134 1395 263 174 450 266 900
is_linear=0
shrinkage=0.05


Tree=35
num_leaves=31
num_cat=0
split_feature=1 7 4 12 0 9 8 6 2 2 2 9 12 6 9 5 7 0 1 0 2 8 4 5 4 10 0 7 6 10
split_gain=2.52569 0.716707 0.833946 0.675165 0.593445 0.458923 1.1244 0.629644 0.646461 0.645156 0.528758 0.510052 1.26026 0.482233 0.473442 0.456014 0.435211 0.41922 0.423087 0.53533 0.386682 0.443262 0.37175 0.355111 0.347802 0.312192 0.339024 0.296859 0.283966 0.244154
threshold=0.0015310800000000002 0.13815900000000003 3.7542350000000004 1.0000000180025095e-35 5.5678050000000008 991.50000000000011 11.275000000000002 0.036699550000000004 7.9385250000000012 12.051450000000001 3.5244900000000006 1733.5000000000002 2.5000000000000004 0.0067193550000000006 2382.0000000000005 0.63622250000000014 0.27338450000000009 -0.26761099999999993 0.0003675215 1.3563200000000002 1.0405450000000003 10.241650000000002 106.86800000000001 3.7607600000000003 22.780650000000005 15.500000000000002 31.140500000000007 0.0072795700000000008 0.0037853250000000004 2.5000000000000004
decision_type=2 2 2 2 2 2 2 2 2 2 2 2 2 2 2 2 2 2 2 2 2 2 2 2 2 2 2 2 2 2
left_child=17 4 16 -4 5 6 10 8 23 13 15 -9 -13 -10 -11 -2 -3 -1 28 20 -20 -22 -21 27 -5 26 -6 -7 -19 -15
right_child=1 2 3 24 25 7 -8 11 9 14 -12 12 -14 29 -16 -17 -18 18 19 22 21 -23 -24 -25 -26 -27 -28 -29 -30 -31
leaf_value=-0.00035697708609425848 0.0085578181498408446 0.0016726646970167962 0.018865427157342643 0.013581208972732149 -0.0014809436805498389 -0.0021432149581892281 -0.0037188454878131897 -0.00061678207754248889 0.0029757745732741959 -0.0039663912595186233 0.008259203264162766 -0.00098972124356293723 0.018081725941904162 -0.0021157041778493879 2.4417844492171054e-05 -0.0043747923961086916 -0.0048329652149235744 -0.0033870855658735283 -0.0021094625022148069 -0.0026491375902001502 -0.00075111556318743083 0.0017690952094001359 3.8771403272546987e-05 -0.0026577065483109168 -0.0060761632220384587 -0.0053652343787255388 0.0021163764217871448 -9.969875024760412e-05 -0.00098992237468978816 0.0020069587568790157
leaf_weight=105 67 109 89 61 666 331 67 92 90 133 96 72 61 65 78 65 121 551 179 915 141 94 63 126 76 105 87 207 60 60
leaf_count=105 67 109 89 61 666 331 67 92 90 133 96 72 61 65 78 65 121 551 179 915 141 94 63 126 76 105 87 207 60 60
internal_value=-0.00152226 -0.000571137 0.00125 0.00340708 -0.000907619 -0.000341616 0.00144068 -0.000741446 -0.00123853 0.000281689 0.00311403 0.00166667 0.00364662 0.0022093 -0.00168247 0.0010606 -0.000869566 -0.00284156 -0.003003 -0.00252155 -0.00101449 0.000319148 -0.00315951 -0.00221386 0.00120438 -0.0019697 -0.00161355 -0.00165428 -0.00409984 0.000199999
internal_weight=5032 2924 456 226 2468 1610 295 1315 1090 426 228 225 133 215 211 132 230 2108 2003 1392 414 235 978 664 137 858 753 538 611 125
internal_count=5032 2924 456 226 2468 1610 295 1315 1090 426 228 225 133 215 211 132 230 2108 2003 1392 414 235 978 664 137 858 753 538 611 125
is_linear=0
shrinkage=0.05


Tree=36
num_leaves=31
num_cat=0
split_feature=1 1 0 2 9 8 8 7 4 9 4 1 0 7 0 4 3 11 11 2 13 6 2 2 1 5 0 4 2 4
split_gain=2.56463 0.55759 1.03315 0.54244 0.595652 0.495388 0.740046 0.594118 0.508382 0.531028 0.461883 0.436369 0.40446 0.386696 0.359279 0.792384 0.441828 0.67313 0.6455 0.592128 0.355363 0.304486 0.29074 0.284409 0.263571 0.412969 0.27471 0.366232 0.309127 0.298593
threshold=0.0035545000000000004 0.0003675215 1.3563200000000002 9.9021100000000022 1108.0000000000002 44.44165000000001 34.641650000000006 0.13815900000000003 3.7542350000000004 1179.0000000000002 106.86800000000001 0.016236350000000004 0.32657050000000004 0.0072795700000000008 5.7483650000000006 96.570700000000016 1.5000000000000002 11.500000000000002 17.500000000000004 3.7437500000000004 1.5000000000000002 0.037554100000000007 16.650350000000007 0.0096538450000000012 0.0011414800000000003 0.043692700000000008 4.547575000000001 0.018530500000000002 4.8258950000000009 11.265200000000002
decision_type=2 2 2 2 2 2 2 2 2 2 2 2 2 2 2 2 2 2 2 2 2 2 2 2 2 2 2 2 2 2
left_child=1 22 3 4 12 6 7 14 21 -10 24 -11 -3 20 15 16 17 19 -19 -2 -6 -9 23 -1 25 -4 27 28 -26 -29
right_child=5 2 10 -5 13 -7 -8 8 9 11 -12 -13 -14 -15 -16 -17 -18 18 -20 -21 -22 -23 -24 -25 26 -27 -28 29 -30 -31
leaf_value=-0.0013063170026524663 -0.0032483765212905345 0.010161139590037338 -0.00083035068421024704 0.0030203499181122142 -0.0020986779012425101 -0.002573417918654535 0.0021378999180575861 0.0075017589130488248 -0.00054371768394433095 0.02128043430722338 0.00012405587208395705 0.015406835448517295 -0.00018144828471791734 7.2001199584701201e-05 -0.0011188233579446738 0.0030476542751973787 -0.0011777295447646379 0.015691093667580102 -0.0022699332038960559 6.4942503982704314e-05 0.00020515001077890359 -0.0025386418947668174 -0.0025320120092722572 -0.0030168070957717224 -0.0036513182546738347 -0.0027317315778761214 -0.0031611911580358928 -0.0025729061328255481 0.0026243413180746015 0.00083238751477629979
leaf_weight=80 81 60 109 76 282 102 111 86 72 60 112 67 86 114 495 63 504 104 61 83 60 115 68 540 61 581 375 304 60 60
leaf_count=80 81 60 109 76 282 102 111 86 72 60 112 67 86 114 495 63 504 104 61 83 60 115 68 540 61 581 375 304 60 60
internal_value=-0.00152226 -0.00244056 -0.00207265 -0.00042773 -0.000930234 -0.000134732 4.73174e-05 -0.000198214 0.0015 0.00329146 -0.00274368 0.00523622 0.00184931 -0.00182018 -0.000686558 -8.92869e-05 -0.0004982 0.00092705 0.00318182 -0.00134146 -0.00266082 -0.000273633 -0.00369186 -0.00403226 -0.00296774 -0.00369565 -0.00238372 -0.00159794 0.000785123 -0.00239011
internal_weight=5032 3028 2340 678 602 2004 1902 1791 400 199 1662 127 146 456 1391 896 833 329 165 164 342 201 688 620 1550 690 860 485 121 364
internal_count=5032 3028 2340 678 602 2004 1902 1791 400 199 1662 127 146 456 1391 896 833 329 165 164 342 201 688 620 1550 690 860 485 121 364
is_linear=0
shrinkage=0.05


Tree=37
num_leaves=31
num_cat=0
split_feature=1 6 1 0 2 0 7 6 2 1 6 5 9 8 7 6 6 3 3 4 9 4 10 6 9 9 11 2 9 8
split_gain=2.2625 1.14417 0.689459 0.750238 0.51594 0.457727 0.564642 0.899344 0.348807 0.665067 0.656962 0.830416 0.471923 0.434438 0.43001 0.384367 0.446824 0.532445 0.514383 0.369362 0.316205 0.338193 0.332614 0.415978 0.666253 0.372124 0.322478 0.303922 0.29881 0.3653
threshold=0.0059606600000000004 0.061063700000000005 0.0003675215 1.2196950000000002 9.9021100000000022 -0.11911949999999999 0.0072795700000000008 0.0073435850000000006 2.8700450000000006 0.0089626450000000017 0.039688050000000009 3.0609000000000006 1832.5000000000002 29.041650000000004 -0.13383849999999997 0.014891050000000001 0.0061921450000000005 4.5000000000000009 1.5000000000000002 4.8084050000000014 3034.5000000000005 140.14300000000003 5.5000000000000009 0.0065148350000000009 2642.0000000000005 1929.5000000000002 5.5000000000000009 16.650350000000007 1615.5000000000002 19.991650000000003
decision_type=2 2 2 2 2 2 2 2 2 2 2 2 2 2 2 2 2 2 2 2 2 2 2 2 2 2 2 2 2 2
left_child=1 2 27 4 5 -4 -7 -8 9 -2 14 -12 -11 -14 -10 16 -16 18 -18 -13 21 22 23 -5 25 26 -25 -1 -17 -30
right_child=8 -3 3 20 -6 6 7 -9 10 12 11 19 13 -15 15 28 17 -19 -20 -21 -22 -23 -24 24 -26 -27 -28 -29 29 -31
leaf_value=-0.0028250571986071387 -0.0035100790853654128 0.0023565601380005903 0.0046705490454427819 -0.0021539707811627958 0.0031128305577161476 -0.0019134541139350291 0.0037560095662683701 -0.0011013982702691037 -0.0033615573737967547 -0.00048505370875261361 0.012893882837732788 -0.0016906194587737032 0.012585457164358105 -0.0010194628163130018 -0.0010659689799937678 0.0029233486322642523 0.0039769503067461718 0.027677629483631883 -0.00046513836705459698 0.012268561910083364 -0.0029465629652831878 0.00023165825492865236 -0.0030174897786373811 -0.0014307231959281832 0.0014058123890750293 -0.0026265588394859701 0.0002393114273251029 -0.0024054114088086441 -0.0032436485691175695 0.00017746903672107058
leaf_weight=618 153 72 71 706 71 404 60 109 114 221 61 70 67 64 111 156 74 69 91 62 397 62 433 97 68 125 207 68 88 63
leaf_count=618 153 72 71 706 71 404 60 109 114 221 61 70 67 64 111 156 74 69 91 62 397 62 433 97 68 125 207 68 88 63
internal_value=-0.0015322 -0.00221132 -0.00233982 -0.00199288 -0.000594407 -0.00104037 -0.0015096 0.000917159 0.00012295 -0.000940595 0.000683002 0.00329015 0.000255681 0.00263359 2.61085e-05 0.000521471 0.00166667 0.00290598 0.00136364 0.0010606 -0.00247017 -0.00217315 -0.00231051 -0.00188279 -0.000774649 -0.0015035 -0.000559212 -0.00376093 -0.000765474 -0.00235099
internal_weight=5032 3568 3496 2810 715 644 573 169 1464 505 959 193 352 131 766 652 345 234 165 132 2095 1698 1636 1203 497 429 304 686 307 151
internal_count=5032 3568 3496 2810 715 644 573 169 1464 505 959 193 352 131 766 652 345 234 165 132 2095 1698 1636 1203 497 429 304 686 307 151
is_linear=0
shrinkage=0.05


Tree=38
num_leaves=31
num_cat=0
split_feature=14 1 1 13 4 12 0 12 0 6 2 10 6 5 5 8 4 1 9 7 5 4 0 7 1 12 6 6 6 4
split_gain=2.06295 1.85291 0.729544 0.606342 0.678041 1.05444 0.562727 0.653607 0.527662 0.504784 0.455145 0.51272 0.334847 0.305943 0.350287 0.287089 0.570437 0.673568 0.271399 0.400529 0.368049 0.378912 0.260372 0.322198 0.297941 0.279637 0.248135 0.41582 0.252623 0.244296
threshold=1.0000000180025095e-35 0.00086575300000000014 0.0096923250000000016 1.0000000180025095e-35 8.0593750000000011 3.5000000000000004 1.0083100000000003 4.5000000000000009 -0.26761099999999993 0.012032050000000001 2.1387150000000008 12.500000000000002 0.018690800000000004 8.3747100000000021 14.046350000000002 12.308350000000003 0.10267750000000002 0.0027552150000000005 2941.0000000000005 -0.0033573549999999998 0.052067900000000007 5.6742800000000004 3.1991250000000004 0.17962250000000005 0.017402800000000003 3.5000000000000004 0.0059995000000000005 0.0077668000000000008 0.012270150000000002 1.0331050000000002
decision_type=2 2 2 2 2 2 2 2 2 2 2 2 2 2 2 2 2 2 2 2 2 2 2 2 2 2 2 2 2 2
left_child=1 8 6 4 9 -6 7 15 -1 -4 18 -12 -11 26 -15 16 -3 -18 19 -8 -21 -22 23 -14 -24 -26 -10 -28 -29 -5
right_child=-2 2 3 29 5 -7 10 -9 13 12 11 -13 22 14 -16 -17 17 -19 -20 20 21 -23 24 -25 25 -27 27 28 -30 -31
leaf_value=0.00035653194428682022 0.026931631448717366 -0.00189217795786759 -0.0035646994075812909 -0.0001595089662461973 0.016444468801265998 -0.0011532654257816227 -0.0022588891545363807 -0.0014360589228374235 -0.0026905141959889449 0.0084242383928735919 -0.00071584944704381642 -0.0039300594888905986 0.0078607327828287502 0.00052473780106271968 -0.0031504847590317492 0.00054262604377224705 0.0018177919644979373 -0.0034455803615777805 -0.0027173053787566599 0.00046939125315280438 -0.0022686445580237745 7.922142993067104e-05 -0.0012091603032331824 -0.00063128230024364629 -0.00042314885702419297 0.0022812728819135374 0.00059046492221416502 -0.0024605735312520829 -0.0013197916111551819 -0.0069617922265123788
leaf_weight=90 65 63 92 114 72 89 237 170 996 60 1177 130 92 72 74 83 76 68 152 128 200 69 98 62 77 96 64 104 62 100
leaf_count=90 65 63 92 114 72 89 237 170 996 60 1177 130 92 72 74 83 76 68 152 128 200 69 98 62 77 96 64 104 62 100
internal_value=-0.00154213 -0.00165794 -0.00103424 0.000147058 0.000826557 0.00369565 -0.00147474 0.000108694 -0.00315322 2.59953e-05 -0.00182274 -0.00125096 0.000670102 -0.0033965 -0.00123288 0.00155172 0.000555554 0.00229167 -0.00277354 -0.00231861 -0.00134761 -0.00239777 0.000176469 0.00181818 -0.000756459 0.000491328 -0.00365416 -0.00217391 -0.00349398 -0.00219626
internal_weight=5032 4967 3505 952 738 161 2553 460 1462 577 2093 1307 485 1372 146 290 207 144 786 634 397 269 425 154 271 173 1226 230 166 214
internal_count=5032 4967 3505 952 738 161 2553 460 1462 577 2093 1307 485 1372 146 290 207 144 786 634 397 269 425 154 271 173 1226 230 166 214
is_linear=0
shrinkage=0.05


Tree=39
num_leaves=31
num_cat=0
split_feature=14 1 1 0 12 3 7 4 0 1 2 6 11 7 13 3 1 10 9 9 9 8 4 6 3 4 5 5 5 7
split_gain=2.02606 1.71608 0.685113 0.636264 0.570675 0.689622 0.812768 0.871471 0.489454 0.472365 0.458524 0.907685 0.556517 0.436446 0.399542 0.59298 0.534574 0.38561 0.44844 0.415336 0.425921 0.367942 0.35001 0.544555 0.33213 0.308441 0.266106 0.350287 0.264681 0.314182
threshold=1.0000000180025095e-35 0.00086575300000000014 0.013081800000000003 1.6475750000000002 3.5000000000000004 2.5000000000000004 0.018755450000000003 0.0058062700000000014 -0.26761099999999993 0.014469800000000001 2.1387150000000008 0.032605150000000006 4.5000000000000009 0.022767450000000005 1.0000000180025095e-35 6.5000000000000009 0.028418900000000004 8.5000000000000018 1497.5000000000002 1280.5000000000002 970.50000000000011 10.725000000000001 0.57247550000000014 0.0037172200000000007 11.500000000000002 0.00078493050000000015 8.3747100000000021 14.046350000000002 8.3747100000000021 -0.12463649999999998
decision_type=2 2 2 2 2 2 2 2 2 2 2 2 2 2 2 2 2 2 2 2 2 2 2 2 2 2 2 2 2 2
left_child=1 8 3 4 5 6 7 -3 -1 -4 24 12 -12 -7 15 28 -17 18 19 20 -14 -19 25 -24 -5 -20 -10 -28 29 -11
right_child=-2 2 9 10 -6 13 -8 -9 26 14 11 -13 17 -15 -16 16 -18 21 22 -21 -22 -23 23 -25 -26 -27 27 -29 -30 -31
leaf_value=0.00033870534707247912 0.025585049876281497 4.0008657083354965e-05 0.0023508983470684904 -0.0018678228461750928 -0.0015556971030155683 -0.0019414745890670489 -0.00092472618042065558 0.0061975300030149205 -0.0024467637525982531 0.0044861121671120321 -0.0025943204585634691 0.0091915624224825042 0.0019395147735091827 0.0001139550166370797 -0.0030961373932901419 5.4059319137463274e-05 0.016298144968956801 -0.0012283771829111568 -0.00063644787130892372 0.0056745471987443607 -0.0019274444343448803 -0.0037395279591315653 0.001630498448060707 -0.0014886435992895366 5.4939791206730548e-05 -0.0022724403021200136 0.00049850091100958399 -0.0029929605210801619 -0.0082153145777320406 -0.0012245841425707737
leaf_weight=90 65 89 91 664 340 88 77 110 1226 71 307 62 101 60 112 103 84 61 113 74 61 101 101 192 61 153 72 74 69 160
leaf_count=90 65 89 91 664 340 88 77 110 1226 71 307 62 101 60 112 103 84 61 113 74 61 101 101 192 61 153 72 74 69 160
internal_value=-0.00146264 -0.00157741 -0.000977177 -0.00132327 -9.16242e-05 0.00113207 0.00260869 0.00429648 -0.00301642 0.000434781 -0.00178206 -0.00122926 -0.00151899 -0.00162162 -7.51264e-05 0.000544147 0.00275401 -0.000924766 -0.000471699 0.00135593 -6.17296e-05 -0.00314815 -0.00124329 -5.11957e-05 -0.0027931 -0.00255639 -0.00325073 -0.00123288 -0.000833335 -2.16462e-05
internal_weight=5032 4967 3505 2815 764 424 276 199 1462 690 2051 1326 1264 148 599 487 187 957 795 236 162 162 559 293 725 266 1372 146 300 231
internal_count=5032 4967 3505 2815 764 424 276 199 1462 690 2051 1326 1264 148 599 487 187 957 795 236 162 162 559 293 725 266 1372 146 300 231
is_linear=0
shrinkage=0.05


Tree=40
num_leaves=31
num_cat=0
split_feature=1 4 6 11 0 13 10 0 9 1 9 1 9 10 1 0 7 1 2 7 6 0 6 1 7 6 6 6 11 7
split_gain=1.78167 0.635037 0.852443 0.498388 0.491167 0.577413 0.603277 0.477745 0.462346 0.448232 0.405343 0.395836 0.38302 0.36436 0.499108 0.792797 0.398381 0.331157 0.327625 0.34424 0.3 0.297383 0.321694 0.29234 0.313655 0.296927 0.552924 0.934173 0.598706 0.554212
threshold=0.0015310800000000002 3.2104100000000004 0.071744250000000023 1.0000000180025095e-35 4.8992900000000015 1.0000000180025095e-35 2.5000000000000004 -0.20500099999999996 1341.5000000000002 0.0029180700000000005 1544.5000000000002 0.00016161400000000003 2854.5000000000005 2.5000000000000004 0.00038990100000000006 1.4557800000000001 0.0018822750000000003 0.0032533800000000006 1.8700000000000003 0.00049769850000000004 0.015149950000000001 2.0580150000000006 0.0052402750000000008 0.0040558700000000005 0.35182300000000005 0.29912300000000008 0.07514040000000001 0.036699550000000004 13.500000000000002 0.06137610000000001
decision_type=2 2 2 2 2 2 2 2 2 2 2 2 2 2 2 2 2 2 2 2 2 2 2 2 2 2 2 2 2 2
left_child=7 3 4 -2 5 6 -3 11 -8 -5 20 -1 -7 14 16 18 -9 -11 19 -16 -6 -17 -23 -19 25 26 27 29 -29 -25
right_child=1 2 -4 9 10 12 8 13 -10 17 -12 -13 -14 -15 15 21 -18 23 -20 -21 -22 22 -24 24 -26 -27 -28 28 -30 -31
leaf_value=-0.0014347184362031795 -0.0034840488044263714 5.0647185969704803e-05 0.0091647044200239055 -0.0018101570517863573 0.01071006837731941 -0.0025199210473840199 0.00046061034531355392 -0.0029263114384206201 0.01926278988739271 0.00081955928562311032 -0.0034107014068763307 0.0024332819729810263 0.0001611564509443632 -0.0023396610655941519 -0.0025569774793258652 -0.0018498756462142535 -0.00034108731669204727 -0.0026731837098031958 0.00074085947822178538 0.00015353462221844269 -0.0033510728004705784 -0.0019903159980819217 0.00034284103705636815 -0.00089866327605181819 -0.0059736823410005404 0.0046394454905301667 -0.00086827463952394296 0.014157481988477159 -0.0031233347314775831 0.0064250845238803568
leaf_weight=71 146 143 96 476 60 106 64 262 61 70 224 60 67 930 68 106 62 139 142 60 60 258 89 612 88 61 173 88 61 129
leaf_count=71 146 143 96 476 60 106 64 262 61 70 224 60 67 930 68 106 62 139 142 60 60 258 89 612 88 61 173 88 61 129
internal_value=-0.00147258 -0.000673736 0.000448353 -0.00115761 -9.55426e-05 0.00100907 0.00246269 -0.00258065 0.005 -0.000940961 -0.00151163 0.00034351 -0.00124278 -0.00277441 -0.00213467 -0.00140387 -0.00376543 -0.000496131 0.00074074 -0.00109375 0.000833332 -0.00268212 -0.00197406 -0.000669875 -0.000420793 -0.000195731 -0.000390406 0.000112358 0.00372483 -0.000614036
internal_weight=5032 2924 881 2043 785 441 268 2108 125 1897 344 131 173 1977 1047 723 324 1421 270 128 120 453 347 1351 1212 1124 1063 890 149 741
internal_count=5032 2924 881 2043 785 441 268 2108 125 1897 344 131 173 1977 1047 723 324 1421 270 128 120 453 347 1351 1212 1124 1063 890 149 741
is_linear=0
shrinkage=0.05


Tree=41
num_leaves=31
num_cat=0
split_feature=1 7 4 9 11 4 0 1 4 5 2 5 1 1 6 9 3 9 1 9 2 6 5 1 2 7 5 5 6 11
split_gain=1.57179 0.679194 0.670307 0.496767 0.460685 0.535432 0.382042 0.739881 0.519492 0.405455 0.477744 0.451082 0.438009 0.378107 0.291002 0.520144 0.282829 0.591203 0.498496 0.448149 0.517348 0.421889 0.523874 0.665755 0.486719 0.423101 0.376318 0.358244 0.368641 0.350028
threshold=0.0015310800000000002 0.13815900000000003 3.7542350000000004 1280.5000000000002 1.5000000000000002 140.14300000000003 0.94061000000000006 0.00023787600000000001 3.2104100000000004 0.023323750000000004 7.1265250000000009 0.0056357200000000012 0.0010685200000000001 0.015411500000000002 0.11856900000000002 1560.5000000000002 1.5000000000000002 970.50000000000011 0.0099361450000000021 2433.5000000000005 10.630150000000002 0.016656050000000002 5.237820000000001 0.0068179600000000005 3.0331750000000004 0.028446650000000004 0.17624050000000002 1.9422650000000001 0.024391250000000003 7.5000000000000009
decision_type=2 2 2 2 2 2 2 2 2 2 2 2 2 2 2 2 2 2 2 2 2 2 2 2 2 2 2 2 2 2
left_child=6 4 14 -4 -2 16 7 -1 -9 11 -11 -8 -12 -5 15 -3 17 -6 19 27 -21 24 23 25 -18 26 -23 28 -19 -26
right_child=1 2 3 13 5 -7 9 8 -10 10 12 -13 -14 -15 -16 -17 21 18 -20 20 -22 22 -24 -25 29 -27 -28 -29 -30 -31
leaf_value=-0.0021857878689509817 -0.0021947291903293884 0.0057858701581516257 0.00067887487075347301 0.016294880998224178 0.013951782701716948 0.00059025886759089179 -0.0017668854194554254 -0.00090023727424044786 0.00056908726320232584 -0.0022719217943529507 -0.0022156026867606801 0.0011132838528887469 0.00018526319892803389 0.0080350282815975036 -0.0061178390703297272 -0.0083763199968638381 -0.0033662783856546509 0.00017061087134058003 0.0039679327414971549 -0.00041889390792019567 0.0012916345714869208 -0.0026480104610277807 0.0022795251923777571 -0.001460161192474945 0.00092308704741413106 0.0011037547476439207 0.00015292443681917683 -0.003915582866097736 -0.0039728048270507499 -0.0015957298431861916
leaf_weight=303 291 79 89 68 118 71 95 307 129 796 309 67 102 69 84 67 205 63 119 161 67 82 69 249 139 110 65 195 60 404
leaf_count=303 291 79 89 68 118 71 95 307 129 796 309 67 102 69 84 67 205 63 119 161 67 82 69 249 139 110 65 195 60 404
internal_value=-0.00149245 -0.000742135 0.0010307 0.0029646 -0.00106969 -0.000819937 -0.00253321 -0.00161705 -0.000298166 -0.00302776 -0.003343 -0.000679014 -0.00195864 0.00485401 -0.000869566 0.000479451 -0.000963914 -0.000210729 -0.000789475 -0.00142857 0.000263157 -0.00140968 -0.000391306 -0.000948618 -0.00219251 0.000836575 -0.000918369 -0.00264151 -0.000528456 -0.00140884
internal_weight=5032 2924 456 226 2468 2177 2108 739 436 1369 1207 162 411 137 230 146 2106 783 665 546 228 1323 575 506 748 257 147 318 123 543
internal_count=5032 2924 456 226 2468 2177 2108 739 436 1369 1207 162 411 137 230 146 2106 783 665 546 228 1323 575 506 748 257 147 318 123 543
is_linear=0
shrinkage=0.05


Tree=42
num_leaves=31
num_cat=0
split_feature=1 7 4 9 0 1 1 0 13 8 4 11 7 6 9 7 7 1 10 0 2 6 12 7 11 11 5 6 0 0
split_gain=1.52566 0.711169 0.596451 0.496767 0.432374 0.395836 0.378107 0.374965 0.545649 0.517644 0.804651 0.584945 0.510887 0.552981 0.755992 0.389202 0.356555 0.353376 0.487777 0.708929 0.426621 0.35018 0.343791 0.34 0.336478 0.381261 0.336992 0.519494 0.335297 0.469465
threshold=0.0015310800000000002 0.13815900000000003 3.7542350000000004 1280.5000000000002 -0.20500099999999996 0.00016161400000000003 0.015411500000000002 5.5678050000000008 1.0000000180025095e-35 11.358350000000002 25.158800000000003 6.5000000000000009 0.025134900000000005 0.0079665500000000011 1002.5000000000001 0.031131400000000004 0.27338450000000009 0.0003675215 2.5000000000000004 1.4557800000000001 1.8700000000000003 0.036699550000000004 3.5000000000000004 0.0010034200000000003 1.5000000000000002 21.500000000000004 5.237820000000001 0.011379850000000002 2.5463500000000003 1.6257000000000004
decision_type=2 2 2 2 2 2 2 2 2 2 2 2 2 2 2 2 2 2 2 2 2 2 2 2 2 2 2 2 2 2
left_child=4 7 16 -4 5 -1 -5 8 9 10 12 -11 13 -2 -15 21 -3 -6 19 20 23 -10 -20 -19 -9 26 -26 -28 29 -13
right_child=1 2 3 6 17 -7 -8 24 15 11 -12 28 -14 14 -16 -17 -18 18 22 -21 -22 -23 -24 -25 25 -27 27 -29 -30 -31
leaf_value=-0.0012536931209454715 -0.00073912953388785042 0.00035793907150566938 0.00064493112721579417 0.015480136948312968 -0.0023389464094661591 0.0022905100305163632 0.0076332768675176276 -0.0039346477228228011 -0.0016283097708626141 -0.0017784955072539012 0.0058897381450581411 -6.1458651282243542e-05 -0.0025146755735473672 0.01057801369215953 -0.0005354893814520415 -0.0021561589300441416 -0.005514925260478567 -0.0024353475907509317 -0.0022669114619695476 -0.001273605867275842 0.00091776768621236069 0.0010961961742474828 -0.0012530046927533764 0.00012920348581652843 -0.0012779746527763244 -0.0029188199574384562 -0.0017044458530731663 0.00075593752079518555 -0.0008061304182925465 0.0072088139784766362
leaf_weight=71 128 109 89 68 591 60 69 104 403 145 71 97 91 92 98 165 121 74 370 464 146 68 269 63 356 70 237 91 188 64
leaf_count=71 128 109 89 68 591 60 69 104 403 145 71 97 91 92 98 165 121 74 370 464 146 68 269 63 356 70 237 91 188 64
internal_value=-0.00141296 -0.000673736 0.00114035 0.0029646 -0.00243833 0.00034351 0.00485401 -0.00100892 -0.000559007 0.000184804 0.00135417 -0.000951418 0.000501221 0.00144654 0.00315789 -0.00169811 -0.000652175 -0.00262266 -0.00218615 -0.00131861 0.000653709 -0.000966031 -0.00320031 -0.00135037 -0.00185315 -0.00148541 -0.00112573 3.04866e-05 0.000157592 0.0018323
internal_weight=5032 2924 456 226 2108 131 137 2468 1610 974 480 494 409 318 190 636 230 1977 1386 747 283 471 639 137 858 754 684 328 349 161
internal_count=5032 2924 456 226 2108 131 137 2468 1610 974 480 494 409 318 190 636 230 1977 1386 747 283 471 639 137 858 754 684 328 349 161
is_linear=0
shrinkage=0.05


Tree=43
num_leaves=31
num_cat=0
split_feature=1 7 12 8 0 1 4 5 2 5 1 10 0 9 6 8 9 9 11 8 2 4 5 4 13 5 2 10 9 0
split_gain=1.51424 0.678252 0.55455 0.442594 0.396116 0.716906 0.475705 0.368509 0.475937 0.451082 0.4013 0.360653 0.409527 0.346154 0.32309 0.400911 0.61933 1.17114 0.485894 0.385656 0.624364 0.447583 0.465974 0.448269 0.365925 0.867555 0.449243 0.7598 0.78594 0.787333
threshold=0.0015310800000000002 0.19891000000000003 1.0000000180025095e-35 44.44165000000001 0.94061000000000006 0.00023787600000000001 3.2104100000000004 0.023323750000000004 7.1265250000000009 0.0056357200000000012 0.0010685200000000001 18.500000000000004 41.517000000000003 2668.5000000000005 0.0013352950000000002 12.566650000000001 1280.5000000000002 1383.5000000000002 20.500000000000004 29.891650000000002 1.5292600000000003 0.00078493050000000015 0.41081500000000004 76.21135000000001 1.0000000180025095e-35 7.3553000000000006 14.998650000000003 8.5000000000000018 666.50000000000011 1.4285750000000002
decision_type=2 2 2 2 2 2 2 2 2 2 2 2 2 2 2 2 2 2 2 2 2 2 2 2 2 2 2 2 2 2
left_child=4 3 -3 11 5 13 -7 9 -9 -6 -10 12 14 -1 -2 24 -17 -18 19 21 -21 -19 -23 -24 26 -26 27 28 -16 -30
right_child=1 2 -4 -5 7 6 -8 8 10 -11 -12 -13 -14 -15 15 16 17 18 -20 20 -22 22 23 -25 25 -27 -28 -29 29 -31
leaf_value=-0.0021160465675873021 -0.0028567876614454023 0.014320354012172465 -0.00090499415098752511 -0.0023594965114097388 -0.0016158909138449856 -0.00078019725930753155 0.00055885384809442335 -0.0020632795662908375 -0.0019914769793241689 0.0011411659873505474 0.00023865027361930091 -0.0029982419535865504 0.0030448165559727259 -0.0010707661909668028 -0.00098271444576806719 -0.0036271388023991812 0.010916318881826162 0.000933866108979612 -0.0027728789791653602 -0.0024678728990964148 0.0032036646581348523 0.00033774773120767628 -0.0031039879025182666 4.0164895952324711e-05 -0.0015851475661136415 0.00092225795702978875 -0.0046132865034905846 0.0085603737850799728 -0.00022793693581590045 0.004598078598900524
leaf_weight=226 118 112 192 107 95 307 129 796 309 67 102 125 67 77 139 222 72 106 100 65 71 111 301 69 359 73 95 60 183 177
leaf_count=226 118 112 192 107 95 307 129 796 309 67 102 125 67 77 139 222 72 106 100 65 71 111 301 69 359 73 95 60 183 177
internal_value=-0.00139309 -0.000656636 0.00157895 -0.000916032 -0.00241461 -0.00148173 -0.000183487 -0.00291819 -0.00321873 -0.000679014 -0.00183698 -0.000781935 -0.000644892 -0.00334984 -0.000756141 -0.000619611 -0.00128469 -0.000698325 -0.00123329 -0.000781467 0.00161765 -0.00133731 -0.00198545 -0.00283784 6.44555e-05 -0.00106482 0.000810396 0.00135062 0.000711422 0.00194444
internal_weight=5032 2924 304 2620 2108 739 436 1369 1207 162 411 2513 2388 303 2321 2203 1117 895 823 723 136 587 481 370 1086 432 654 559 499 360
internal_count=5032 2924 304 2620 2108 739 436 1369 1207 162 411 2513 2388 303 2321 2203 1117 895 823 723 136 587 481 370 1086 432 654 559 499 360
is_linear=0
shrinkage=0.05


Tree=44
num_leaves=31
num_cat=0
split_feature=14 1 4 3 5 2 6 7 1 3 5 0 1 11 11 2 7 0 2 4 6 12 13 3 5 9 5 6 8 5
split_gain=1.36626 1.05483 0.705966 0.441762 0.583562 0.579101 0.458786 0.437495 0.458998 0.472133 0.377671 0.949622 0.373317 0.367305 0.551686 0.542829 0.517816 0.480405 0.478288 0.35811 0.463262 0.337494 0.329061 0.371361 0.443884 0.337254 0.323945 0.412235 0.315192 0.314984
threshold=1.0000000180025095e-35 0.0010193650000000002 6.8747500000000015 2.5000000000000004 5.020690000000001 10.475650000000002 0.008051705000000001 0.19891000000000003 0.0017477950000000001 2.5000000000000004 6.4136100000000011 1.1609850000000004 0.023044300000000004 10.500000000000002 19.500000000000004 0.61280500000000016 -0.029902849999999998 0.37847000000000003 2.4664950000000005 0.00033335950000000004 0.0041248450000000011 3.5000000000000004 1.0000000180025095e-35 2.5000000000000004 5.1461750000000004 2571.5000000000005 0.052067900000000007 0.0050223000000000012 8.7750000000000004 2.8868400000000007
decision_type=2 2 2 2 2 2 2 2 2 2 2 2 2 2 2 2 2 2 2 2 2 2 2 2 2 2 2 2 2 2
left_child=1 10 3 13 6 -6 -5 8 9 -4 26 -12 28 17 15 -15 -16 -3 -17 -19 -21 -22 23 24 -10 -24 27 -1 -7 -20
right_child=-2 2 7 4 5 12 -8 -9 22 -11 11 -13 -14 14 16 18 -18 19 29 20 21 -23 25 -25 -26 -27 -28 -29 -30 -31
leaf_value=-0.0022159245796335991 0.022841622208873542 0.00058525444275371282 0.0017040015900661087 -0.0021201581405318128 0.0019042662471520557 -7.2929104170758221e-05 -0.0010845857766643156 0.012949948164805283 0.00020165534074091142 -0.0016638148886412999 0.00065330396478294835 -0.0024963110910979935 0.0034534415545788054 0.0037583584462060667 0.00023755692556495713 -0.0023552948901499407 -0.0037859594980385889 -0.0025088735393408194 0.013790541117013512 0.00037502301044613966 -0.0022090655144275328 -0.00084241787938851885 -0.0036300577873945696 0.0023964472466291532 -0.0024294734282833078 -0.00028196726101398624 -0.0017624342207042988 0.00052855162151058219 -0.0025093427709656298 0.0001112921397636692
leaf_weight=222 65 69 74 228 105 63 595 102 82 60 90 158 78 104 77 72 107 188 60 97 124 108 78 198 94 118 1064 108 200 244
leaf_count=222 65 69 74 228 105 63 595 102 82 60 90 158 78 104 77 72 107 188 60 97 124 108 78 198 94 118 1064 108 200 244
internal_value=-0.00143283 -0.00152708 -0.00101504 -0.00142715 -0.00208432 -0.000627804 -0.00287363 0.000272952 -0.000170456 0.00246269 -0.00256395 -0.00076613 -0.00162757 -0.000760001 4.51795e-05 0.000937499 -0.00228261 -0.00167236 5.31903e-05 -0.00219536 -0.00120061 -0.00241379 -0.000789475 8.02127e-05 -0.00159091 -0.00244898 -0.00288379 -0.00151515 -0.00252852 0.000921051
internal_weight=5032 4967 3325 2519 1269 446 823 806 704 134 1642 248 341 1250 664 480 184 586 376 517 329 232 570 374 176 196 1394 330 263 304
internal_count=5032 4967 3325 2519 1269 446 823 806 704 134 1642 248 341 1250 664 480 184 586 376 517 329 232 570 374 176 196 1394 330 263 304
is_linear=0
shrinkage=0.05


Tree=45
num_leaves=31
num_cat=0
split_feature=14 1 4 0 6 7 7 9 6 9 7 1 0 12 8 0 6 11 12 2 1 11 8 11 0 7 13 5 4 0
split_gain=1.35497 0.994397 0.822239 0.716294 0.61477 0.46627 0.656232 0.666667 0.647378 0.487155 0.464058 0.415373 0.4003 0.802778 0.374877 0.370671 0.33725 0.383771 0.299915 0.500235 0.420666 0.298257 0.30367 0.432274 0.530579 0.413546 0.293792 0.373687 0.478298 0.326825
threshold=1.0000000180025095e-35 0.00056336950000000004 6.8747500000000015 -0.11911949999999999 0.0068507150000000011 -0.029902849999999998 -0.043461899999999991 1876.5000000000002 0.018315700000000004 3118.5000000000005 0.19891000000000003 0.0075885600000000011 1.2196950000000002 4.5000000000000009 6.6416650000000006 3.1157800000000004 0.0035674300000000003 11.500000000000002 3.5000000000000004 19.257500000000004 0.021279800000000005 20.500000000000004 17.491650000000003 6.5000000000000009 3.0268650000000004 -0.0025139449999999996 1.5000000000000002 0.81168600000000002 19.672500000000003 7.7231650000000007
decision_type=2 2 2 2 2 2 2 2 2 2 2 2 2 2 2 2 2 2 2 2 2 2 2 2 2 2 2 2 2 2
left_child=1 4 3 -3 -1 6 8 -8 -5 12 26 -10 13 16 -14 -13 -7 -18 19 -16 21 22 23 -20 -25 -24 27 -4 -29 -30
right_child=-2 2 10 5 -6 9 7 -9 11 -11 -12 15 14 -15 18 -17 17 -19 20 -21 -22 -23 25 24 -26 -27 -28 28 29 -31
leaf_value=-0.0021585300050473437 0.021699541098429864 0.0082899467997975991 0.0010137211700325219 -0.0022925200710337524 0.00099626830485487422 0.0020231728718671342 -0.0025739175767930866 0.0077164513411449726 -0.0014828553812234998 -0.0026926016877929378 0.012302450756565024 0.01019114857623685 0.0010155848632569624 -0.00273979766891336 -0.0018903981008926514 -4.5320891129086897e-05 -0.00080843145283608902 0.00091933992159278399 -0.0026004080317839386 0.0011397123770931082 0.011092866344027064 -0.00199872167942651 -0.0023830894415319652 0.00024464283033632411 -0.0022632282453773265 0.0007829093883817168 -0.00158171067378068 -0.0015563322129948341 0.00011191138851181576 -0.0025081575735455344
leaf_weight=923 65 80 70 332 79 83 75 75 76 313 102 70 81 144 609 189 96 61 161 66 61 72 77 86 78 138 94 127 422 127
leaf_count=923 65 80 70 332 79 83 75 75 76 313 102 70 81 144 609 189 96 61 161 66 61 72 77 86 78 138 94 127 422 127
internal_value=-0.00140302 -0.00149688 -0.00114124 -0.00154317 -0.00290419 -0.00167007 -0.000654836 0.00233333 -0.00132684 -0.00206021 0.000148619 0.000223879 -0.00174573 -0.000312501 -0.00213086 0.0011776 0.00145833 9.55402e-05 -0.00232938 -0.00307408 -0.00158247 -0.00197713 -0.00157408 -0.00253846 -0.000731709 -0.00011628 -0.000238096 9.38326e-05 -0.000266273 0.000373405
internal_weight=5032 4967 3965 3023 1002 2943 817 150 667 2126 942 335 1813 384 1429 259 240 157 1348 675 673 612 540 325 164 215 840 746 676 549
internal_count=5032 4967 3965 3023 1002 2943 817 150 667 2126 942 335 1813 384 1429 259 240 157 1348 675 673 612 540 325 164 215 840 746 676 549
is_linear=0
shrinkage=0.05


Tree=46
num_leaves=31
num_cat=0
split_feature=14 1 4 2 11 7 6 8 1 9 6 10 3 7 11 10 8 1 12 0 0 11 9 8 8 0 12 5 4 0
split_gain=1.34748 0.960048 0.52129 0.425987 0.562637 0.405225 0.402197 0.73749 0.364722 0.342964 0.329162 0.604649 0.390152 1.06744 0.302075 0.270504 0.447696 0.495282 0.365819 0.290181 0.269359 0.260959 0.47554 0.453929 0.447662 0.297548 0.925581 0.4135 0.35758 0.62552
threshold=1.0000000180025095e-35 0.0015310800000000002 8.0593750000000011 8.506115000000003 19.500000000000004 0.19891000000000003 0.00099914150000000022 11.441650000000001 0.0019538550000000004 3380.5000000000005 0.0032008500000000003 2.5000000000000004 1.5000000000000002 -0.0021307949999999996 1.0000000180025095e-35 2.5000000000000004 11.358350000000002 0.0072720100000000015 3.5000000000000004 2.4535150000000003 2.9214100000000003 20.500000000000004 979.50000000000011 43.225000000000009 34.641650000000006 0.98387550000000012 3.5000000000000004 1.9422650000000001 0.10267750000000002 9.8804450000000017
decision_type=2 2 2 2 2 2 2 2 2 2 2 2 2 2 2 2 2 2 2 2 2 2 2 2 2 2 2 2 2 2
left_child=1 3 14 9 6 8 -5 -8 -4 10 -1 12 13 -12 -3 18 -17 -18 19 -10 -13 23 -23 24 25 26 27 -16 -27 -30
right_child=-2 2 5 4 -6 -7 7 -9 15 -11 11 20 -14 -15 21 16 17 -19 -20 -21 -22 22 -24 -25 -26 28 -28 -29 29 -31
leaf_value=-0.0016021360461250817 0.020614564043508372 -0.0030939516165683651 0.0010281397656636937 -0.0016949491086341079 -0.0026915025525716132 0.012174074819667507 -0.0018182655669616602 0.0019748664998288155 -0.002476837662302766 -0.0027173457823151991 -0.0015639447295620842 -0.00088343310910376322 -0.0010393565315075274 0.001535077542402489 0.017360731728423253 0.00049065957945872553 -0.0024899236835216015 0.0021256881561279549 -0.0016843023180893658 0.00032025452259736519 -0.0021087138852995753 0.00091830286886114901 -0.0041277856276796723 -0.0026136757301417918 0.0002764473666437248 -0.00015700222472972298 -0.00075088887273018533 0.00015064359796877972 -0.0017987615344675061 0.00033886877023178128
leaf_weight=828 65 155 66 212 91 96 67 85 75 180 101 199 157 64 60 106 97 71 105 70 118 79 187 86 74 527 131 74 635 171
leaf_count=828 65 155 66 212 91 96 67 85 75 180 101 199 157 64 60 106 97 71 105 70 118 79 187 86 74 527 131 74 635 171
internal_value=-0.00138315 -0.00147675 -0.000881328 -0.0022883 -0.000934067 0.000320699 -5.49462e-05 0.00190789 -0.000169493 -0.00266242 -0.00240968 -0.00155712 -3.10571e-05 0.00166667 -0.00125975 -0.000610688 0.000474451 -0.00113095 -0.0018 -0.000172415 -0.00310726 -0.00109684 -0.00255639 -0.000875997 -0.000693781 -0.000869838 0.000660376 0.00358209 -0.00117404 -0.00183623
internal_weight=5032 4967 2865 2102 455 686 364 152 590 1647 1467 639 322 165 2179 524 274 168 250 145 317 2024 266 1758 1672 1598 265 134 1333 806
internal_count=5032 4967 2865 2102 455 686 364 152 590 1647 1467 639 322 165 2179 524 274 168 250 145 317 2024 266 1758 1672 1598 265 134 1333 806
is_linear=0
shrinkage=0.05


Tree=47
num_leaves=31
num_cat=0
split_feature=14 1 4 11 5 2 6 0 6 5 2 0 1 4 8 0 2 8 1 5 5 5 11 11 7 7 11 2 0 11
split_gain=1.04996 0.995618 0.762422 0.549105 0.535305 0.588494 0.420375 0.398742 0.565831 1.05792 0.580766 0.405382 0.366618 0.38704 0.453303 0.374053 0.651209 0.731928 0.316365 0.313043 0.489495 0.466796 0.301912 0.301856 0.324051 0.565563 0.499948 1.16902 0.429378 0.410451
threshold=1.0000000180025095e-35 0.00056336950000000004 6.8747500000000015 1.0000000180025095e-35 0.81168600000000002 1.9859850000000001 0.0068507150000000011 4.9449450000000015 0.0020588650000000004 6.9353600000000002 3.6634050000000005 15.900200000000002 0.0036621050000000001 0.055215700000000006 7.158335000000001 2.2525750000000007 0.58203400000000005 10.408350000000002 0.0026562650000000001 0.21640200000000001 3.5612250000000008 5.2051250000000007 12.500000000000002 21.500000000000004 0.033911000000000004 0.012185250000000002 11.500000000000002 0.67157500000000014 10.070500000000001 7.5000000000000009
decision_type=2 2 2 2 2 2 2 2 2 2 2 2 2 2 2 2 2 2 2 2 2 2 2 2 2 2 2 2 2 2
left_child=1 6 3 -3 -4 -6 -1 8 -7 10 -10 18 13 14 -5 16 -16 -18 -9 22 -21 -22 -15 24 25 26 29 -28 -26 -14
right_child=-2 2 4 12 5 7 -8 11 9 -11 -12 -13 23 19 15 -17 17 -19 -20 20 21 -23 -24 -25 28 -27 27 -29 -30 -31
leaf_value=-0.0019704967024887225 0.019583835841332952 -0.0023963505103142442 0.0012459604110236968 0.001209990196814745 -0.0023101089394876903 -0.00099434373753146403 0.00099062654506731841 1.9600748267891041e-05 0.004659461112790037 0.011355819169343619 -0.00075231776358251738 0.002220798495120213 -0.00017412030471610678 -0.0013282337733946088 -0.0011451421689691508 -0.0018512905484536287 -0.0005348839845058874 0.002054352791663736 -0.0049113836099774931 -0.0018392586180376086 0.00010681010678803034 -0.0019756286113283279 8.0976667221036497e-05 -0.0025439089071986531 -0.0013008255210121549 0.0014844073134286065 0.0041003137772291625 -0.00015300023355384589 0.00028129795984828068 -0.0029709107337160426
leaf_weight=923 65 257 83 77 93 92 79 60 85 61 220 89 213 140 88 256 64 83 159 350 71 178 108 124 326 75 72 279 103 159
leaf_count=923 65 257 83 77 93 92 79 60 85 61 220 89 213 140 88 256 64 83 159 350 71 178 108 124 326 75 72 279 103 159
internal_value=-0.00131359 -0.00139622 -0.00104035 -0.00142739 0.000201697 -0.000168802 -0.00280439 0.000287205 0.00122271 0.00210382 0.000901638 -0.0011039 -0.00122198 -0.00178445 -0.000774649 -0.00133401 0.000106382 0.00214286 -0.00226028 -0.00246163 -0.00308013 -0.00138554 -0.000967743 -0.000632866 -0.000395274 0.0002005 -0.000228217 0.00112535 -0.0015035 -0.00150538
internal_weight=5032 4967 3965 3023 942 859 1002 766 458 366 305 308 2766 1415 568 491 235 147 219 847 599 249 248 1351 1227 798 723 351 429 372
internal_count=5032 4967 3965 3023 942 859 1002 766 458 366 305 308 2766 1415 568 491 235 147 219 847 599 249 248 1351 1227 798 723 351 429 372
is_linear=0
shrinkage=0.05


Tree=48
num_leaves=31
num_cat=0
split_feature=1 4 5 2 6 0 11 6 4 7 9 1 3 3 7 10 2 5 7 6 1 1 4 5 11 8 8 6 6 10
split_gain=0.952992 0.527917 0.498061 0.424082 0.571796 0.471787 0.420222 0.383998 0.38899 0.362091 0.632564 0.580508 0.318945 0.419996 0.834579 0.570669 0.312968 0.542496 0.345108 0.293612 0.462364 0.273848 0.455279 0.320051 0.268899 0.361106 0.355133 0.322232 0.333689 0.374458
threshold=0.00067815200000000012 6.8747500000000015 0.81168600000000002 2.9618650000000004 0.058730300000000006 -0.068901299999999985 1.0000000180025095e-35 0.29912300000000008 1.0482050000000001 -0.0033573549999999998 3060.5000000000005 0.0010685200000000001 12.500000000000002 6.5000000000000009 0.015466700000000002 9.5000000000000018 2.5184500000000005 2.5317650000000005 0.21153950000000002 0.0068507150000000011 0.00053207050000000011 0.0016780950000000003 0.043196100000000008 0.052067900000000007 3.5000000000000004 10.975000000000001 10.725000000000001 0.0019553750000000005 0.0048553200000000006 3.5000000000000004
decision_type=2 2 2 2 2 2 2 2 2 2 2 2 2 2 2 2 2 2 2 2 2 2 2 2 2 2 2 2 2 2
left_child=19 3 -3 5 6 -2 -5 8 9 -7 11 -11 13 15 -15 24 -4 -18 -19 -1 -21 -13 -23 -24 25 -8 -26 -28 -29 -30
right_child=1 2 16 4 -6 7 12 -9 -10 10 -12 21 -14 14 -16 -17 17 18 -20 20 -22 22 23 -25 26 -27 27 28 29 -31
leaf_value=-0.0017237410571762863 0.0068657432321703599 0.001307005367154882 -0.0019001027894268276 -0.0029042651929878233 0.0040338373220070072 -0.0014255546556387415 0.0043551686898981269 0.0027605690933356114 -0.0016568566411885232 0.00042047436260610958 -0.0028352872125305749 -0.0013101142530168759 -0.0021326432486816127 -0.0016744994440457289 0.025534433853746038 -0.0034387777755892457 0.0025544765678472132 -0.00055449203664766967 0.009480085099186835 0.0022571763965544165 -0.00077609307806223316 -0.0041528206512536046 0.0014196415155874104 -0.00074227932823120674 -0.0017119744169647906 -0.0016316311903594709 0.0011189807199167129 -0.0014632863274669959 0.00021925527815602178 -0.0017234068145381516
leaf_weight=1059 71 79 125 102 61 485 72 92 361 78 71 71 62 99 61 118 92 544 78 66 63 63 65 60 341 74 99 117 209 94
leaf_count=1059 71 79 125 102 61 485 72 92 361 78 71 71 62 99 61 118 92 544 78 66 63 63 65 60 341 74 99 117 209 94
internal_value=-0.00136328 -0.00098075 6.53583e-05 -0.00130896 -0.000725647 -0.00193014 -0.000925416 -0.00213967 -0.00236842 -0.00180851 -0.000710786 0.000192877 -0.000690937 -0.000521808 0.001875 -0.000862991 -0.000292015 0.000112044 -0.000418008 -0.00260101 -0.000348838 -0.000945947 5.31903e-05 0.0018 -0.000477138 0.00150685 -0.000813955 9.63272e-06 -0.000595239 0.000280527
internal_weight=5032 3844 918 2926 1509 1417 1448 1346 1254 893 408 337 1346 1284 160 1124 839 714 622 1188 129 259 188 125 1006 146 860 519 420 303
internal_count=5032 3844 918 2926 1509 1417 1448 1346 1254 893 408 337 1346 1284 160 1124 839 714 622 1188 129 259 188 125 1006 146 860 519 420 303
is_linear=0
shrinkage=0.05


Tree=49
num_leaves=31
num_cat=0
split_feature=1 10 1 11 0 11 1 7 13 2 0 0 0 10 4 9 12 0 4 0 9 5 11 0 2 5 3 0 12 2
split_gain=0.925954 0.452396 0.477709 0.422267 0.441891 0.608293 0.588156 0.402874 0.386366 0.444003 0.47286 0.413727 0.366901 0.361712 0.431308 0.908206 1.04978 0.406204 0.356794 0.578133 0.570395 0.48017 0.46875 0.392469 0.396517 0.602724 0.418561 0.510115 0.310127 0.30431
threshold=0.0016501450000000002 2.5000000000000004 0.00038990100000000006 6.5000000000000009 1.4285750000000002 12.500000000000002 0.00071746000000000017 0.0019742500000000007 1.0000000180025095e-35 33.255450000000003 50.706700000000005 2.5463500000000003 -0.20500099999999996 14.500000000000002 1.1174250000000001 2460.5000000000005 5.5000000000000009 3.7215250000000006 1.1654100000000003 2.7446800000000002 2547.0000000000005 10.803200000000002 8.5000000000000018 0.67527350000000008 10.630150000000002 4.9304500000000013 5.5000000000000009 5.2934050000000008 4.5000000000000009 4.3387600000000015
decision_type=2 2 2 2 2 2 2 2 2 2 2 2 2 2 2 2 2 2 2 2 2 2 2 2 2 2 2 2 2 2
left_child=1 2 7 29 6 -6 -5 12 9 10 18 -10 -1 14 15 16 -13 -16 19 20 22 23 -2 -20 25 26 27 28 -25 -4
right_child=8 -3 3 4 5 -7 -8 -9 11 -11 -12 13 -14 -15 17 -17 -18 -19 21 -21 -22 -23 -24 24 -26 -27 -28 -29 -30 -31
leaf_value=-9.5937226915640818e-05 -0.00099665399585488175 -0.0015098677641668837 -0.0017106812265901264 0.0016627205343187968 0.00050217403097482989 -0.001283038389799737 -0.00035781186875462448 0.0005186294102669484 -0.002693443622947505 -0.0033660767791518576 0.0021631267250195991 0.0063972454655028283 -0.0020669777395415727 -0.0038878338409088341 0.0005517416985279279 -0.00078819717726889978 -5.2875188067927081e-05 -0.003449059057522616 -0.0016599035308683301 -0.001465062657101021 0.0058663376226675921 0.013532617962758545 0.00036999779268032324 0.0030909407768591364 -0.0021763241384580457 0.0047271625954641468 0.004859896710459108 -0.0016960331307260511 -0.00021550271979361402 -0.00026047646530284621
leaf_weight=62 128 1018 208 70 116 194 96 60 332 104 60 62 265 69 61 183 65 188 108 580 60 62 192 79 159 77 112 84 79 99
leaf_count=62 128 1018 208 70 116 194 96 60 332 104 60 62 265 69 61 183 65 188 108 580 60 62 192 79 159 77 112 84 79 99
internal_value=-0.00139309 -0.00216636 -0.00149573 -0.000785442 0.000147058 -0.000967743 0.00222891 -0.00293282 -0.000798173 -0.000382167 -0.00019663 -0.00161458 -0.00362385 -0.000859874 -0.000438284 0.00080645 0.00405512 -0.00198795 -0.000348838 -0.000989585 0.000526315 0.000460525 -0.000312501 8.59587e-05 0.000593219 0.00138051 0.000508473 -0.000661158 0.00101266 -0.00223127
internal_weight=5032 2188 1170 783 476 310 166 387 2844 1884 1780 960 327 628 559 310 127 249 1720 960 380 760 320 698 590 431 354 242 158 307
internal_count=5032 2188 1170 783 476 310 166 387 2844 1884 1780 960 327 628 559 310 127 249 1720 960 380 760 320 698 590 431 354 242 158 307
is_linear=0
shrinkage=0.05


Tree=50
num_leaves=31
num_cat=0
split_feature=14 1 4 5 11 2 2 4 3 9 11 0 0 11 0 8 1 4 1 9 6 8 1 1 11 4 4 6 0 10
split_gain=0.83898 0.812459 0.647392 0.528945 0.411073 0.410096 0.566198 0.392299 0.384513 0.333536 0.315859 0.311557 0.347158 0.340873 0.306584 0.591236 0.725599 0.695695 0.390756 0.388757 0.29997 0.296435 0.320663 0.287782 0.416592 0.425958 0.358602 0.281678 0.274261 0.270471
threshold=1.0000000180025095e-35 0.00067815200000000012 6.8747500000000015 0.81168600000000002 1.0000000180025095e-35 2.5184500000000005 3.6634050000000005 2.3052350000000001 6.5000000000000009 3427.5000000000005 20.500000000000004 0.20485750000000003 0.50553000000000015 12.500000000000002 2.2525750000000007 9.0250000000000004 0.0010685200000000001 0.033782550000000008 0.0044509350000000005 2382.0000000000005 0.0068507150000000011 11.975000000000001 0.00037705150000000005 0.0012409200000000002 1.5000000000000002 14.968350000000003 46.566150000000007 0.0014136850000000002 -0.036723699999999991 1.5000000000000002
decision_type=2 2 2 2 2 2 2 2 2 2 2 2 2 2 2 2 2 2 2 2 2 2 2 2 2 2 2 2 2 2
left_child=1 9 4 -4 -3 -5 -7 11 -9 20 23 13 -13 -6 15 19 -17 -18 -16 -14 21 22 28 -8 -25 -26 -27 -24 -1 -28
right_child=-2 2 3 5 7 6 10 8 -10 -11 -12 12 14 -15 18 16 17 -19 -20 -21 -22 -23 27 24 25 26 29 -29 -30 -31
leaf_value=-0.0005426183698864738 0.018677536596442883 -0.0021708113674098555 0.0013145975994605505 -0.0017467066236460202 0.0012769422850381145 0.0046147166190149812 0.00066609902181879858 -0.001826067372037562 -0.00020520652137235502 -0.0025333521730108097 -0.0017858417435483017 -0.0011751583471392235 -0.0023776022986679922 -0.0022954146622216147 -0.001485819645379324 0.0003399783797260046 0.0024333334465707129 -0.001279731542840277 -0.00012443241586749721 0.00046068935515768285 0.0003697747380151972 -0.0017756158014718172 0.00062592587612497275 -0.0027456669693117085 0.0018279339622948414 -0.0022575472902186286 -0.0015553254414763489 -0.00057748988987592527 -0.0012699148129125017 0.00050470100178952662
leaf_weight=104 65 234 78 124 94 76 76 240 79 132 69 84 146 73 744 83 107 150 781 67 106 490 85 63 61 73 85 84 181 198
leaf_count=104 65 234 78 124 94 76 76 240 79 132 69 84 146 73 744 83 107 150 781 67 106 490 85 63 61 73 85 84 181 198
internal_value=-0.00141296 -0.00148681 -0.00112946 3.87585e-05 -0.00149549 -0.000333335 0.000135519 -0.00131798 -0.00296238 -0.00263113 -0.000360001 -0.00109274 -0.00125347 0.000988023 -0.00112608 -0.000117542 0.00117647 -0.000136188 -0.0014918 -0.0021831 -0.00233333 -0.00261653 -0.00169604 3.597e-05 -0.000416668 0.000155874 -0.000505619 2.95846e-05 -0.0027193 0.000300352
internal_weight=5032 4967 3785 903 2882 825 701 2648 319 1182 625 2329 2162 167 2078 553 340 257 1525 213 1050 944 454 556 480 417 356 169 285 283
internal_count=5032 4967 3785 903 2882 825 701 2648 319 1182 625 2329 2162 167 2078 553 340 257 1525 213 1050 944 454 556 480 417 356 169 285 283
is_linear=0
shrinkage=0.05


Tree=51
num_leaves=31
num_cat=0
split_feature=14 1 0 13 4 11 7 9 4 8 8 11 1 1 6 5 9 9 2 2 5 6 4 4 5 2 0 6 0 7
split_gain=0.836029 0.791595 0.503682 0.424099 0.352595 0.441847 0.407481 0.333755 0.284571 0.27841 0.681074 0.535328 0.38379 0.388283 0.273671 0.507376 0.717722 0.328837 0.694834 0.271107 0.478105 0.427297 0.394035 0.342274 0.464659 0.399893 0.325825 0.588319 0.477148 0.305245
threshold=1.0000000180025095e-35 0.00079384150000000005 -0.26761099999999993 2.5000000000000004 6.8747500000000015 1.0000000180025095e-35 0.19891000000000003 3427.5000000000005 5.0147250000000012 12.566650000000001 10.241650000000002 17.500000000000004 0.0072720100000000015 0.0019538550000000004 0.00071566450000000014 6.1294950000000012 1048.5000000000002 2359.5000000000005 0.25271400000000005 2.9618650000000004 0.72122750000000013 0.036699550000000004 0.078932400000000014 1.6788600000000002 0.0040564750000000012 0.011192400000000002 2.8832750000000007 0.044683900000000006 1.510105 -0.043461899999999991
decision_type=2 2 2 2 2 2 2 2 2 2 2 2 2 2 2 2 2 2 2 2 2 2 2 2 2 2 2 2 2 2
left_child=1 2 -1 4 5 -3 9 14 19 10 11 -6 13 -11 -4 16 -16 -18 -19 20 23 29 -22 24 -7 -26 28 -28 -27 -21
right_child=-2 3 7 -5 6 8 -8 -9 -10 12 -12 -13 -14 -15 15 -17 17 18 -20 21 22 -23 -24 -25 25 26 27 -29 -30 -31
leaf_value=0.00059735614963871467 0.017743659766620738 -0.0020793316847573518 -0.0019512775844027323 -0.002692427154665028 -0.00097682305228817567 -0.0018456876784100262 0.0095583962217273347 -0.0023938448069825615 -0.0027353437734016339 -1.5624353034772702e-05 0.002486004833905619 0.0023529154758064868 0.0003258463708956121 -0.0017867745653374111 0.00022281797853029839 0.0015557805986534709 -0.0016018488267503638 0.00080717617618571581 -0.0013080222423527575 -0.0013483860587341114 -8.7345229924146127e-05 0.0056709384633349073 -0.0016606628532195172 -0.00054641783610598588 0.001535170555812997 -0.00056821630635261295 -0.0021738601734214275 0.00020665060530476064 0.00066974337356058144 -7.4471831950932691e-05
leaf_weight=90 65 204 381 68 219 132 102 147 69 99 71 66 107 176 121 60 370 63 130 392 112 115 268 103 61 113 144 123 97 764
leaf_count=90 65 204 381 68 219 132 102 147 69 99 71 66 107 176 121 60 370 63 130 392 112 115 268 103 61 113 144 123 97 764
internal_value=-0.00140302 -0.00147675 -0.00250367 -0.00108877 -0.00101357 -0.00129218 -0.000119049 -0.00275944 -0.00110911 -0.000528456 0.000477527 -0.000614036 -0.00146597 -0.00245455 -0.00246667 -0.0019086 -0.00229532 -0.00304618 -0.00137306 -0.00101898 -0.00157416 -0.000515343 -0.00302632 -0.000860286 -0.000447762 0.00020446 -0.00028302 -0.00144195 0.00119047 -0.000804499
internal_weight=5032 4967 1362 3605 3537 2697 840 1272 2493 738 356 285 382 275 1125 744 684 563 193 2424 1153 1271 380 773 670 538 477 267 210 1156
internal_count=5032 4967 1362 3605 3537 2697 840 1272 2493 738 356 285 382 275 1125 744 684 563 193 2424 1153 1271 380 773 670 538 477 267 210 1156
is_linear=0
shrinkage=0.05


Tree=52
num_leaves=31
num_cat=0
split_feature=14 1 9 10 6 0 0 5 2 0 2 6 5 4 8 6 11 7 9 0 4 8 2 2 0 6 10 7 7 9
split_gain=0.827205 0.794639 0.449439 0.404376 0.396747 0.371832 0.331926 0.276683 0.434711 0.286551 0.371662 0.776828 0.392331 0.439812 0.524355 0.564989 0.454669 0.406562 0.393208 0.370879 0.948922 0.417919 0.386742 0.460231 0.505174 0.465882 0.361531 0.806875 0.353643 0.40932
threshold=1.0000000180025095e-35 0.00056336950000000004 3283.5000000000005 34.500000000000007 0.0068507150000000011 41.517000000000003 2.3633400000000004 0.0040564750000000012 0.0096538450000000012 5.8410850000000005 4.3387600000000015 0.033446850000000007 1.992075 0.39523900000000006 10.791650000000002 0.011162850000000002 19.500000000000004 -0.0021307949999999996 1127.5000000000002 3.3651750000000002 14.309950000000002 15.175000000000002 12.051450000000001 8.506115000000003 1.4736000000000002 0.0037172200000000007 1.5000000000000002 0.0083441700000000014 0.086384800000000012 1108.0000000000002
decision_type=2 2 2 2 2 2 2 2 2 2 2 2 2 2 2 2 2 2 2 2 2 2 2 2 2 2 2 2 2 2
left_child=1 4 3 5 -1 7 -4 -3 -9 10 12 19 13 14 15 -10 26 -16 -14 22 21 -21 23 25 -25 -12 27 -15 29 -11
right_child=-2 2 6 -5 -6 -7 -8 8 9 28 11 -13 18 16 17 -17 -18 -19 -20 20 -22 -23 -24 24 -26 -27 -28 -29 -30 -31
leaf_value=-0.0015588256628724971 0.016856476778289702 -0.0019679618929039039 -3.0629724729995154e-05 -0.0035877320939368957 0.00092949037390408374 0.0024366453667338459 -0.0023207937240097222 0.0016570364001054503 0.0012434626945082604 -0.0017582431823243941 0.00024291088849714358 0.013456959277780923 -0.00017167408468676362 -0.00067864589594619524 -0.0010303400655254315 -0.0012339327905529071 0.00011556661862198714 0.00056419216898907429 -0.0018758111012265736 -0.0011682059302878191 0.0024085774811012199 0.00097518028475580799 -0.0015771643190563827 0.0072290533795480302 -0.00011682438014226451 -0.0015460267176249094 -0.0011275128927165669 0.0014159129513288589 8.9848989892358527e-06 -0.0012683079750952426
leaf_weight=923 65 154 97 61 79 98 251 60 60 144 106 69 95 97 175 77 69 76 189 155 85 82 234 62 113 161 386 93 195 521
leaf_count=923 65 154 97 61 79 98 251 60 60 144 106 69 95 97 175 77 69 76 189 155 85 82 234 62 113 161 386 93 195 521
internal_value=-0.00137321 -0.00144655 -0.00112863 -0.000963507 -0.00270459 -0.000894264 -0.00284483 -0.000980337 -0.000883778 -0.000961777 -0.000679531 1.40569e-05 -0.00124146 -0.000788965 0.000541236 0.0030292 -0.00158915 -0.000816734 -0.00288733 -0.000340683 0.0010559 -0.000569621 -0.00100592 -0.000135748 0.00185714 -0.00144195 -0.00204861 -0.000263159 -0.00174419 -0.00229323
internal_weight=5032 4967 3965 3617 1002 3556 348 3458 3304 3244 2384 1067 1317 1033 388 137 645 251 284 998 322 237 676 442 175 267 576 190 860 665
internal_count=5032 4967 3965 3617 1002 3556 348 3458 3304 3244 2384 1067 1317 1033 388 137 645 251 284 998 322 237 676 442 175 267 576 190 860 665
is_linear=0
shrinkage=0.05


Tree=53
num_leaves=31
num_cat=0
split_feature=14 1 0 13 6 5 9 10 1 0 0 11 9 9 2 2 5 6 2 8 11 9 6 0 8 0 12 5 9 1
split_gain=0.812603 0.746618 0.597911 0.439271 0.363981 0.503292 0.739549 0.279783 0.290422 0.296734 0.438922 0.435493 0.339134 0.626971 0.301254 0.598727 0.349313 0.540903 0.424611 0.437106 0.532618 0.433474 0.356109 0.322658 0.447922 0.505505 0.34966 0.318388 0.316235 0.29343
threshold=1.0000000180025095e-35 0.00079384150000000005 -0.23639949999999996 2.5000000000000004 0.00071566450000000014 6.1294950000000012 1165.5000000000002 34.500000000000007 0.070327700000000007 4.9449450000000015 4.7320400000000005 21.500000000000004 646.50000000000011 942.50000000000011 12.051450000000001 2.4664950000000005 1.992075 0.036699550000000004 7.9385250000000012 13.725000000000001 13.500000000000002 991.50000000000011 0.0077668000000000008 2.9214100000000003 18.925000000000001 1.7540750000000003 1.0000000180025095e-35 3.6965350000000003 1029.5000000000002 0.0030192850000000005
decision_type=2 2 2 2 2 2 2 2 2 2 2 2 2 2 2 2 2 2 2 2 2 2 2 2 2 2 2 2 2 2
left_child=1 2 -1 7 -4 6 -6 8 9 10 14 12 -11 -14 15 23 -17 18 21 20 -20 -18 27 24 26 -26 -3 -23 29 -28
right_child=-2 3 4 -5 5 -7 -8 -9 -10 11 -12 -13 13 -15 -16 16 17 -19 19 -21 -22 22 -24 -25 25 -27 28 -29 -30 -31
leaf_value=0.0004285801572704578 0.016013652939375216 0.00015440394197560034 -0.0019370734256687076 -0.0024635366482447778 6.3512586107068353e-05 0.0014336774815671464 -0.0013550627274411288 -0.0035883769592819619 0.012104763402754024 -0.00083523921455921002 0.00036094456999246618 -0.0026485551659635718 0.0075124002771799585 -0.0010408217772709886 -0.0012248893803396574 0.0012644409293192458 0.00088879625666532134 0.014417791875390879 0.0053678164892049206 -0.0016196228376843379 -0.00016959094729890648 0.0001558930425963613 -0.0022612608972222034 -0.0011362607977146216 -0.0015452659474007233 0.0018873948720023364 0.00031949843467295874 -0.0010848621543781409 -0.0014488754158290323 -0.0033883297408507126
leaf_weight=104 65 127 438 68 148 62 610 64 68 102 73 111 70 967 302 111 69 63 106 89 70 94 145 272 66 65 70 90 281 62
leaf_count=104 65 127 438 68 148 62 610 64 68 102 73 111 70 967 302 111 69 63 106 89 70 94 145 272 66 65 70 90 281 62
internal_value=-0.00132353 -0.00139622 -0.00239354 -0.00101942 -0.00269475 -0.00207317 -0.00242744 -0.000942891 -0.000882524 -0.000947138 -0.000591649 -0.00156 -0.00126866 -0.000998073 -0.000725265 -0.000477529 0.000495817 9.64175e-05 -0.000324285 0.00122641 0.00267045 -0.00135679 -0.00211246 -0.00134146 -0.000752609 0.00187023 -0.00138889 -0.000652175 -0.00209443 -7.57588e-05
internal_weight=5032 4967 1362 3605 1258 820 758 3537 3473 3405 2155 1250 1139 1037 2082 1780 837 726 663 265 176 398 329 943 671 131 540 184 413 132
internal_count=5032 4967 1362 3605 1258 820 758 3537 3473 3405 2155 1250 1139 1037 2082 1780 837 726 663 265 176 398 329 943 671 131 540 184 413 132
is_linear=0
shrinkage=0.05


Tree=54
num_leaves=31
num_cat=0
split_feature=11 14 1 4 9 13 6 0 12 4 12 10 11 0 7 2 11 7 7 1 9 9 11 5 9 5 6 8 8 8
split_gain=0.790094 0.637781 0.587668 0.562418 0.501267 0.468587 0.410979 0.469796 0.44689 0.410434 0.497544 0.457352 0.52939 0.475266 0.340592 1.01979 0.716986 0.49304 0.414064 0.317927 0.301926 0.303641 0.34883 0.364514 0.828556 0.522784 0.415554 0.314348 0.802924 0.363691
threshold=1.0000000180025095e-35 1.0000000180025095e-35 0.0040558700000000005 3.3005550000000006 3283.5000000000005 1.5000000000000002 0.00071566450000000014 0.18333800000000003 3.5000000000000004 99.636550000000014 3.5000000000000004 2.5000000000000004 17.500000000000004 2.2301450000000007 0.0025005500000000003 0.050107300000000007 6.5000000000000009 -0.0017741099999999997 -0.0049754099999999987 0.00041118550000000006 3169.5000000000005 2970.5000000000005 22.500000000000004 0.28720600000000002 1630.5000000000002 1.4770050000000003 0.099132800000000007 12.566650000000001 10.591650000000001 19.991650000000003
decision_type=2 2 2 2 2 2 2 2 2 2 2 2 2 2 2 2 2 2 2 2 2 2 2 2 2 2 2 2 2 2
left_child=3 2 4 -1 6 20 7 8 -2 11 -11 14 19 -14 17 -16 -17 18 -8 -13 21 22 23 24 26 -25 -4 28 -27 -29
right_child=1 -3 5 -5 -6 -7 9 -9 -10 10 -12 12 13 -15 15 16 -18 -19 -20 -21 -22 -23 -24 25 -26 27 -28 29 -30 -31
leaf_value=-0.0021076615140612743 0.00048179660313251658 0.015329822681122672 0.0003501816692278696 -0.00044977908753028736 -0.0017438142987095664 -0.0023165287550845968 -0.00055171908874394155 -0.001771123364767598 -0.0018240001941774433 -0.00016434865327413306 0.0030826196696216918 -6.5767745435222808e-05 0.0002959427743683155 -0.001240319862183749 0.001103948912241587 0.00040168410574492489 -0.0011020406313852797 -0.00091266562332786318 0.00071599720675915386 -0.0014371862776658344 0.0031728603888257698 -0.0018362957708444095 -0.0031166206542219076 -0.0012223153938697023 0.001518680235952522 -5.6768600800598605e-05 -0.0027394238345040301 -0.0015669157374801346 0.0071774459044771852 0.00032372146434966512
leaf_weight=343 74 61 61 131 241 107 393 343 76 67 60 99 61 113 60 108 210 135 93 670 117 101 71 154 77 346 63 257 100 240
leaf_count=343 74 61 61 131 241 107 393 343 76 67 60 99 61 113 60 108 210 135 93 670 117 101 71 154 77 346 63 257 100 240
internal_value=-0.00126391 -0.00106187 -0.00113076 -0.00320675 -0.0015751 -0.000395515 -0.00137002 -0.00266734 -0.000333335 -0.0010609 0.00169291 -0.00124099 -0.00203075 0.000459769 -0.000495497 0.000687829 -0.000440253 -0.00121578 -0.000473252 -0.00259428 -0.000179585 -0.000374151 -0.000178964 7.70297e-06 0.00196517 -0.000350958 -0.000564517 9.01367e-05 0.00105381 -0.000774649
internal_weight=5032 4558 4497 474 2803 1694 2562 493 150 2069 127 1942 943 174 999 378 318 621 486 769 1587 1470 1369 1298 201 1097 124 943 446 497
internal_count=5032 4558 4497 474 2803 1694 2562 493 150 2069 127 1942 943 174 999 378 318 621 486 769 1587 1470 1369 1298 201 1097 124 943 446 497
is_linear=0
shrinkage=0.05


Tree=55
num_leaves=31
num_cat=0
split_feature=6 15 0 11 11 0 1 1 13 0 11 10 5 8 4 1 0 6 6 11 3 6 9 8 4 4 11 2 4 4
split_gain=0.775181 0.540405 0.759262 0.716321 0.46616 0.454306 0.503009 0.353493 0.333819 0.331575 0.321414 0.457892 0.592818 0.328871 0.350109 0.582268 0.352672 0.437978 0.768337 0.38869 0.314246 0.52145 0.485816 0.400541 0.605195 0.495978 0.449002 0.411245 0.504159 0.54233
threshold=0.0017420350000000001 1.0000000180025095e-35 0.29775600000000008 1.0000000180025095e-35 21.500000000000004 -0.23639949999999996 0.0003675215 0.00045525950000000008 1.5000000000000002 41.517000000000003 11.500000000000002 10.500000000000002 5.2836450000000008 6.8750000000000009 0.0030038350000000003 0.0042618900000000008 5.2154950000000015 0.019866700000000004 0.04844865000000001 17.500000000000004 7.5000000000000009 0.037554100000000007 1675.0000000000002 11.125000000000002 0.047016300000000004 15.669250000000002 12.500000000000002 0.80046450000000013 0.38265000000000005 15.669250000000002
decision_type=2 2 2 2 2 2 2 2 2 2 2 2 2 2 2 2 2 2 2 2 2 2 2 2 2 2 2 2 2 2
left_child=5 3 -3 -2 8 -1 -7 -4 9 10 -5 13 -13 -12 15 -15 17 19 -19 -16 21 23 -23 24 -9 -26 27 -25 -29 -30
right_child=1 2 7 4 -6 6 -8 20 -10 -11 11 12 -14 14 16 -17 -18 18 -20 -21 -22 22 -24 26 25 -27 -28 28 29 -31
leaf_value=3.2173047799382967e-05 -0.0021429483944515339 0.0098374161320959434 0.00077487579939657894 -0.00068134689612190128 -0.0018290723125760902 -0.0015746665535222794 -0.0011060009676333662 0.0007658403936987992 -0.00084379814067895144 0.0079414709247708683 0.0018444686583525471 0.0010654835425414416 -0.0015833927394939473 -0.0014454369226620139 -0.0011161337841234147 0.005412640905619273 -0.0016891992407712351 0.0083638999219459147 -0.0010449776700483988 0.00025960667612553453 -0.0014747800050942715 -0.00050527777343571157 0.010326633814905128 -0.001417574150225559 -0.00068141506811158332 0.0017539994233945904 -0.001566478823513316 -0.0022362070728710408 0.0008957440983454858 -0.00094985219089454339
leaf_weight=91 237 91 60 873 225 458 680 80 186 63 63 63 60 93 194 97 192 81 72 60 167 75 72 70 170 61 107 109 107 75
leaf_count=91 237 91 60 873 225 458 680 80 186 63 63 63 60 93 194 97 192 81 72 60 167 75 72 70 170 61 107 109 107 75
internal_value=-0.00126391 -0.000911124 -5.62713e-05 -0.00132669 -0.00105943 -0.00235557 -0.00262742 -0.000403297 -0.000827374 -0.000630561 -0.000752166 -0.000128206 0.00272358 -0.000539907 -0.000817492 0.00105263 -0.00141069 -0.000577397 0.00153595 -0.00185039 -0.000608418 -0.000248381 0.00248299 -0.000763801 0.000627008 -0.000670997 -0.00168804 -0.000844877 -1.71833e-05 0.00159341
internal_weight=5032 3803 1244 2559 2322 1229 1138 1153 2097 1911 1848 975 123 852 789 190 599 407 153 254 1093 926 147 779 311 231 468 361 291 182
internal_count=5032 3803 1244 2559 2322 1229 1138 1153 2097 1911 1848 975 123 852 789 190 599 407 153 254 1093 926 147 779 311 231 468 361 291 182
is_linear=0
shrinkage=0.05


Tree=56
num_leaves=31
num_cat=0
split_feature=11 14 1 4 13 4 8 0 4 2 2 3 15 7 5 11 4 5 1 1 1 0 9 15 11 4 6 1 7 0
split_gain=0.758098 0.64885 0.589411 0.562418 0.364367 0.551851 0.695538 0.695445 0.623028 0.474586 0.481445 0.647619 0.896095 0.70368 0.451817 0.502345 0.410619 0.54491 0.401555 0.376129 0.381702 0.348545 0.340619 0.39255 0.519701 0.424801 0.28134 0.326491 0.26678 0.296016
threshold=1.0000000180025095e-35 1.0000000180025095e-35 0.00038990100000000006 3.3005550000000006 1.0000000180025095e-35 0.89856950000000013 24.325000000000006 1.2196950000000002 0.0016836400000000001 33.255450000000003 2.8700450000000006 6.5000000000000009 1.0000000180025095e-35 0.056234900000000011 0.72122750000000013 15.500000000000002 7.2341200000000008 5.9961900000000012 0.0019538550000000004 0.0011414800000000003 0.0019823950000000001 2.0249150000000005 600.50000000000011 1.0000000180025095e-35 5.5000000000000009 0.06462865000000001 0.04844865000000001 0.0071385700000000012 0.0021560050000000003 -0.23639949999999996
decision_type=2 2 2 2 2 2 2 2 2 2 2 2 2 2 2 2 2 2 2 2 2 2 2 2 2 2 2 2 2 2
left_child=3 2 28 -1 9 6 7 8 -6 10 14 22 13 -13 15 -4 -7 18 -18 -9 -21 -17 -12 -24 -25 -26 27 -16 29 -2
right_child=1 -3 4 -5 5 16 -8 19 -10 -11 11 12 -14 -15 26 21 17 -19 -20 20 -22 -23 23 24 25 -27 -28 -29 -30 -31
leaf_value=-0.0019145437650187063 -0.0002290088456183986 0.014471108182006979 -0.00062510532952857558 -0.00034855690230643787 -0.00052729156671615983 -0.0016130771268850583 0.0010997911886066482 -0.0014928810538908475 0.0015837313185039616 -0.0027412838139734786 -0.0021954673423094698 0.0012371951793488396 -0.0023495766903641464 0.038485852234868327 -0.001234689768793068 0.0021307696769508363 0.00049441495265910057 -0.0020558589674253389 -0.00076072386772012236 0.00019709877524894489 -0.00080437691615196742 -5.4105657657746002e-05 -0.00046819849345843104 -0.00079565356292990376 -0.00047623515139043809 0.0023935942319996805 -0.0060062247484154348 0.00066160420416048278 -0.00040922055702337151 -0.001391366644535819
leaf_weight=343 71 61 476 131 62 323 88 140 75 116 86 61 64 64 268 82 102 118 115 81 277 139 696 114 61 114 88 62 107 447
leaf_count=343 71 61 476 131 62 323 88 140 75 116 86 61 64 64 268 82 102 118 115 81 277 139 696 114 61 114 88 62 107 447
internal_value=-0.00130366 -0.00110575 -0.00117523 -0.00320675 -0.000945249 -0.00159667 -0.000643155 -0.00122047 0.00193431 -0.000584104 -0.00043158 0.000238094 0.00293651 0.0054 -0.00118834 -0.000408896 -0.00264438 -0.00141791 6.91232e-05 -0.00208835 -0.00122905 0.00156108 -0.000238096 2.53795e-05 0.00157439 0.00328571 -0.00248804 -0.00181818 -0.0026 -0.0030695
internal_weight=5032 4558 4497 474 3872 1381 723 635 137 2491 2375 1260 189 125 1115 697 658 335 217 498 358 221 1071 985 289 175 418 330 625 518
internal_count=5032 4558 4497 474 3872 1381 723 635 137 2491 2375 1260 189 125 1115 697 658 335 217 498 358 221 1071 985 289 175 418 330 625 518
is_linear=0
shrinkage=0.05


Tree=57
num_leaves=31
num_cat=0
split_feature=1 6 9 10 0 0 5 2 9 8 1 9 10 12 8 6 6 7 8 11 9 7 5 9 9 9 8 2 8 9
split_gain=0.770435 0.467587 0.425578 0.474663 0.392299 0.285409 0.273051 0.733134 0.342194 0.580744 0.291952 0.354157 0.281432 0.275289 0.487622 0.602353 0.712926 0.541969 0.431706 0.362247 0.520268 0.334325 0.386538 0.320029 0.302146 0.386703 0.36905 0.330942 0.450697 0.447897
threshold=0.00056336950000000004 0.0068507150000000011 3283.5000000000005 34.500000000000007 2.3633400000000004 -0.23639949999999996 0.0040564750000000012 0.0096538450000000012 600.50000000000011 6.8250000000000011 0.042007900000000008 691.50000000000011 2.5000000000000004 4.5000000000000009 8.9750000000000032 0.0018263750000000001 0.0062810300000000008 -0.0021307949999999996 7.7250000000000005 21.500000000000004 1889.0000000000002 -0.10671299999999999 0.040182100000000005 1801.5000000000002 1436.5000000000002 1280.5000000000002 15.408350000000002 1.3651650000000002 20.775000000000002 2505.5000000000005
decision_type=2 2 2 2 2 2 2 2 2 2 2 2 2 2 2 2 2 2 2 2 2 2 2 2 2 2 2 2 2 2
left_child=1 5 3 6 -4 -1 12 -8 9 -9 11 -10 -2 14 15 -13 17 -17 -18 20 23 -16 -23 -15 25 26 -24 29 -29 -26
right_child=2 -3 4 -5 -6 -7 7 8 10 -11 -12 13 -14 19 21 16 18 -19 -20 -21 -22 22 24 -25 27 -27 -28 28 -30 -31
leaf_value=-0.00023503272512612048 -0.000446742356945898 0.0013227363644888641 4.5481625812957141e-05 -0.0030883968153883781 -0.0018601146683043777 -0.0013471628067617297 0.0012518318685979363 9.5233195530178814e-05 0.00082072938441205771 -0.0016011455081250858 0.011331144855305326 -0.0018710308908204732 -0.0024364720671021501 -0.0010199596392851701 -0.0018670365037104057 0.0003748065335147494 -0.00093588611188054338 0.003100116087902921 0.011259581712289107 -0.0019356668416560905 0.0017021369650655673 0.00094547112762507829 0.00013209692054138588 -0.002944646435563972 -0.0018362423119356972 0.0063531511835545201 -0.0015871411300705887 -0.00059898698216431789 0.00028439904009699778 -0.00033409743624512422
leaf_weight=93 82 81 98 65 254 834 61 72 78 169 81 85 73 710 103 60 129 64 87 111 94 60 169 60 140 82 82 427 361 167
leaf_count=93 82 81 98 65 254 834 61 72 78 169 81 85 73 710 103 60 129 64 87 111 94 60 169 60 140 82 82 427 361 167
internal_value=-0.0012341 -0.00247024 -0.000924454 -0.000765252 -0.00258523 -0.00278857 -0.000688939 -0.000596757 -0.000694487 -0.00251037 -0.000555557 -0.000633758 -0.00274194 -0.000720496 -0.000386906 0.00111765 0.00205882 0.00508064 0.000324073 -0.00141026 -0.00106482 -0.000788813 -0.000598119 -0.00149351 -0.000763307 0.000555554 -0.000418328 -0.00116438 -0.000621829 -0.002557
internal_weight=5032 1008 4024 3672 352 927 3607 3452 3391 241 3150 3069 155 2991 2016 425 340 124 216 975 864 1591 1488 770 1428 333 251 1095 788 307
internal_count=5032 1008 4024 3672 352 927 3607 3452 3391 241 3150 3069 155 2991 2016 425 340 124 216 975 864 1591 1488 770 1428 333 251 1095 788 307
is_linear=0
shrinkage=0.05


end of trees

feature_importances:
atrPctZ=257
atrPct=253
buySellRatio10m=155
dispFromBaseline=145
absorption=135
rvol=128
tokenAgeMin=124
dormancyHours=107
vol10m=106
hourUtc=90
uniqueBuyers10m=59
dayOfWeek=53
tradesInMinute=51
priorEpisodes=35
chainId=24
prior2xEpisodes=18

parameters:
[boosting: gbdt]
[objective: quantile]
[metric: quantile]
[tree_learner: serial]
[device_type: cpu]
[data_sample_strategy: bagging]
[data: ]
[valid: ]
[num_iterations: 600]
[learning_rate: 0.05]
[num_leaves: 31]
[num_threads: 14]
[seed: 0]
[deterministic: 0]
[force_col_wise: 0]
[force_row_wise: 0]
[histogram_pool_size: -1]
[max_depth: -1]
[min_data_in_leaf: 60]
[min_sum_hessian_in_leaf: 0.001]
[bagging_fraction: 1]
[pos_bagging_fraction: 1]
[neg_bagging_fraction: 1]
[bagging_freq: 0]
[bagging_seed: 3]
[bagging_by_query: 0]
[feature_fraction: 1]
[feature_fraction_bynode: 1]
[feature_fraction_seed: 2]
[extra_trees: 0]
[extra_seed: 6]
[early_stopping_round: 0]
[early_stopping_min_delta: 0]
[first_metric_only: 0]
[max_delta_step: 0]
[lambda_l1: 0]
[lambda_l2: 0]
[linear_lambda: 0]
[min_gain_to_split: 0]
[drop_rate: 0.1]
[max_drop: 50]
[skip_drop: 0.5]
[xgboost_dart_mode: 0]
[uniform_drop: 0]
[drop_seed: 4]
[top_rate: 0.2]
[other_rate: 0.1]
[min_data_per_group: 100]
[max_cat_threshold: 32]
[cat_l2: 10]
[cat_smooth: 10]
[max_cat_to_onehot: 4]
[top_k: 20]
[monotone_constraints: ]
[monotone_constraints_method: basic]
[monotone_penalty: 0]
[feature_contri: ]
[forcedsplits_filename: ]
[refit_decay_rate: 0.9]
[cegb_tradeoff: 1]
[cegb_penalty_split: 0]
[cegb_penalty_feature_lazy: ]
[cegb_penalty_feature_coupled: ]
[path_smooth: 0]
[interaction_constraints: ]
[verbosity: -1]
[saved_feature_importance_type: 0]
[use_quantized_grad: 0]
[num_grad_quant_bins: 4]
[quant_train_renew_leaf: 0]
[stochastic_rounding: 1]
[linear_tree: 0]
[max_bin: 255]
[max_bin_by_feature: ]
[min_data_in_bin: 3]
[bin_construct_sample_cnt: 200000]
[data_random_seed: 1]
[is_enable_sparse: 1]
[enable_bundle: 1]
[use_missing: 1]
[zero_as_missing: 0]
[feature_pre_filter: 1]
[pre_partition: 0]
[two_round: 0]
[header: 0]
[label_column: ]
[weight_column: ]
[group_column: ]
[ignore_column: ]
[categorical_feature: ]
[forcedbins_filename: ]
[precise_float_parser: 0]
[parser_config_file: ]
[objective_seed: 5]
[num_class: 1]
[is_unbalance: 0]
[scale_pos_weight: 1]
[sigmoid: 1]
[boost_from_average: 1]
[reg_sqrt: 0]
[alpha: 0.9]
[fair_c: 1]
[poisson_max_delta_step: 0.7]
[tweedie_variance_power: 1.5]
[lambdarank_truncation_level: 30]
[lambdarank_norm: 1]
[label_gain: ]
[lambdarank_position_bias_regularization: 0]
[eval_at: ]
[multi_error_top_k: 1]
[auc_mu_weights: ]
[num_machines: 1]
[local_listen_port: 12400]
[time_out: 120]
[machine_list_filename: ]
[machines: ]
[gpu_platform_id: -1]
[gpu_device_id: -1]
[gpu_device_id_list: ]
[gpu_use_dp: 0]
[num_gpu: 1]

end of parameters

pandas_categorical:[]
